filepath,class_key,class_id,split,source,group_id
test/maize_common_rust/RS_Rust 1652.jpg,maize_common_rust,0,test,plantvillage,maize_common_rust:17
test/maize_common_rust/RS_Rust 1680.jpg,maize_common_rust,0,test,plantvillage,maize_common_rust:23
test/maize_common_rust/RS_Rust 1695.jpg,maize_common_rust,0,test,plantvillage,maize_common_rust:24
test/maize_common_rust/RS_Rust 1697.jpg,maize_common_rust,0,test,plantvillage,maize_common_rust:26
test/maize_common_rust/RS_Rust 1772.jpg,maize_common_rust,0,test,plantvillage,maize_common_rust:39
test/maize_common_rust/RS_Rust 1776.jpg,maize_common_rust,0,test,plantvillage,maize_common_rust:41
test/maize_common_rust/RS_Rust 1803.jpg,maize_common_rust,0,test,plantvillage,maize_common_rust:43
test/maize_common_rust/RS_Rust 1867.jpg,maize_common_rust,0,test,plantvillage,maize_common_rust:53
test/maize_common_rust/RS_Rust 1879.jpg,maize_common_rust,0,test,plantvillage,maize_common_rust:57
test/maize_common_rust/RS_Rust 1886.jpg,maize_common_rust,0,test,plantvillage,maize_common_rust:58
test/maize_common_rust/RS_Rust 1962.jpg,maize_common_rust,0,test,plantvillage,maize_common_rust:69
test/maize_common_rust/RS_Rust 1995.jpg,maize_common_rust,0,test,plantvillage,maize_common_rust:75
test/maize_common_rust/RS_Rust 2017.jpg,maize_common_rust,0,test,plantvillage,maize_common_rust:83
test/maize_common_rust/RS_Rust 2051.jpg,maize_common_rust,0,test,plantvillage,maize_common_rust:92
test/maize_common_rust/RS_Rust 2071.jpg,maize_common_rust,0,test,plantvillage,maize_common_rust:96
test/maize_common_rust/RS_Rust 2095.jpg,maize_common_rust,0,test,plantvillage,maize_common_rust:101
test/maize_common_rust/RS_Rust 2106.jpg,maize_common_rust,0,test,plantvillage,maize_common_rust:107
test/maize_common_rust/RS_Rust 2111.jpg,maize_common_rust,0,test,plantvillage,maize_common_rust:108
test/maize_common_rust/RS_Rust 2135.jpg,maize_common_rust,0,test,plantvillage,maize_common_rust:117
test/maize_common_rust/RS_Rust 2214.jpg,maize_common_rust,0,test,plantvillage,maize_common_rust:129
test/maize_common_rust/RS_Rust 2252.jpg,maize_common_rust,0,test,plantvillage,maize_common_rust:139
test/maize_common_rust/RS_Rust 2266.jpg,maize_common_rust,0,test,plantvillage,maize_common_rust:143
test/maize_common_rust/RS_Rust 2304.jpg,maize_common_rust,0,test,plantvillage,maize_common_rust:150
test/maize_common_rust/RS_Rust 2321.jpg,maize_common_rust,0,test,plantvillage,maize_common_rust:156
test/maize_common_rust/RS_Rust 2350.jpg,maize_common_rust,0,test,plantvillage,maize_common_rust:163
test/maize_common_rust/RS_Rust 2375.jpg,maize_common_rust,0,test,plantvillage,maize_common_rust:166
test/maize_common_rust/RS_Rust 2463.jpg,maize_common_rust,0,test,plantvillage,maize_common_rust:177
test/maize_common_rust/RS_Rust 2525.jpg,maize_common_rust,0,test,plantvillage,maize_common_rust:189
test/maize_common_rust/RS_Rust 2540.jpg,maize_common_rust,0,test,plantvillage,maize_common_rust:194
test/maize_common_rust/RS_Rust 2566.jpg,maize_common_rust,0,test,plantvillage,maize_common_rust:197
test/maize_common_rust/RS_Rust 2606.jpg,maize_common_rust,0,test,plantvillage,maize_common_rust:210
test/maize_common_rust/RS_Rust 2624.jpg,maize_common_rust,0,test,plantvillage,maize_common_rust:216
test/maize_common_rust/RS_Rust 2646.jpg,maize_common_rust,0,test,plantvillage,maize_common_rust:218
test/maize_common_rust/RS_Rust 2692.jpg,maize_common_rust,0,test,plantvillage,maize_common_rust:222
test/maize_common_rust/RS_Rust 2694.jpg,maize_common_rust,0,test,plantvillage,maize_common_rust:223
test/maize_common_rust/RS_Rust 2727.jpg,maize_common_rust,0,test,plantvillage,maize_common_rust:229
test/maize_healthy/01c3bf88-d315-42a3-8fa1-fc80a05c97f1___R.S_HL 8189 copy.jpg,maize_healthy,1,test,plantvillage,maize_healthy:0
test/maize_healthy/06ebb8a5-b811-465a-923b-849b27969bad___R.S_HL 0632 copy 5.jpg,maize_healthy,1,test,plantvillage,maize_healthy:3
test/maize_healthy/0f6d1e23-9ac3-4d2d-bd32-9b0cb91bf4e3___R.S_HL 0625 copy.jpg,maize_healthy,1,test,plantvillage,maize_healthy:12
test/maize_healthy/1003bded-8167-4819-a1d8-627449fe7781___R.S_HL 7991 copy 2.jpg,maize_healthy,1,test,plantvillage,maize_healthy:14
test/maize_healthy/193e6262-e589-4f7d-93b8-c707368ee3b0___R.S_HL 8262 copy.jpg,maize_healthy,1,test,plantvillage,maize_healthy:25
test/maize_healthy/28469ee6-51f6-4e41-b625-fbb7c169b02a___R.S_HL 5534 copy 2.jpg,maize_healthy,1,test,plantvillage,maize_healthy:42
test/maize_healthy/2af59ffa-49d7-4c0f-963c-d7b8a0dbd852___R.S_HL 8122 copy.jpg,maize_healthy,1,test,plantvillage,maize_healthy:47
test/maize_healthy/3deca79b-004d-4d83-9e97-25523e492f68___R.S_HL 8265 copy.jpg,maize_healthy,1,test,plantvillage,maize_healthy:61
test/maize_healthy/3eb884a5-e02f-4f39-b406-977e49ce1957___R.S_HL 8209 copy.jpg,maize_healthy,1,test,plantvillage,maize_healthy:63
test/maize_healthy/40e5e314-1484-40c0-8297-3efde6fb5e89___R.S_HL 0613 copy.jpg,maize_healthy,1,test,plantvillage,maize_healthy:66
test/maize_healthy/5c4c7615-f758-4dfd-a277-1dc94aa94a95___R.S_HL 8343 copy.jpg,maize_healthy,1,test,plantvillage,maize_healthy:90
test/maize_healthy/690aa499-e65c-42a5-ac1a-2eeebeb9ee9f___R.S_HL 5554 copy 2.jpg,maize_healthy,1,test,plantvillage,maize_healthy:104
test/maize_healthy/6a380e65-c86d-44a4-a9d9-91ee9ab8cd69___R.S_HL 8124 copy 2.jpg,maize_healthy,1,test,plantvillage,maize_healthy:107
test/maize_healthy/6e32f66d-c54c-4df4-9894-e7aa3ff748d9___R.S_HL 0620 copy 2.jpg,maize_healthy,1,test,plantvillage,maize_healthy:113
test/maize_healthy/76384c2b-bc52-4237-b6ca-0c7b34099ea8___R.S_HL 8215 copy 2.jpg,maize_healthy,1,test,plantvillage,maize_healthy:116
test/maize_healthy/79548859-be87-4f81-b6db-62fbd2505b9c___R.S_HL 7916 copy 2.jpg,maize_healthy,1,test,plantvillage,maize_healthy:118
test/maize_healthy/799436ad-dbb3-4019-b150-db9e005a03a8___R.S_HL 5502 copy 2.jpg,maize_healthy,1,test,plantvillage,maize_healthy:119
test/maize_healthy/7e705f3a-846b-4815-bb4a-99c7024030ab___R.S_HL 7989 copy.jpg,maize_healthy,1,test,plantvillage,maize_healthy:123
test/maize_healthy/82bee6cc-67db-4e6c-a430-30791dfc0c60___R.S_HL 0629 copy.jpg,maize_healthy,1,test,plantvillage,maize_healthy:128
test/maize_healthy/959b7332-37bc-4e70-8639-77e9089892a1___R.S_HL 8322 copy.jpg,maize_healthy,1,test,plantvillage,maize_healthy:137
test/maize_healthy/9b89434d-522e-49de-9587-80055bef7a7d___R.S_HL 0609.jpg,maize_healthy,1,test,plantvillage,maize_healthy:142
test/maize_healthy/9fcbdd37-3bc2-44b1-aa8a-08a1f85ea5bf___R.S_HL 0606 copy 2.jpg,maize_healthy,1,test,plantvillage,maize_healthy:147
test/maize_healthy/a69fb110-6abc-4025-b22a-9ce26e02a4e4___R.S_HL 7961 copy 3.jpg,maize_healthy,1,test,plantvillage,maize_healthy:155
test/maize_healthy/bc45e1c9-7937-4fe6-9601-371df46a60da___R.S_HL 8025 copy 2.jpg,maize_healthy,1,test,plantvillage,maize_healthy:172
test/maize_healthy/bea3239f-b794-42ee-bc3b-249fa2a53669___R.S_HL 8100 copy.jpg,maize_healthy,1,test,plantvillage,maize_healthy:175
test/maize_healthy/c7356006-ca58-4bfd-acb1-5ccd6dbf9d4b___R.S_HL 8310 copy 2.jpg,maize_healthy,1,test,plantvillage,maize_healthy:182
test/maize_healthy/caf84ecd-be68-434b-8a0c-86cdccd4eb94___R.S_HL 8036 copy.jpg,maize_healthy,1,test,plantvillage,maize_healthy:185
test/maize_healthy/cb4cd602-6771-45f2-9235-6e6590707998___R.S_HL 7896 copy.jpg,maize_healthy,1,test,plantvillage,maize_healthy:187
test/maize_healthy/cfa7d11e-1df2-4e9f-a90d-1feb1bbdb55d___R.S_HL 7895 copy 2.jpg,maize_healthy,1,test,plantvillage,maize_healthy:192
test/maize_healthy/db9acaef-81ac-43d5-9cc2-74ca5182726a___R.S_HL 8318 copy.jpg,maize_healthy,1,test,plantvillage,maize_healthy:200
test/maize_healthy/e2b6e2e6-4b4a-46be-8459-153661e95d35___R.S_HL 5535 copy.jpg,maize_healthy,1,test,plantvillage,maize_healthy:207
test/maize_healthy/e6a2fef5-35f9-4583-be40-ea0a89a43bad___R.S_HL 8128 copy 2.jpg,maize_healthy,1,test,plantvillage,maize_healthy:213
test/maize_healthy/e753f9e0-cfa5-482f-a361-ab3ad2ab151e___R.S_HL 7921 copy 2.jpg,maize_healthy,1,test,plantvillage,maize_healthy:216
test/maize_healthy/ef21bc27-7f69-4eba-87e2-6b1f348cc846___R.S_HL 8279 copy.jpg,maize_healthy,1,test,plantvillage,maize_healthy:221
test/maize_healthy/f73f38b8-0938-44f2-a229-6baa3114fe40___R.S_HL 0630 copy 3.jpg,maize_healthy,1,test,plantvillage,maize_healthy:226
test/pepper_bacterial_spot/11e6ce0a-8511-485a-b22c-21b978d28e5e___JR_B.Spot 3383.jpg,pepper_bacterial_spot,2,test,plantvillage,pepper_bacterial_spot:11
test/pepper_bacterial_spot/17557939-f9e2-435a-a4e7-f4d3cff8aa8b___JR_B.Spot 3107.jpg,pepper_bacterial_spot,2,test,plantvillage,pepper_bacterial_spot:17
test/pepper_bacterial_spot/1cb295da-e568-4168-a29c-48ab980f3772___NREC_B.Spot 9250.jpg,pepper_bacterial_spot,2,test,plantvillage,pepper_bacterial_spot:21
test/pepper_bacterial_spot/21556c18-1833-43a9-86b2-8e7130b4dbce___JR_B.Spot 3230.jpg,pepper_bacterial_spot,2,test,plantvillage,pepper_bacterial_spot:25
test/pepper_bacterial_spot/28f23e77-e556-40c8-8bc2-835227732de2___JR_B.Spot 8848.jpg,pepper_bacterial_spot,2,test,plantvillage,pepper_bacterial_spot:31
test/pepper_bacterial_spot/2becae93-578d-44c6-8e74-056e59d15c8e___JR_B.Spot 3396.jpg,pepper_bacterial_spot,2,test,plantvillage,pepper_bacterial_spot:32
test/pepper_bacterial_spot/37fbacb5-ed9d-48f2-bf19-37656ff7c317___JR_B.Spot 3307.jpg,pepper_bacterial_spot,2,test,plantvillage,pepper_bacterial_spot:39
test/pepper_bacterial_spot/3b58322b-64c3-4354-8612-93a6f50a096e___JR_B.Spot 3291.jpg,pepper_bacterial_spot,2,test,plantvillage,pepper_bacterial_spot:42
test/pepper_bacterial_spot/50e6a99b-97a6-4f91-bb0d-b82e11e3f482___NREC_B.Spot 9195.jpg,pepper_bacterial_spot,2,test,plantvillage,pepper_bacterial_spot:66
test/pepper_bacterial_spot/51f564c9-28a3-4352-960c-9d88445d36d9___NREC_B.Spot 1794.jpg,pepper_bacterial_spot,2,test,plantvillage,pepper_bacterial_spot:67
test/pepper_bacterial_spot/6053bc44-28f5-48db-b21b-df8c16351222___JR_B.Spot 3173.jpg,pepper_bacterial_spot,2,test,plantvillage,pepper_bacterial_spot:79
test/pepper_bacterial_spot/61ec5d27-b456-4164-9bb2-71443e542775___JR_B.Spot 8843.jpg,pepper_bacterial_spot,2,test,plantvillage,pepper_bacterial_spot:80
test/pepper_bacterial_spot/64c23fb9-51a0-4690-bed5-47ab3af8c294___JR_B.Spot 9072.jpg,pepper_bacterial_spot,2,test,plantvillage,pepper_bacterial_spot:84
test/pepper_bacterial_spot/66dc5b26-4643-4c8b-a95b-d273ead3672b___JR_B.Spot 3191.jpg,pepper_bacterial_spot,2,test,plantvillage,pepper_bacterial_spot:89
test/pepper_bacterial_spot/71910a98-a735-4f6d-bd6b-117845ed0ad6___JR_B.Spot 3282.jpg,pepper_bacterial_spot,2,test,plantvillage,pepper_bacterial_spot:93
test/pepper_bacterial_spot/7882ce4f-9820-4e9f-978f-ccd7d1c75e16___NREC_B.Spot 1968.jpg,pepper_bacterial_spot,2,test,plantvillage,pepper_bacterial_spot:96
test/pepper_bacterial_spot/78bed62c-8645-4956-a9c0-c6709e254a43___JR_B.Spot 3099.jpg,pepper_bacterial_spot,2,test,plantvillage,pepper_bacterial_spot:97
test/pepper_bacterial_spot/7b3f55a2-eeeb-4a88-98dd-f065ea4a777f___JR_B.Spot 3212.jpg,pepper_bacterial_spot,2,test,plantvillage,pepper_bacterial_spot:102
test/pepper_bacterial_spot/7beb562a-e1b0-40a2-8b44-fd892051da87___JR_B.Spot 8989.jpg,pepper_bacterial_spot,2,test,plantvillage,pepper_bacterial_spot:103
test/pepper_bacterial_spot/8f9dedbd-e4c2-4bbb-b9c4-efb8d61bddc2___NREC_B.Spot 1882.jpg,pepper_bacterial_spot,2,test,plantvillage,pepper_bacterial_spot:113
test/pepper_bacterial_spot/a6f6100d-4655-4b8c-82e0-d9c827d4350b___JR_B.Spot 3377.jpg,pepper_bacterial_spot,2,test,plantvillage,pepper_bacterial_spot:133
test/pepper_bacterial_spot/b1c60a36-0aa1-4051-8dfe-db3ab7feeb39___JR_B.Spot 3406.jpg,pepper_bacterial_spot,2,test,plantvillage,pepper_bacterial_spot:143
test/pepper_bacterial_spot/b84f038e-0823-4ed9-a96e-47bb8e628dd0___JR_B.Spot 3309.jpg,pepper_bacterial_spot,2,test,plantvillage,pepper_bacterial_spot:147
test/pepper_bacterial_spot/ba89789a-d506-48d5-964b-41f5815d46b1___JR_B.Spot 3352.jpg,pepper_bacterial_spot,2,test,plantvillage,pepper_bacterial_spot:151
test/pepper_bacterial_spot/bcf56f7d-d584-4fed-b42e-5cbf3b8707b7___JR_B.Spot 3197.jpg,pepper_bacterial_spot,2,test,plantvillage,pepper_bacterial_spot:152
test/pepper_bacterial_spot/c8080916-dd9d-40c4-a39b-1957ebd17b87___NREC_B.Spot 9115.jpg,pepper_bacterial_spot,2,test,plantvillage,pepper_bacterial_spot:160
test/pepper_bacterial_spot/cb6eba3e-5837-470a-b6cd-75721d7a5865___NREC_B.Spot 1806.jpg,pepper_bacterial_spot,2,test,plantvillage,pepper_bacterial_spot:162
test/pepper_bacterial_spot/e1a8a7b1-5e9a-4da0-a894-9d83821b0d01___NREC_B.Spot 9170.jpg,pepper_bacterial_spot,2,test,plantvillage,pepper_bacterial_spot:175
test/pepper_bacterial_spot/f04c0c6c-ac82-4ac1-abbb-336630ea6363___JR_B.Spot 3129.jpg,pepper_bacterial_spot,2,test,plantvillage,pepper_bacterial_spot:190
test/pepper_bacterial_spot/f815ab23-815d-4e3a-8ebf-47d9084645cc___NREC_B.Spot 1869.jpg,pepper_bacterial_spot,2,test,plantvillage,pepper_bacterial_spot:194
test/pepper_healthy/0b796b7a-dfc8-47f7-9970-8373263c6408___JR_HL 5948.jpg,pepper_healthy,3,test,plantvillage,pepper_healthy:13
test/pepper_healthy/0f56ffda-5d57-4a61-8f7f-37f22a02520a___JR_HL 8589.jpg,pepper_healthy,3,test,plantvillage,pepper_healthy:19
test/pepper_healthy/1091d6d7-6767-4643-897e-3637df768172___JR_HL 8111.jpg,pepper_healthy,3,test,plantvillage,pepper_healthy:20
test/pepper_healthy/15e3f3e1-3925-436c-9fbc-7076986978b1___JR_HL 8140.jpg,pepper_healthy,3,test,plantvillage,pepper_healthy:25
test/pepper_healthy/41b94c99-7063-42dc-9ce7-22ff087317e9___JR_HL 7696.jpg,pepper_healthy,3,test,plantvillage,pepper_healthy:69
test/pepper_healthy/447aa7fa-b251-4687-a25d-bf314eaf3f7e___JR_HL 8063.jpg,pepper_healthy,3,test,plantvillage,pepper_healthy:71
test/pepper_healthy/47c2ad4e-4eca-4597-9784-c3d99444bf29___JR_HL 8450.jpg,pepper_healthy,3,test,plantvillage,pepper_healthy:77
test/pepper_healthy/49fe17e3-29c6-4619-9312-290858cb78be___JR_HL 7598.jpg,pepper_healthy,3,test,plantvillage,pepper_healthy:82
test/pepper_healthy/5a91d465-2042-46de-8940-dfde77038e60___JR_HL 8793.jpg,pepper_healthy,3,test,plantvillage,pepper_healthy:94
test/pepper_healthy/5b415704-c5f6-4d94-9ab9-29340b7a3b8f___JR_HL 5971.jpg,pepper_healthy,3,test,plantvillage,pepper_healthy:97
test/pepper_healthy/5f6fca00-3b9a-4f8d-bc53-36ada4085c0a___JR_HL 5832.jpg,pepper_healthy,3,test,plantvillage,pepper_healthy:101
test/pepper_healthy/60006156-5cb7-4bae-ad51-8e4a3401e298___JR_HL 7848.jpg,pepper_healthy,3,test,plantvillage,pepper_healthy:102
test/pepper_healthy/62252889-3c0e-46ce-b196-b505e78dc810___JR_HL 7584.jpg,pepper_healthy,3,test,plantvillage,pepper_healthy:107
test/pepper_healthy/636b11a4-ccc6-496a-923e-72f6332a91b1___JR_HL 8405.jpg,pepper_healthy,3,test,plantvillage,pepper_healthy:108
test/pepper_healthy/6506ee29-4743-4023-a584-17c40b4e45a0___JR_HL 7827.jpg,pepper_healthy,3,test,plantvillage,pepper_healthy:110
test/pepper_healthy/650a5f9b-7a57-46fd-a18a-844bb03bdf80___JR_HL 6013.jpg,pepper_healthy,3,test,plantvillage,pepper_healthy:111
test/pepper_healthy/6e418c92-e6e2-46c9-b1fb-96f3e87c2bb2___JR_HL 8616.jpg,pepper_healthy,3,test,plantvillage,pepper_healthy:117
test/pepper_healthy/6e9949e7-6036-4db1-a3a7-e9b78097146f___JR_HL 5964.jpg,pepper_healthy,3,test,plantvillage,pepper_healthy:118
test/pepper_healthy/735e7dff-5438-4c3f-be1a-129882228f64___JR_HL 8336.jpg,pepper_healthy,3,test,plantvillage,pepper_healthy:122
test/pepper_healthy/74757941-c844-4b45-9eb5-b8cf04cb779d___JR_HL 5842.jpg,pepper_healthy,3,test,plantvillage,pepper_healthy:124
test/pepper_healthy/7b3b16d2-e0d2-4c91-acc1-3778b3b99ea9___JR_HL 8095.jpg,pepper_healthy,3,test,plantvillage,pepper_healthy:136
test/pepper_healthy/7b6f5f09-cea5-4b1c-91c7-18207527c837___JR_HL 8652.jpg,pepper_healthy,3,test,plantvillage,pepper_healthy:137
test/pepper_healthy/83734876-b617-43cb-8407-8831496ac4cf___JR_HL 8796.jpg,pepper_healthy,3,test,plantvillage,pepper_healthy:147
test/pepper_healthy/83825263-0e8f-4e27-a6e2-b432323efe49___JR_HL 7593.jpg,pepper_healthy,3,test,plantvillage,pepper_healthy:148
test/pepper_healthy/961610a9-e440-4e41-960f-386f1c7cf1ec___JR_HL 8488.jpg,pepper_healthy,3,test,plantvillage,pepper_healthy:165
test/pepper_healthy/964b9fb3-8919-4a08-967d-ae652d1d4bd7___JR_HL 8285.jpg,pepper_healthy,3,test,plantvillage,pepper_healthy:166
test/pepper_healthy/9d98fc3b-9583-41d2-84e5-80689499f1c8___JR_HL 7913.jpg,pepper_healthy,3,test,plantvillage,pepper_healthy:171
test/pepper_healthy/9e491fe1-571a-4296-bfca-a8d85b51dcf6___JR_HL 8524.jpg,pepper_healthy,3,test,plantvillage,pepper_healthy:172
test/pepper_healthy/a38c002b-d0ed-4d5b-9b00-828665e3bebf___JR_HL 8705.jpg,pepper_healthy,3,test,plantvillage,pepper_healthy:179
test/pepper_healthy/a6df86ad-1d11-43f3-9a71-7aa4a9c35b8b___JR_HL 8272.jpg,pepper_healthy,3,test,plantvillage,pepper_healthy:187
test/pepper_healthy/ae016efb-ee4a-457c-8e91-788ddbbdaee4___JR_HL 7715.jpg,pepper_healthy,3,test,plantvillage,pepper_healthy:200
test/pepper_healthy/b3b3fd1a-5783-403a-bab2-8567c66fa0df___JR_HL 8827.jpg,pepper_healthy,3,test,plantvillage,pepper_healthy:206
test/pepper_healthy/b9857b11-defc-472d-9775-95be585284f8___JR_HL 7707.jpg,pepper_healthy,3,test,plantvillage,pepper_healthy:212
test/pepper_healthy/bc388512-fc59-4069-bae0-05faca671d1e___JR_HL 8362.jpg,pepper_healthy,3,test,plantvillage,pepper_healthy:215
test/pepper_healthy/d009f25f-266f-4369-b6d1-11e5fea7a08f___JR_HL 7816.jpg,pepper_healthy,3,test,plantvillage,pepper_healthy:240
test/pepper_healthy/d15d99e1-1f77-4c74-ae6a-4db663e00f39___JR_HL 5959.jpg,pepper_healthy,3,test,plantvillage,pepper_healthy:243
test/pepper_healthy/d37f4830-1504-4052-b4ec-501d170d3e83___JR_HL 8107.jpg,pepper_healthy,3,test,plantvillage,pepper_healthy:245
test/pepper_healthy/dbced313-fc2a-4780-bf86-b50d1934580c___JR_HL 7565.jpg,pepper_healthy,3,test,plantvillage,pepper_healthy:253
test/pepper_healthy/dddbe84f-16f2-42ba-ab89-1b3aad6b9658___JR_HL 7590.jpg,pepper_healthy,3,test,plantvillage,pepper_healthy:255
test/pepper_healthy/df911e7c-0200-4e05-9076-6c40141bcbab___JR_HL 8273.jpg,pepper_healthy,3,test,plantvillage,pepper_healthy:261
test/pepper_healthy/e5492788-1625-4143-bd13-99a075603fd5___JR_HL 8224.jpg,pepper_healthy,3,test,plantvillage,pepper_healthy:266
test/pepper_healthy/e57adc99-0329-4dd4-96b7-0bb087c020cb___JR_HL 8706.jpg,pepper_healthy,3,test,plantvillage,pepper_healthy:267
test/pepper_healthy/ed4e6505-3d77-457f-af9a-085ffa0a8d94___JR_HL 8713.jpg,pepper_healthy,3,test,plantvillage,pepper_healthy:270
test/pepper_healthy/ff42d153-cf08-4582-93b7-c97ac740331a___JR_HL 8531.jpg,pepper_healthy,3,test,plantvillage,pepper_healthy:291
test/potato_early_blight/07953ca1-8935-449f-b338-4357ed683b2d___RS_Early.B 6815.jpg,potato_early_blight,4,test,plantvillage,potato_early_blight:6
test/potato_early_blight/16a6f216-6d2a-48fe-b8bc-ff385c96d0d3___RS_Early.B 7220.jpg,potato_early_blight,4,test,plantvillage,potato_early_blight:18
test/potato_early_blight/232c8d25-3bfe-41ea-b24f-2b3629a0253a___RS_Early.B 9200.jpg,potato_early_blight,4,test,plantvillage,potato_early_blight:26
test/potato_early_blight/2dc9baab-663f-4f09-a0a4-7c07edfb4c42___RS_Early.B 6866.jpg,potato_early_blight,4,test,plantvillage,potato_early_blight:31
test/potato_early_blight/3a314933-9e92-4c90-acc2-656a04c591e7___RS_Early.B 8906.jpg,potato_early_blight,4,test,plantvillage,potato_early_blight:44
test/potato_early_blight/3ebc2af4-fe74-4918-b46f-09ec268884ef___RS_Early.B 7856.jpg,potato_early_blight,4,test,plantvillage,potato_early_blight:48
test/potato_early_blight/5cb0b99b-2e14-43b3-aa51-51a7ce668793___RS_Early.B 7455.jpg,potato_early_blight,4,test,plantvillage,potato_early_blight:68
test/potato_early_blight/5fd6c76a-1e89-4991-9991-2b61670d5175___RS_Early.B 8208.jpg,potato_early_blight,4,test,plantvillage,potato_early_blight:69
test/potato_early_blight/61f4f7c5-cebe-471a-9be9-b595255b7fb4___RS_Early.B 7029.jpg,potato_early_blight,4,test,plantvillage,potato_early_blight:70
test/potato_early_blight/68662e76-300e-49f6-8467-27dd63aa18ed___RS_Early.B 7163.jpg,potato_early_blight,4,test,plantvillage,potato_early_blight:77
test/potato_early_blight/6b8024be-e45f-459f-9817-8d6fb0dda89a___RS_Early.B 6904.jpg,potato_early_blight,4,test,plantvillage,potato_early_blight:78
test/potato_early_blight/6dfdd5be-0999-4a5c-a35d-c760043fec23___RS_Early.B 8701.jpg,potato_early_blight,4,test,plantvillage,potato_early_blight:79
test/potato_early_blight/73273541-2855-4516-92c3-658703bd2d18___RS_Early.B 6814.jpg,potato_early_blight,4,test,plantvillage,potato_early_blight:82
test/potato_early_blight/90d47c2a-c84e-498c-b30d-f368e75611a7___RS_Early.B 7778.jpg,potato_early_blight,4,test,plantvillage,potato_early_blight:102
test/potato_early_blight/91721448-8786-49f6-a66d-d410fe714676___RS_Early.B 7725.jpg,potato_early_blight,4,test,plantvillage,potato_early_blight:104
test/potato_early_blight/91a21acf-c95a-4ffc-90f2-8c64456f4032___RS_Early.B 7139.jpg,potato_early_blight,4,test,plantvillage,potato_early_blight:105
test/potato_early_blight/9bc2ecbb-4a3c-43be-80ce-c6ac77e4b498___RS_Early.B 7145.jpg,potato_early_blight,4,test,plantvillage,potato_early_blight:113
test/potato_early_blight/a0d8a499-e9e4-4c88-829c-7c2270073735___RS_Early.B 8525.jpg,potato_early_blight,4,test,plantvillage,potato_early_blight:116
test/potato_early_blight/a2fe15c2-1900-4fbd-9e69-771b1693cc68___RS_Early.B 7398.jpg,potato_early_blight,4,test,plantvillage,potato_early_blight:118
test/potato_early_blight/b09e0cba-0564-4dde-a90d-3c0d90d6336e___RS_Early.B 7776.jpg,potato_early_blight,4,test,plantvillage,potato_early_blight:126
test/potato_early_blight/b6220993-c51f-48fa-bee9-fb5cb89cc0c4___RS_Early.B 7467.jpg,potato_early_blight,4,test,plantvillage,potato_early_blight:137
test/potato_early_blight/beb20b26-07f9-4215-8264-dca1283514ac___RS_Early.B 7644.jpg,potato_early_blight,4,test,plantvillage,potato_early_blight:145
test/potato_early_blight/c30ce1e1-5f05-4cb7-a95a-f22d3621c54f___RS_Early.B 6964.jpg,potato_early_blight,4,test,plantvillage,potato_early_blight:147
test/potato_early_blight/c3ce9bae-e62a-4dd9-afa0-f020c48b87cc___RS_Early.B 6704.jpg,potato_early_blight,4,test,plantvillage,potato_early_blight:149
test/potato_early_blight/c5cb3e89-f00f-4032-80ca-eb39bead0796___RS_Early.B 8645.jpg,potato_early_blight,4,test,plantvillage,potato_early_blight:153
test/potato_early_blight/db60c4cf-30f1-460c-a345-3045f192f725___RS_Early.B 6722.jpg,potato_early_blight,4,test,plantvillage,potato_early_blight:171
test/potato_early_blight/dbe05365-9166-45f7-94cf-cefca787215a___RS_Early.B 9144.jpg,potato_early_blight,4,test,plantvillage,potato_early_blight:172
test/potato_early_blight/dc6516c4-a74c-465f-85a1-55608ee518da___RS_Early.B 8843.jpg,potato_early_blight,4,test,plantvillage,potato_early_blight:173
test/potato_early_blight/e00d7014-a909-4d98-892b-da96a2be9a2e___RS_Early.B 7535.jpg,potato_early_blight,4,test,plantvillage,potato_early_blight:178
test/potato_early_blight/ec9ea109-34c7-48c5-bbac-40a36b21fa05___RS_Early.B 8761.jpg,potato_early_blight,4,test,plantvillage,potato_early_blight:185
test/potato_healthy/144d2475-21ab-4bdc-a67c-9672a9b711e6___RS_HL 5376.jpg,potato_healthy,5,test,plantvillage,potato_healthy:1
test/potato_healthy/d227e4c8-e203-4aa4-b813-25b96baa2869___RS_HL 1831.jpg,potato_healthy,5,test,plantvillage,potato_healthy:24
test/potato_healthy/de9a8669-d437-40f0-aa56-fe2d8276a1e0___RS_HL 1910.jpg,potato_healthy,5,test,plantvillage,potato_healthy:26
test/potato_healthy/f5bd2732-197b-4d8e-bb50-a4966dc416f5___RS_HL 1840.jpg,potato_healthy,5,test,plantvillage,potato_healthy:29
test/potato_late_blight/0acdc2b2-0dde-4073-8542-6fca275ab974___RS_LB 4857.jpg,potato_late_blight,6,test,plantvillage,potato_late_blight:8
test/potato_late_blight/12d72127-7880-4481-b3c6-caff04116a86___RS_LB 2632.jpg,potato_late_blight,6,test,plantvillage,potato_late_blight:10
test/potato_late_blight/227f2f04-4d59-48d9-958d-5cccc70d3f2b___RS_LB 2772.jpg,potato_late_blight,6,test,plantvillage,potato_late_blight:23
test/potato_late_blight/28cbad12-8d41-4d36-a6df-db0d35ee1ce0___RS_LB 2922.jpg,potato_late_blight,6,test,plantvillage,potato_late_blight:27
test/potato_late_blight/2ea232e4-2e94-426f-b86f-8bc5861f334f___RS_LB 4757.jpg,potato_late_blight,6,test,plantvillage,potato_late_blight:37
test/potato_late_blight/3112e625-f1d9-428b-a77e-23c6f28e44f8___RS_LB 3035.jpg,potato_late_blight,6,test,plantvillage,potato_late_blight:40
test/potato_late_blight/31d61797-f3dd-4452-8db9-cdfd8be9ebf2___RS_LB 4823.jpg,potato_late_blight,6,test,plantvillage,potato_late_blight:43
test/potato_late_blight/38d82b6e-16ec-4ac6-b42f-29ff524b4e43___RS_LB 5269.jpg,potato_late_blight,6,test,plantvillage,potato_late_blight:50
test/potato_late_blight/489107b2-13f2-401b-b931-39ca7fd4be2b___RS_LB 2665.jpg,potato_late_blight,6,test,plantvillage,potato_late_blight:59
test/potato_late_blight/4ce7142d-29a5-4fa0-8559-f9a2e6a3f62d___RS_LB 3189.jpg,potato_late_blight,6,test,plantvillage,potato_late_blight:64
test/potato_late_blight/4d213f48-e73a-45bf-badd-ead51dda60b4___RS_LB 2981.jpg,potato_late_blight,6,test,plantvillage,potato_late_blight:65
test/potato_late_blight/57a137da-7424-4a9d-9e28-bce63decbdcf___RS_LB 2761.jpg,potato_late_blight,6,test,plantvillage,potato_late_blight:69
test/potato_late_blight/60463ced-752c-4af3-9082-1de380c572e4___RS_LB 2580.jpg,potato_late_blight,6,test,plantvillage,potato_late_blight:73
test/potato_late_blight/6522615a-cbe1-4770-a137-25a2c081e1d9___RS_LB 2917.jpg,potato_late_blight,6,test,plantvillage,potato_late_blight:75
test/potato_late_blight/76bea797-306c-4fc5-a868-69394fed05d4___RS_LB 2900.jpg,potato_late_blight,6,test,plantvillage,potato_late_blight:86
test/potato_late_blight/782bc9dd-286b-46ee-b896-fa5520f57b0c___RS_LB 4408.jpg,potato_late_blight,6,test,plantvillage,potato_late_blight:88
test/potato_late_blight/794fae1d-55b2-4275-8fce-174728963813___RS_LB 2841.jpg,potato_late_blight,6,test,plantvillage,potato_late_blight:90
test/potato_late_blight/82e0f1d2-e996-427b-9216-6b46aedbc07f___RS_LB 4880.jpg,potato_late_blight,6,test,plantvillage,potato_late_blight:96
test/potato_late_blight/8cd26c99-237b-4910-98ae-3e930c760f56___RS_LB 4061.jpg,potato_late_blight,6,test,plantvillage,potato_late_blight:101
test/potato_late_blight/929dd251-5fbb-406f-9313-a71e5f96b31c___RS_LB 4781.jpg,potato_late_blight,6,test,plantvillage,potato_late_blight:106
test/potato_late_blight/a904edc1-4c4d-4171-a46e-ae914010884b___RS_LB 4373.jpg,potato_late_blight,6,test,plantvillage,potato_late_blight:127
test/potato_late_blight/be6b5fab-c3de-4d33-b7fc-87bf794d8705___RS_LB 4850.jpg,potato_late_blight,6,test,plantvillage,potato_late_blight:140
test/potato_late_blight/c4c1c25f-0594-4c81-a1e0-a609ee1f0808___RS_LB 2653.jpg,potato_late_blight,6,test,plantvillage,potato_late_blight:144
test/potato_late_blight/c7982d1f-7472-44ba-a39d-76085c4d90cd___RS_LB 3072.jpg,potato_late_blight,6,test,plantvillage,potato_late_blight:146
test/potato_late_blight/e231f522-dd72-4fbd-94b4-5b4d7b935269___RS_LB 4131.jpg,potato_late_blight,6,test,plantvillage,potato_late_blight:170
test/potato_late_blight/e4a264b9-fbae-4f38-86ce-d0a7d70e92e1___RS_LB 5211.jpg,potato_late_blight,6,test,plantvillage,potato_late_blight:175
test/potato_late_blight/f81452c0-aa6a-4d2e-a4ba-c761a2e7870f___RS_LB 4280.jpg,potato_late_blight,6,test,plantvillage,potato_late_blight:190
test/potato_late_blight/fb13e4c8-17e4-48a9-899b-dfc7f302196c___RS_LB 4374.jpg,potato_late_blight,6,test,plantvillage,potato_late_blight:194
test/potato_late_blight/fc748621-bd56-4012-a617-9e30df58ecfc___RS_LB 4402.jpg,potato_late_blight,6,test,plantvillage,potato_late_blight:196
test/potato_late_blight/fdf53f6c-db92-48b9-9e06-0358e4114be6___RS_LB 2656.jpg,potato_late_blight,6,test,plantvillage,potato_late_blight:199
test/rice_brown_spot/100160.jpg,rice_brown_spot,7,test,paddy_doctor,rice_brown_spot:16
test/rice_brown_spot/100213.jpg,rice_brown_spot,7,test,paddy_doctor,rice_brown_spot:21
test/rice_brown_spot/100229.jpg,rice_brown_spot,7,test,paddy_doctor,rice_brown_spot:22
test/rice_brown_spot/100266.jpg,rice_brown_spot,7,test,paddy_doctor,rice_brown_spot:26
test/rice_brown_spot/100354.jpg,rice_brown_spot,7,test,paddy_doctor,rice_brown_spot:33
test/rice_brown_spot/100511.jpg,rice_brown_spot,7,test,paddy_doctor,rice_brown_spot:46
test/rice_brown_spot/100565.jpg,rice_brown_spot,7,test,paddy_doctor,rice_brown_spot:52
test/rice_brown_spot/100566.jpg,rice_brown_spot,7,test,paddy_doctor,rice_brown_spot:53
test/rice_brown_spot/100671.jpg,rice_brown_spot,7,test,paddy_doctor,rice_brown_spot:62
test/rice_brown_spot/100702.jpg,rice_brown_spot,7,test,paddy_doctor,rice_brown_spot:67
test/rice_brown_spot/100836.jpg,rice_brown_spot,7,test,paddy_doctor,rice_brown_spot:78
test/rice_brown_spot/100854.jpg,rice_brown_spot,7,test,paddy_doctor,rice_brown_spot:80
test/rice_brown_spot/100866.jpg,rice_brown_spot,7,test,paddy_doctor,rice_brown_spot:83
test/rice_brown_spot/100871.jpg,rice_brown_spot,7,test,paddy_doctor,rice_brown_spot:84
test/rice_brown_spot/100890.jpg,rice_brown_spot,7,test,paddy_doctor,rice_brown_spot:86
test/rice_brown_spot/100892.jpg,rice_brown_spot,7,test,paddy_doctor,rice_brown_spot:87
test/rice_brown_spot/101070.jpg,rice_brown_spot,7,test,paddy_doctor,rice_brown_spot:105
test/rice_brown_spot/101232.jpg,rice_brown_spot,7,test,paddy_doctor,rice_brown_spot:117
test/rice_brown_spot/101255.jpg,rice_brown_spot,7,test,paddy_doctor,rice_brown_spot:119
test/rice_brown_spot/101332.jpg,rice_brown_spot,7,test,paddy_doctor,rice_brown_spot:126
test/rice_brown_spot/101356.jpg,rice_brown_spot,7,test,paddy_doctor,rice_brown_spot:132
test/rice_brown_spot/101373.jpg,rice_brown_spot,7,test,paddy_doctor,rice_brown_spot:133
test/rice_brown_spot/101440.jpg,rice_brown_spot,7,test,paddy_doctor,rice_brown_spot:139
test/rice_brown_spot/101446.jpg,rice_brown_spot,7,test,paddy_doctor,rice_brown_spot:140
test/rice_brown_spot/101533.jpg,rice_brown_spot,7,test,paddy_doctor,rice_brown_spot:145
test/rice_brown_spot/101773.jpg,rice_brown_spot,7,test,paddy_doctor,rice_brown_spot:170
test/rice_brown_spot/101839.jpg,rice_brown_spot,7,test,paddy_doctor,rice_brown_spot:174
test/rice_brown_spot/101859.jpg,rice_brown_spot,7,test,paddy_doctor,rice_brown_spot:177
test/rice_brown_spot/101879.jpg,rice_brown_spot,7,test,paddy_doctor,rice_brown_spot:178
test/rice_brown_spot/102060.jpg,rice_brown_spot,7,test,paddy_doctor,rice_brown_spot:184
test/rice_brown_spot/102077.jpg,rice_brown_spot,7,test,paddy_doctor,rice_brown_spot:188
test/rice_brown_spot/102109.jpg,rice_brown_spot,7,test,paddy_doctor,rice_brown_spot:190
test/rice_brown_spot/102171.jpg,rice_brown_spot,7,test,paddy_doctor,rice_brown_spot:192
test/rice_brown_spot/102203.jpg,rice_brown_spot,7,test,paddy_doctor,rice_brown_spot:195
test/rice_brown_spot/102266.jpg,rice_brown_spot,7,test,paddy_doctor,rice_brown_spot:200
test/rice_brown_spot/102382.jpg,rice_brown_spot,7,test,paddy_doctor,rice_brown_spot:209
test/rice_brown_spot/102494.jpg,rice_brown_spot,7,test,paddy_doctor,rice_brown_spot:223
test/rice_brown_spot/102586.jpg,rice_brown_spot,7,test,paddy_doctor,rice_brown_spot:231
test/rice_brown_spot/102644.jpg,rice_brown_spot,7,test,paddy_doctor,rice_brown_spot:235
test/rice_brown_spot/102744.jpg,rice_brown_spot,7,test,paddy_doctor,rice_brown_spot:243
test/rice_brown_spot/102956.jpg,rice_brown_spot,7,test,paddy_doctor,rice_brown_spot:259
test/rice_brown_spot/103155.jpg,rice_brown_spot,7,test,paddy_doctor,rice_brown_spot:283
test/rice_brown_spot/103231.jpg,rice_brown_spot,7,test,paddy_doctor,rice_brown_spot:286
test/rice_brown_spot/103342.jpg,rice_brown_spot,7,test,paddy_doctor,rice_brown_spot:293
test/rice_brown_spot/103577.jpg,rice_brown_spot,7,test,paddy_doctor,rice_brown_spot:312
test/rice_brown_spot/103621.jpg,rice_brown_spot,7,test,paddy_doctor,rice_brown_spot:319
test/rice_brown_spot/103714.jpg,rice_brown_spot,7,test,paddy_doctor,rice_brown_spot:328
test/rice_brown_spot/103719.jpg,rice_brown_spot,7,test,paddy_doctor,rice_brown_spot:329
test/rice_brown_spot/103722.jpg,rice_brown_spot,7,test,paddy_doctor,rice_brown_spot:330
test/rice_brown_spot/103796.jpg,rice_brown_spot,7,test,paddy_doctor,rice_brown_spot:335
test/rice_brown_spot/103809.jpg,rice_brown_spot,7,test,paddy_doctor,rice_brown_spot:338
test/rice_brown_spot/103835.jpg,rice_brown_spot,7,test,paddy_doctor,rice_brown_spot:339
test/rice_brown_spot/103898.jpg,rice_brown_spot,7,test,paddy_doctor,rice_brown_spot:346
test/rice_brown_spot/103903.jpg,rice_brown_spot,7,test,paddy_doctor,rice_brown_spot:347
test/rice_brown_spot/103959.jpg,rice_brown_spot,7,test,paddy_doctor,rice_brown_spot:349
test/rice_brown_spot/104003.jpg,rice_brown_spot,7,test,paddy_doctor,rice_brown_spot:354
test/rice_brown_spot/104040.jpg,rice_brown_spot,7,test,paddy_doctor,rice_brown_spot:359
test/rice_brown_spot/104149.jpg,rice_brown_spot,7,test,paddy_doctor,rice_brown_spot:366
test/rice_brown_spot/104503.jpg,rice_brown_spot,7,test,paddy_doctor,rice_brown_spot:383
test/rice_brown_spot/104519.jpg,rice_brown_spot,7,test,paddy_doctor,rice_brown_spot:385
test/rice_brown_spot/104541.jpg,rice_brown_spot,7,test,paddy_doctor,rice_brown_spot:387
test/rice_brown_spot/104574.jpg,rice_brown_spot,7,test,paddy_doctor,rice_brown_spot:393
test/rice_brown_spot/104913.jpg,rice_brown_spot,7,test,paddy_doctor,rice_brown_spot:425
test/rice_brown_spot/104930.jpg,rice_brown_spot,7,test,paddy_doctor,rice_brown_spot:427
test/rice_brown_spot/104972.jpg,rice_brown_spot,7,test,paddy_doctor,rice_brown_spot:434
test/rice_brown_spot/104989.jpg,rice_brown_spot,7,test,paddy_doctor,rice_brown_spot:437
test/rice_brown_spot/105023.jpg,rice_brown_spot,7,test,paddy_doctor,rice_brown_spot:440
test/rice_brown_spot/105057.jpg,rice_brown_spot,7,test,paddy_doctor,rice_brown_spot:441
test/rice_brown_spot/105170.jpg,rice_brown_spot,7,test,paddy_doctor,rice_brown_spot:447
test/rice_brown_spot/105212.jpg,rice_brown_spot,7,test,paddy_doctor,rice_brown_spot:452
test/rice_brown_spot/105296.jpg,rice_brown_spot,7,test,paddy_doctor,rice_brown_spot:461
test/rice_brown_spot/105313.jpg,rice_brown_spot,7,test,paddy_doctor,rice_brown_spot:462
test/rice_brown_spot/105363.jpg,rice_brown_spot,7,test,paddy_doctor,rice_brown_spot:464
test/rice_brown_spot/105410.jpg,rice_brown_spot,7,test,paddy_doctor,rice_brown_spot:469
test/rice_brown_spot/105421.jpg,rice_brown_spot,7,test,paddy_doctor,rice_brown_spot:470
test/rice_brown_spot/105464.jpg,rice_brown_spot,7,test,paddy_doctor,rice_brown_spot:471
test/rice_brown_spot/105585.jpg,rice_brown_spot,7,test,paddy_doctor,rice_brown_spot:480
test/rice_brown_spot/105638.jpg,rice_brown_spot,7,test,paddy_doctor,rice_brown_spot:485
test/rice_brown_spot/105643.jpg,rice_brown_spot,7,test,paddy_doctor,rice_brown_spot:487
test/rice_brown_spot/105830.jpg,rice_brown_spot,7,test,paddy_doctor,rice_brown_spot:498
test/rice_brown_spot/105890.jpg,rice_brown_spot,7,test,paddy_doctor,rice_brown_spot:504
test/rice_brown_spot/105897.jpg,rice_brown_spot,7,test,paddy_doctor,rice_brown_spot:505
test/rice_brown_spot/105952.jpg,rice_brown_spot,7,test,paddy_doctor,rice_brown_spot:509
test/rice_brown_spot/105989.jpg,rice_brown_spot,7,test,paddy_doctor,rice_brown_spot:513
test/rice_brown_spot/106080.jpg,rice_brown_spot,7,test,paddy_doctor,rice_brown_spot:519
test/rice_brown_spot/106197.jpg,rice_brown_spot,7,test,paddy_doctor,rice_brown_spot:525
test/rice_brown_spot/106231.jpg,rice_brown_spot,7,test,paddy_doctor,rice_brown_spot:527
test/rice_brown_spot/106367.jpg,rice_brown_spot,7,test,paddy_doctor,rice_brown_spot:538
test/rice_brown_spot/106482.jpg,rice_brown_spot,7,test,paddy_doctor,rice_brown_spot:546
test/rice_brown_spot/106515.jpg,rice_brown_spot,7,test,paddy_doctor,rice_brown_spot:550
test/rice_brown_spot/106661.jpg,rice_brown_spot,7,test,paddy_doctor,rice_brown_spot:561
test/rice_brown_spot/106671.jpg,rice_brown_spot,7,test,paddy_doctor,rice_brown_spot:563
test/rice_brown_spot/106676.jpg,rice_brown_spot,7,test,paddy_doctor,rice_brown_spot:564
test/rice_brown_spot/106781.jpg,rice_brown_spot,7,test,paddy_doctor,rice_brown_spot:570
test/rice_brown_spot/106892.jpg,rice_brown_spot,7,test,paddy_doctor,rice_brown_spot:579
test/rice_brown_spot/107075.jpg,rice_brown_spot,7,test,paddy_doctor,rice_brown_spot:589
test/rice_brown_spot/107199.jpg,rice_brown_spot,7,test,paddy_doctor,rice_brown_spot:597
test/rice_brown_spot/107221.jpg,rice_brown_spot,7,test,paddy_doctor,rice_brown_spot:600
test/rice_brown_spot/107270.jpg,rice_brown_spot,7,test,paddy_doctor,rice_brown_spot:605
test/rice_brown_spot/107438.jpg,rice_brown_spot,7,test,paddy_doctor,rice_brown_spot:611
test/rice_brown_spot/107462.jpg,rice_brown_spot,7,test,paddy_doctor,rice_brown_spot:613
test/rice_brown_spot/107486.jpg,rice_brown_spot,7,test,paddy_doctor,rice_brown_spot:616
test/rice_brown_spot/107661.jpg,rice_brown_spot,7,test,paddy_doctor,rice_brown_spot:627
test/rice_brown_spot/107687.jpg,rice_brown_spot,7,test,paddy_doctor,rice_brown_spot:629
test/rice_brown_spot/107733.jpg,rice_brown_spot,7,test,paddy_doctor,rice_brown_spot:636
test/rice_brown_spot/107776.jpg,rice_brown_spot,7,test,paddy_doctor,rice_brown_spot:639
test/rice_brown_spot/107804.jpg,rice_brown_spot,7,test,paddy_doctor,rice_brown_spot:641
test/rice_brown_spot/107816.jpg,rice_brown_spot,7,test,paddy_doctor,rice_brown_spot:643
test/rice_brown_spot/107849.jpg,rice_brown_spot,7,test,paddy_doctor,rice_brown_spot:646
test/rice_brown_spot/107986.jpg,rice_brown_spot,7,test,paddy_doctor,rice_brown_spot:654
test/rice_brown_spot/108119.jpg,rice_brown_spot,7,test,paddy_doctor,rice_brown_spot:660
test/rice_brown_spot/108140.jpg,rice_brown_spot,7,test,paddy_doctor,rice_brown_spot:664
test/rice_brown_spot/108154.jpg,rice_brown_spot,7,test,paddy_doctor,rice_brown_spot:665
test/rice_brown_spot/108237.jpg,rice_brown_spot,7,test,paddy_doctor,rice_brown_spot:672
test/rice_brown_spot/108243.jpg,rice_brown_spot,7,test,paddy_doctor,rice_brown_spot:673
test/rice_brown_spot/108255.jpg,rice_brown_spot,7,test,paddy_doctor,rice_brown_spot:674
test/rice_brown_spot/108279.jpg,rice_brown_spot,7,test,paddy_doctor,rice_brown_spot:678
test/rice_brown_spot/108287.jpg,rice_brown_spot,7,test,paddy_doctor,rice_brown_spot:679
test/rice_brown_spot/108290.jpg,rice_brown_spot,7,test,paddy_doctor,rice_brown_spot:680
test/rice_brown_spot/108356.jpg,rice_brown_spot,7,test,paddy_doctor,rice_brown_spot:686
test/rice_brown_spot/108502.jpg,rice_brown_spot,7,test,paddy_doctor,rice_brown_spot:692
test/rice_brown_spot/108564.jpg,rice_brown_spot,7,test,paddy_doctor,rice_brown_spot:696
test/rice_brown_spot/108627.jpg,rice_brown_spot,7,test,paddy_doctor,rice_brown_spot:702
test/rice_brown_spot/108780.jpg,rice_brown_spot,7,test,paddy_doctor,rice_brown_spot:711
test/rice_brown_spot/108847.jpg,rice_brown_spot,7,test,paddy_doctor,rice_brown_spot:717
test/rice_brown_spot/108975.jpg,rice_brown_spot,7,test,paddy_doctor,rice_brown_spot:724
test/rice_brown_spot/109004.jpg,rice_brown_spot,7,test,paddy_doctor,rice_brown_spot:729
test/rice_brown_spot/109026.jpg,rice_brown_spot,7,test,paddy_doctor,rice_brown_spot:730
test/rice_brown_spot/109053.jpg,rice_brown_spot,7,test,paddy_doctor,rice_brown_spot:733
test/rice_brown_spot/109285.jpg,rice_brown_spot,7,test,paddy_doctor,rice_brown_spot:751
test/rice_brown_spot/109299.jpg,rice_brown_spot,7,test,paddy_doctor,rice_brown_spot:752
test/rice_brown_spot/109378.jpg,rice_brown_spot,7,test,paddy_doctor,rice_brown_spot:756
test/rice_brown_spot/109382.jpg,rice_brown_spot,7,test,paddy_doctor,rice_brown_spot:757
test/rice_brown_spot/109397.jpg,rice_brown_spot,7,test,paddy_doctor,rice_brown_spot:758
test/rice_brown_spot/109523.jpg,rice_brown_spot,7,test,paddy_doctor,rice_brown_spot:770
test/rice_brown_spot/109576.jpg,rice_brown_spot,7,test,paddy_doctor,rice_brown_spot:775
test/rice_brown_spot/109641.jpg,rice_brown_spot,7,test,paddy_doctor,rice_brown_spot:781
test/rice_brown_spot/109686.jpg,rice_brown_spot,7,test,paddy_doctor,rice_brown_spot:782
test/rice_brown_spot/109727.jpg,rice_brown_spot,7,test,paddy_doctor,rice_brown_spot:786
test/rice_brown_spot/109750.jpg,rice_brown_spot,7,test,paddy_doctor,rice_brown_spot:788
test/rice_brown_spot/109943.jpg,rice_brown_spot,7,test,paddy_doctor,rice_brown_spot:803
test/rice_brown_spot/110029.jpg,rice_brown_spot,7,test,paddy_doctor,rice_brown_spot:811
test/rice_brown_spot/110085.jpg,rice_brown_spot,7,test,paddy_doctor,rice_brown_spot:815
test/rice_brown_spot/110299.jpg,rice_brown_spot,7,test,paddy_doctor,rice_brown_spot:831
test/rice_brown_spot/110407.jpg,rice_brown_spot,7,test,paddy_doctor,rice_brown_spot:837
test/rice_healthy/100075.jpg,rice_healthy,8,test,paddy_doctor,rice_healthy:9
test/rice_healthy/100076.jpg,rice_healthy,8,test,paddy_doctor,rice_healthy:10
test/rice_healthy/100094.jpg,rice_healthy,8,test,paddy_doctor,rice_healthy:12
test/rice_healthy/100095.jpg,rice_healthy,8,test,paddy_doctor,rice_healthy:13
test/rice_healthy/100111.jpg,rice_healthy,8,test,paddy_doctor,rice_healthy:16
test/rice_healthy/100122.jpg,rice_healthy,8,test,paddy_doctor,rice_healthy:18
test/rice_healthy/100168.jpg,rice_healthy,8,test,paddy_doctor,rice_healthy:28
test/rice_healthy/100173.jpg,rice_healthy,8,test,paddy_doctor,rice_healthy:31
test/rice_healthy/100199.jpg,rice_healthy,8,test,paddy_doctor,rice_healthy:38
test/rice_healthy/100398.jpg,rice_healthy,8,test,paddy_doctor,rice_healthy:69
test/rice_healthy/100416.jpg,rice_healthy,8,test,paddy_doctor,rice_healthy:74
test/rice_healthy/100422.jpg,rice_healthy,8,test,paddy_doctor,rice_healthy:77
test/rice_healthy/100462.jpg,rice_healthy,8,test,paddy_doctor,rice_healthy:84
test/rice_healthy/100480.jpg,rice_healthy,8,test,paddy_doctor,rice_healthy:87
test/rice_healthy/100493.jpg,rice_healthy,8,test,paddy_doctor,rice_healthy:90
test/rice_healthy/100503.jpg,rice_healthy,8,test,paddy_doctor,rice_healthy:92
test/rice_healthy/100506.jpg,rice_healthy,8,test,paddy_doctor,rice_healthy:93
test/rice_healthy/100519.jpg,rice_healthy,8,test,paddy_doctor,rice_healthy:97
test/rice_healthy/100539.jpg,rice_healthy,8,test,paddy_doctor,rice_healthy:100
test/rice_healthy/100549.jpg,rice_healthy,8,test,paddy_doctor,rice_healthy:103
test/rice_healthy/100651.jpg,rice_healthy,8,test,paddy_doctor,rice_healthy:115
test/rice_healthy/100696.jpg,rice_healthy,8,test,paddy_doctor,rice_healthy:122
test/rice_healthy/100744.jpg,rice_healthy,8,test,paddy_doctor,rice_healthy:130
test/rice_healthy/100973.jpg,rice_healthy,8,test,paddy_doctor,rice_healthy:161
test/rice_healthy/100988.jpg,rice_healthy,8,test,paddy_doctor,rice_healthy:164
test/rice_healthy/101028.jpg,rice_healthy,8,test,paddy_doctor,rice_healthy:167
test/rice_healthy/101123.jpg,rice_healthy,8,test,paddy_doctor,rice_healthy:188
test/rice_healthy/101131.jpg,rice_healthy,8,test,paddy_doctor,rice_healthy:191
test/rice_healthy/101202.jpg,rice_healthy,8,test,paddy_doctor,rice_healthy:201
test/rice_healthy/101233.jpg,rice_healthy,8,test,paddy_doctor,rice_healthy:205
test/rice_healthy/101289.jpg,rice_healthy,8,test,paddy_doctor,rice_healthy:212
test/rice_healthy/101418.jpg,rice_healthy,8,test,paddy_doctor,rice_healthy:235
test/rice_healthy/101444.jpg,rice_healthy,8,test,paddy_doctor,rice_healthy:240
test/rice_healthy/101526.jpg,rice_healthy,8,test,paddy_doctor,rice_healthy:246
test/rice_healthy/101563.jpg,rice_healthy,8,test,paddy_doctor,rice_healthy:252
test/rice_healthy/101612.jpg,rice_healthy,8,test,paddy_doctor,rice_healthy:263
test/rice_healthy/101625.jpg,rice_healthy,8,test,paddy_doctor,rice_healthy:267
test/rice_healthy/101675.jpg,rice_healthy,8,test,paddy_doctor,rice_healthy:274
test/rice_healthy/101692.jpg,rice_healthy,8,test,paddy_doctor,rice_healthy:280
test/rice_healthy/101695.jpg,rice_healthy,8,test,paddy_doctor,rice_healthy:281
test/rice_healthy/101802.jpg,rice_healthy,8,test,paddy_doctor,rice_healthy:293
test/rice_healthy/101898.jpg,rice_healthy,8,test,paddy_doctor,rice_healthy:307
test/rice_healthy/101961.jpg,rice_healthy,8,test,paddy_doctor,rice_healthy:312
test/rice_healthy/102049.jpg,rice_healthy,8,test,paddy_doctor,rice_healthy:324
test/rice_healthy/102080.jpg,rice_healthy,8,test,paddy_doctor,rice_healthy:327
test/rice_healthy/102120.jpg,rice_healthy,8,test,paddy_doctor,rice_healthy:332
test/rice_healthy/102147.jpg,rice_healthy,8,test,paddy_doctor,rice_healthy:336
test/rice_healthy/102174.jpg,rice_healthy,8,test,paddy_doctor,rice_healthy:339
test/rice_healthy/102196.jpg,rice_healthy,8,test,paddy_doctor,rice_healthy:344
test/rice_healthy/102272.jpg,rice_healthy,8,test,paddy_doctor,rice_healthy:358
test/rice_healthy/102289.jpg,rice_healthy,8,test,paddy_doctor,rice_healthy:362
test/rice_healthy/102293.jpg,rice_healthy,8,test,paddy_doctor,rice_healthy:364
test/rice_healthy/102372.jpg,rice_healthy,8,test,paddy_doctor,rice_healthy:381
test/rice_healthy/102381.jpg,rice_healthy,8,test,paddy_doctor,rice_healthy:386
test/rice_healthy/102425.jpg,rice_healthy,8,test,paddy_doctor,rice_healthy:393
test/rice_healthy/102430.jpg,rice_healthy,8,test,paddy_doctor,rice_healthy:394
test/rice_healthy/102518.jpg,rice_healthy,8,test,paddy_doctor,rice_healthy:406
test/rice_healthy/102564.jpg,rice_healthy,8,test,paddy_doctor,rice_healthy:415
test/rice_healthy/102578.jpg,rice_healthy,8,test,paddy_doctor,rice_healthy:418
test/rice_healthy/102593.jpg,rice_healthy,8,test,paddy_doctor,rice_healthy:422
test/rice_healthy/102688.jpg,rice_healthy,8,test,paddy_doctor,rice_healthy:438
test/rice_healthy/102693.jpg,rice_healthy,8,test,paddy_doctor,rice_healthy:442
test/rice_healthy/102711.jpg,rice_healthy,8,test,paddy_doctor,rice_healthy:446
test/rice_healthy/102714.jpg,rice_healthy,8,test,paddy_doctor,rice_healthy:447
test/rice_healthy/102729.jpg,rice_healthy,8,test,paddy_doctor,rice_healthy:452
test/rice_healthy/102785.jpg,rice_healthy,8,test,paddy_doctor,rice_healthy:456
test/rice_healthy/102874.jpg,rice_healthy,8,test,paddy_doctor,rice_healthy:470
test/rice_healthy/102875.jpg,rice_healthy,8,test,paddy_doctor,rice_healthy:471
test/rice_healthy/102924.jpg,rice_healthy,8,test,paddy_doctor,rice_healthy:475
test/rice_healthy/102948.jpg,rice_healthy,8,test,paddy_doctor,rice_healthy:479
test/rice_healthy/102967.jpg,rice_healthy,8,test,paddy_doctor,rice_healthy:482
test/rice_healthy/102975.jpg,rice_healthy,8,test,paddy_doctor,rice_healthy:483
test/rice_healthy/102994.jpg,rice_healthy,8,test,paddy_doctor,rice_healthy:487
test/rice_healthy/103015.jpg,rice_healthy,8,test,paddy_doctor,rice_healthy:493
test/rice_healthy/103042.jpg,rice_healthy,8,test,paddy_doctor,rice_healthy:496
test/rice_healthy/103045.jpg,rice_healthy,8,test,paddy_doctor,rice_healthy:497
test/rice_healthy/103055.jpg,rice_healthy,8,test,paddy_doctor,rice_healthy:499
test/rice_healthy/103101.jpg,rice_healthy,8,test,paddy_doctor,rice_healthy:507
test/rice_healthy/103126.jpg,rice_healthy,8,test,paddy_doctor,rice_healthy:514
test/rice_healthy/103282.jpg,rice_healthy,8,test,paddy_doctor,rice_healthy:539
test/rice_healthy/103306.jpg,rice_healthy,8,test,paddy_doctor,rice_healthy:544
test/rice_healthy/103372.jpg,rice_healthy,8,test,paddy_doctor,rice_healthy:555
test/rice_healthy/103473.jpg,rice_healthy,8,test,paddy_doctor,rice_healthy:570
test/rice_healthy/103533.jpg,rice_healthy,8,test,paddy_doctor,rice_healthy:577
test/rice_healthy/103556.jpg,rice_healthy,8,test,paddy_doctor,rice_healthy:582
test/rice_healthy/103616.jpg,rice_healthy,8,test,paddy_doctor,rice_healthy:588
test/rice_healthy/103620.jpg,rice_healthy,8,test,paddy_doctor,rice_healthy:589
test/rice_healthy/103739.jpg,rice_healthy,8,test,paddy_doctor,rice_healthy:599
test/rice_healthy/103834.jpg,rice_healthy,8,test,paddy_doctor,rice_healthy:612
test/rice_healthy/103947.jpg,rice_healthy,8,test,paddy_doctor,rice_healthy:640
test/rice_healthy/104058.jpg,rice_healthy,8,test,paddy_doctor,rice_healthy:656
test/rice_healthy/104061.jpg,rice_healthy,8,test,paddy_doctor,rice_healthy:658
test/rice_healthy/104159.jpg,rice_healthy,8,test,paddy_doctor,rice_healthy:671
test/rice_healthy/104173.jpg,rice_healthy,8,test,paddy_doctor,rice_healthy:675
test/rice_healthy/104198.jpg,rice_healthy,8,test,paddy_doctor,rice_healthy:678
test/rice_healthy/104262.jpg,rice_healthy,8,test,paddy_doctor,rice_healthy:684
test/rice_healthy/104323.jpg,rice_healthy,8,test,paddy_doctor,rice_healthy:696
test/rice_healthy/104362.jpg,rice_healthy,8,test,paddy_doctor,rice_healthy:701
test/rice_healthy/104400.jpg,rice_healthy,8,test,paddy_doctor,rice_healthy:708
test/rice_healthy/104466.jpg,rice_healthy,8,test,paddy_doctor,rice_healthy:714
test/rice_healthy/104595.jpg,rice_healthy,8,test,paddy_doctor,rice_healthy:735
test/rice_healthy/104600.jpg,rice_healthy,8,test,paddy_doctor,rice_healthy:737
test/rice_healthy/104676.jpg,rice_healthy,8,test,paddy_doctor,rice_healthy:748
test/rice_healthy/104680.jpg,rice_healthy,8,test,paddy_doctor,rice_healthy:749
test/rice_healthy/104745.jpg,rice_healthy,8,test,paddy_doctor,rice_healthy:757
test/rice_healthy/104753.jpg,rice_healthy,8,test,paddy_doctor,rice_healthy:759
test/rice_healthy/104775.jpg,rice_healthy,8,test,paddy_doctor,rice_healthy:763
test/rice_healthy/104784.jpg,rice_healthy,8,test,paddy_doctor,rice_healthy:764
test/rice_healthy/104806.jpg,rice_healthy,8,test,paddy_doctor,rice_healthy:770
test/rice_healthy/104851.jpg,rice_healthy,8,test,paddy_doctor,rice_healthy:778
test/rice_healthy/104893.jpg,rice_healthy,8,test,paddy_doctor,rice_healthy:787
test/rice_healthy/104927.jpg,rice_healthy,8,test,paddy_doctor,rice_healthy:791
test/rice_healthy/105011.jpg,rice_healthy,8,test,paddy_doctor,rice_healthy:805
test/rice_healthy/105037.jpg,rice_healthy,8,test,paddy_doctor,rice_healthy:808
test/rice_healthy/105051.jpg,rice_healthy,8,test,paddy_doctor,rice_healthy:810
test/rice_healthy/105130.jpg,rice_healthy,8,test,paddy_doctor,rice_healthy:819
test/rice_healthy/105211.jpg,rice_healthy,8,test,paddy_doctor,rice_healthy:833
test/rice_healthy/105249.jpg,rice_healthy,8,test,paddy_doctor,rice_healthy:837
test/rice_healthy/105328.jpg,rice_healthy,8,test,paddy_doctor,rice_healthy:851
test/rice_healthy/105337.jpg,rice_healthy,8,test,paddy_doctor,rice_healthy:852
test/rice_healthy/105338.jpg,rice_healthy,8,test,paddy_doctor,rice_healthy:853
test/rice_healthy/105368.jpg,rice_healthy,8,test,paddy_doctor,rice_healthy:857
test/rice_healthy/105380.jpg,rice_healthy,8,test,paddy_doctor,rice_healthy:858
test/rice_healthy/105394.jpg,rice_healthy,8,test,paddy_doctor,rice_healthy:860
test/rice_healthy/105419.jpg,rice_healthy,8,test,paddy_doctor,rice_healthy:862
test/rice_healthy/105431.jpg,rice_healthy,8,test,paddy_doctor,rice_healthy:863
test/rice_healthy/105448.jpg,rice_healthy,8,test,paddy_doctor,rice_healthy:868
test/rice_healthy/105459.jpg,rice_healthy,8,test,paddy_doctor,rice_healthy:870
test/rice_healthy/105470.jpg,rice_healthy,8,test,paddy_doctor,rice_healthy:873
test/rice_healthy/105499.jpg,rice_healthy,8,test,paddy_doctor,rice_healthy:878
test/rice_healthy/105655.jpg,rice_healthy,8,test,paddy_doctor,rice_healthy:902
test/rice_healthy/105669.jpg,rice_healthy,8,test,paddy_doctor,rice_healthy:904
test/rice_healthy/105693.jpg,rice_healthy,8,test,paddy_doctor,rice_healthy:908
test/rice_healthy/105765.jpg,rice_healthy,8,test,paddy_doctor,rice_healthy:918
test/rice_healthy/105821.jpg,rice_healthy,8,test,paddy_doctor,rice_healthy:928
test/rice_healthy/105834.jpg,rice_healthy,8,test,paddy_doctor,rice_healthy:934
test/rice_healthy/105872.jpg,rice_healthy,8,test,paddy_doctor,rice_healthy:940
test/rice_healthy/105933.jpg,rice_healthy,8,test,paddy_doctor,rice_healthy:947
test/rice_healthy/105960.jpg,rice_healthy,8,test,paddy_doctor,rice_healthy:953
test/rice_healthy/105987.jpg,rice_healthy,8,test,paddy_doctor,rice_healthy:955
test/rice_healthy/106043.jpg,rice_healthy,8,test,paddy_doctor,rice_healthy:963
test/rice_healthy/106053.jpg,rice_healthy,8,test,paddy_doctor,rice_healthy:966
test/rice_healthy/106064.jpg,rice_healthy,8,test,paddy_doctor,rice_healthy:967
test/rice_healthy/106073.jpg,rice_healthy,8,test,paddy_doctor,rice_healthy:969
test/rice_healthy/106093.jpg,rice_healthy,8,test,paddy_doctor,rice_healthy:971
test/rice_healthy/106107.jpg,rice_healthy,8,test,paddy_doctor,rice_healthy:972
test/rice_healthy/106160.jpg,rice_healthy,8,test,paddy_doctor,rice_healthy:977
test/rice_healthy/106203.jpg,rice_healthy,8,test,paddy_doctor,rice_healthy:988
test/rice_healthy/106290.jpg,rice_healthy,8,test,paddy_doctor,rice_healthy:1000
test/rice_healthy/106294.jpg,rice_healthy,8,test,paddy_doctor,rice_healthy:1001
test/rice_healthy/106375.jpg,rice_healthy,8,test,paddy_doctor,rice_healthy:1018
test/rice_healthy/106391.jpg,rice_healthy,8,test,paddy_doctor,rice_healthy:1022
test/rice_healthy/106400.jpg,rice_healthy,8,test,paddy_doctor,rice_healthy:1024
test/rice_healthy/106404.jpg,rice_healthy,8,test,paddy_doctor,rice_healthy:1027
test/rice_healthy/106522.jpg,rice_healthy,8,test,paddy_doctor,rice_healthy:1043
test/rice_healthy/106528.jpg,rice_healthy,8,test,paddy_doctor,rice_healthy:1045
test/rice_healthy/106564.jpg,rice_healthy,8,test,paddy_doctor,rice_healthy:1050
test/rice_healthy/106593.jpg,rice_healthy,8,test,paddy_doctor,rice_healthy:1054
test/rice_healthy/106636.jpg,rice_healthy,8,test,paddy_doctor,rice_healthy:1062
test/rice_healthy/106638.jpg,rice_healthy,8,test,paddy_doctor,rice_healthy:1063
test/rice_healthy/106701.jpg,rice_healthy,8,test,paddy_doctor,rice_healthy:1073
test/rice_healthy/106740.jpg,rice_healthy,8,test,paddy_doctor,rice_healthy:1081
test/rice_healthy/106761.jpg,rice_healthy,8,test,paddy_doctor,rice_healthy:1085
test/rice_healthy/106954.jpg,rice_healthy,8,test,paddy_doctor,rice_healthy:1110
test/rice_healthy/107003.jpg,rice_healthy,8,test,paddy_doctor,rice_healthy:1119
test/rice_healthy/107013.jpg,rice_healthy,8,test,paddy_doctor,rice_healthy:1121
test/rice_healthy/107029.jpg,rice_healthy,8,test,paddy_doctor,rice_healthy:1124
test/rice_healthy/107041.jpg,rice_healthy,8,test,paddy_doctor,rice_healthy:1126
test/rice_healthy/107057.jpg,rice_healthy,8,test,paddy_doctor,rice_healthy:1133
test/rice_healthy/107134.jpg,rice_healthy,8,test,paddy_doctor,rice_healthy:1144
test/rice_healthy/107259.jpg,rice_healthy,8,test,paddy_doctor,rice_healthy:1155
test/rice_healthy/107287.jpg,rice_healthy,8,test,paddy_doctor,rice_healthy:1160
test/rice_healthy/107291.jpg,rice_healthy,8,test,paddy_doctor,rice_healthy:1162
test/rice_healthy/107384.jpg,rice_healthy,8,test,paddy_doctor,rice_healthy:1173
test/rice_healthy/107451.jpg,rice_healthy,8,test,paddy_doctor,rice_healthy:1184
test/rice_healthy/107497.jpg,rice_healthy,8,test,paddy_doctor,rice_healthy:1193
test/rice_healthy/107509.jpg,rice_healthy,8,test,paddy_doctor,rice_healthy:1196
test/rice_healthy/107515.jpg,rice_healthy,8,test,paddy_doctor,rice_healthy:1197
test/rice_healthy/107528.jpg,rice_healthy,8,test,paddy_doctor,rice_healthy:1199
test/rice_healthy/107537.jpg,rice_healthy,8,test,paddy_doctor,rice_healthy:1201
test/rice_healthy/107572.jpg,rice_healthy,8,test,paddy_doctor,rice_healthy:1206
test/rice_healthy/107573.jpg,rice_healthy,8,test,paddy_doctor,rice_healthy:1207
test/rice_healthy/107598.jpg,rice_healthy,8,test,paddy_doctor,rice_healthy:1212
test/rice_healthy/107665.jpg,rice_healthy,8,test,paddy_doctor,rice_healthy:1223
test/rice_healthy/107689.jpg,rice_healthy,8,test,paddy_doctor,rice_healthy:1225
test/rice_healthy/107691.jpg,rice_healthy,8,test,paddy_doctor,rice_healthy:1226
test/rice_healthy/107750.jpg,rice_healthy,8,test,paddy_doctor,rice_healthy:1233
test/rice_healthy/107758.jpg,rice_healthy,8,test,paddy_doctor,rice_healthy:1234
test/rice_healthy/107773.jpg,rice_healthy,8,test,paddy_doctor,rice_healthy:1237
test/rice_healthy/107808.jpg,rice_healthy,8,test,paddy_doctor,rice_healthy:1240
test/rice_healthy/107810.jpg,rice_healthy,8,test,paddy_doctor,rice_healthy:1241
test/rice_healthy/107945.jpg,rice_healthy,8,test,paddy_doctor,rice_healthy:1257
test/rice_healthy/107966.jpg,rice_healthy,8,test,paddy_doctor,rice_healthy:1260
test/rice_healthy/108011.jpg,rice_healthy,8,test,paddy_doctor,rice_healthy:1264
test/rice_healthy/108136.jpg,rice_healthy,8,test,paddy_doctor,rice_healthy:1278
test/rice_healthy/108223.jpg,rice_healthy,8,test,paddy_doctor,rice_healthy:1291
test/rice_healthy/108268.jpg,rice_healthy,8,test,paddy_doctor,rice_healthy:1297
test/rice_healthy/108355.jpg,rice_healthy,8,test,paddy_doctor,rice_healthy:1306
test/rice_healthy/108366.jpg,rice_healthy,8,test,paddy_doctor,rice_healthy:1312
test/rice_healthy/108395.jpg,rice_healthy,8,test,paddy_doctor,rice_healthy:1319
test/rice_healthy/108420.jpg,rice_healthy,8,test,paddy_doctor,rice_healthy:1321
test/rice_healthy/108428.jpg,rice_healthy,8,test,paddy_doctor,rice_healthy:1322
test/rice_healthy/108456.jpg,rice_healthy,8,test,paddy_doctor,rice_healthy:1327
test/rice_healthy/108469.jpg,rice_healthy,8,test,paddy_doctor,rice_healthy:1329
test/rice_healthy/108480.jpg,rice_healthy,8,test,paddy_doctor,rice_healthy:1333
test/rice_healthy/108500.jpg,rice_healthy,8,test,paddy_doctor,rice_healthy:1336
test/rice_healthy/108521.jpg,rice_healthy,8,test,paddy_doctor,rice_healthy:1338
test/rice_healthy/108545.jpg,rice_healthy,8,test,paddy_doctor,rice_healthy:1343
test/rice_healthy/108572.jpg,rice_healthy,8,test,paddy_doctor,rice_healthy:1349
test/rice_healthy/108599.jpg,rice_healthy,8,test,paddy_doctor,rice_healthy:1352
test/rice_healthy/108605.jpg,rice_healthy,8,test,paddy_doctor,rice_healthy:1353
test/rice_healthy/108612.jpg,rice_healthy,8,test,paddy_doctor,rice_healthy:1356
test/rice_healthy/108617.jpg,rice_healthy,8,test,paddy_doctor,rice_healthy:1359
test/rice_healthy/108670.jpg,rice_healthy,8,test,paddy_doctor,rice_healthy:1373
test/rice_healthy/108731.jpg,rice_healthy,8,test,paddy_doctor,rice_healthy:1384
test/rice_healthy/108732.jpg,rice_healthy,8,test,paddy_doctor,rice_healthy:1385
test/rice_healthy/108762.jpg,rice_healthy,8,test,paddy_doctor,rice_healthy:1389
test/rice_healthy/108788.jpg,rice_healthy,8,test,paddy_doctor,rice_healthy:1392
test/rice_healthy/108806.jpg,rice_healthy,8,test,paddy_doctor,rice_healthy:1393
test/rice_healthy/108830.jpg,rice_healthy,8,test,paddy_doctor,rice_healthy:1395
test/rice_healthy/108862.jpg,rice_healthy,8,test,paddy_doctor,rice_healthy:1402
test/rice_healthy/108888.jpg,rice_healthy,8,test,paddy_doctor,rice_healthy:1407
test/rice_healthy/108902.jpg,rice_healthy,8,test,paddy_doctor,rice_healthy:1409
test/rice_healthy/108926.jpg,rice_healthy,8,test,paddy_doctor,rice_healthy:1414
test/rice_healthy/108973.jpg,rice_healthy,8,test,paddy_doctor,rice_healthy:1421
test/rice_healthy/109061.jpg,rice_healthy,8,test,paddy_doctor,rice_healthy:1433
test/rice_healthy/109063.jpg,rice_healthy,8,test,paddy_doctor,rice_healthy:1434
test/rice_healthy/109094.jpg,rice_healthy,8,test,paddy_doctor,rice_healthy:1438
test/rice_healthy/109151.jpg,rice_healthy,8,test,paddy_doctor,rice_healthy:1444
test/rice_healthy/109182.jpg,rice_healthy,8,test,paddy_doctor,rice_healthy:1451
test/rice_healthy/109190.jpg,rice_healthy,8,test,paddy_doctor,rice_healthy:1452
test/rice_healthy/109231.jpg,rice_healthy,8,test,paddy_doctor,rice_healthy:1456
test/rice_healthy/109236.jpg,rice_healthy,8,test,paddy_doctor,rice_healthy:1457
test/rice_healthy/109288.jpg,rice_healthy,8,test,paddy_doctor,rice_healthy:1460
test/rice_healthy/109328.jpg,rice_healthy,8,test,paddy_doctor,rice_healthy:1468
test/rice_healthy/109353.jpg,rice_healthy,8,test,paddy_doctor,rice_healthy:1474
test/rice_healthy/109358.jpg,rice_healthy,8,test,paddy_doctor,rice_healthy:1476
test/rice_healthy/109433.jpg,rice_healthy,8,test,paddy_doctor,rice_healthy:1487
test/rice_healthy/109437.jpg,rice_healthy,8,test,paddy_doctor,rice_healthy:1488
test/rice_healthy/109471.jpg,rice_healthy,8,test,paddy_doctor,rice_healthy:1493
test/rice_healthy/109483.jpg,rice_healthy,8,test,paddy_doctor,rice_healthy:1496
test/rice_healthy/109499.jpg,rice_healthy,8,test,paddy_doctor,rice_healthy:1499
test/rice_healthy/109536.jpg,rice_healthy,8,test,paddy_doctor,rice_healthy:1503
test/rice_healthy/109604.jpg,rice_healthy,8,test,paddy_doctor,rice_healthy:1507
test/rice_healthy/109625.jpg,rice_healthy,8,test,paddy_doctor,rice_healthy:1512
test/rice_healthy/109659.jpg,rice_healthy,8,test,paddy_doctor,rice_healthy:1519
test/rice_healthy/109695.jpg,rice_healthy,8,test,paddy_doctor,rice_healthy:1525
test/rice_healthy/109781.jpg,rice_healthy,8,test,paddy_doctor,rice_healthy:1531
test/rice_healthy/109815.jpg,rice_healthy,8,test,paddy_doctor,rice_healthy:1534
test/rice_healthy/109819.jpg,rice_healthy,8,test,paddy_doctor,rice_healthy:1535
test/rice_healthy/109848.jpg,rice_healthy,8,test,paddy_doctor,rice_healthy:1541
test/rice_healthy/109912.jpg,rice_healthy,8,test,paddy_doctor,rice_healthy:1552
test/rice_healthy/109919.jpg,rice_healthy,8,test,paddy_doctor,rice_healthy:1554
test/rice_healthy/109985.jpg,rice_healthy,8,test,paddy_doctor,rice_healthy:1562
test/rice_healthy/110032.jpg,rice_healthy,8,test,paddy_doctor,rice_healthy:1573
test/rice_healthy/110075.jpg,rice_healthy,8,test,paddy_doctor,rice_healthy:1576
test/rice_healthy/110137.jpg,rice_healthy,8,test,paddy_doctor,rice_healthy:1583
test/rice_healthy/110145.jpg,rice_healthy,8,test,paddy_doctor,rice_healthy:1584
test/rice_healthy/110248.jpg,rice_healthy,8,test,paddy_doctor,rice_healthy:1595
test/rice_healthy/110249.jpg,rice_healthy,8,test,paddy_doctor,rice_healthy:1596
test/rice_healthy/110253.jpg,rice_healthy,8,test,paddy_doctor,rice_healthy:1598
test/rice_healthy/110281.jpg,rice_healthy,8,test,paddy_doctor,rice_healthy:1602
test/rice_healthy/110352.jpg,rice_healthy,8,test,paddy_doctor,rice_healthy:1618
test/rice_healthy/110353.jpg,rice_healthy,8,test,paddy_doctor,rice_healthy:1619
test/tomato_early_blight/01861c93-ea8b-4820-aaa8-cc6003b3e75b___RS_Erly.B 7855.jpg,tomato_early_blight,9,test,plantvillage,tomato_early_blight:3
test/tomato_early_blight/01f87f04-ff38-4aba-b7d1-587aa06e5282___RS_Erly.B 7851.jpg,tomato_early_blight,9,test,plantvillage,tomato_early_blight:4
test/tomato_early_blight/0621aab4-b9fd-4012-b0a6-ba72e63cd87d___RS_Erly.B 8220.jpg,tomato_early_blight,9,test,plantvillage,tomato_early_blight:5
test/tomato_early_blight/1f4c6478-a39b-4974-aeef-3fcfa5ea69a6___RS_Erly.B 7385.jpg,tomato_early_blight,9,test,plantvillage,tomato_early_blight:26
test/tomato_early_blight/2312305e-c167-4730-a07a-db5c9956077a___RS_Erly.B 7752.jpg,tomato_early_blight,9,test,plantvillage,tomato_early_blight:30
test/tomato_early_blight/2586a260-ecf6-40e8-aa11-4b8a50845575___RS_Erly.B 7833.jpg,tomato_early_blight,9,test,plantvillage,tomato_early_blight:33
test/tomato_early_blight/3a2f31aa-b3e1-45a0-b0e6-2ffe3a2538b2___RS_Erly.B 9393.jpg,tomato_early_blight,9,test,plantvillage,tomato_early_blight:44
test/tomato_early_blight/3d7f5e7a-3149-4bce-8fc3-f0df073d5a73___RS_Erly.B 7518.jpg,tomato_early_blight,9,test,plantvillage,tomato_early_blight:47
test/tomato_early_blight/4a063384-a4c0-4acc-a787-8236eb40a54e___RS_Erly.B 8281.jpg,tomato_early_blight,9,test,plantvillage,tomato_early_blight:55
test/tomato_early_blight/4e3c2c95-69ca-41d4-9b08-4e0bb7f425eb___RS_Erly.B 7469.jpg,tomato_early_blight,9,test,plantvillage,tomato_early_blight:57
test/tomato_early_blight/62394305-3fca-4782-ad4a-b5670fcfac61___RS_Erly.B 7395.jpg,tomato_early_blight,9,test,plantvillage,tomato_early_blight:78
test/tomato_early_blight/68d40fcc-8554-4973-9abc-27fc1928cc9c___RS_Erly.B 7595.jpg,tomato_early_blight,9,test,plantvillage,tomato_early_blight:84
test/tomato_early_blight/7de91b8f-80f1-41bc-af89-2cf58a89276b___RS_Erly.B 7805.jpg,tomato_early_blight,9,test,plantvillage,tomato_early_blight:95
test/tomato_early_blight/8d70db5b-7916-4397-836d-6a73a2faaead___RS_Erly.B 6330.jpg,tomato_early_blight,9,test,plantvillage,tomato_early_blight:101
test/tomato_early_blight/98f19e26-5889-4e8e-9175-8dbbaa3439ef___RS_Erly.B 6449.jpg,tomato_early_blight,9,test,plantvillage,tomato_early_blight:110
test/tomato_early_blight/9b0106a7-eb90-4bb2-beec-6c9eb2d90d4b___RS_Erly.B 7424.jpg,tomato_early_blight,9,test,plantvillage,tomato_early_blight:112
test/tomato_early_blight/9e8f1cbd-f128-47f3-b90d-9c8dc1efcb78___RS_Erly.B 7425.jpg,tomato_early_blight,9,test,plantvillage,tomato_early_blight:113
test/tomato_early_blight/a40e0118-57f7-4a3c-92f5-07e968449dd0___RS_Erly.B 9536.jpg,tomato_early_blight,9,test,plantvillage,tomato_early_blight:120
test/tomato_early_blight/d1668361-aac6-41e3-b729-c5e5092326c1___RS_Erly.B 7562.jpg,tomato_early_blight,9,test,plantvillage,tomato_early_blight:150
test/tomato_early_blight/dc6eeebe-ebc4-406c-b5df-f4861f491db8___RS_Erly.B 9615.jpg,tomato_early_blight,9,test,plantvillage,tomato_early_blight:164
test/tomato_early_blight/e3aef05b-9ed6-421c-a44d-82a996b3e3bb___RS_Erly.B 7803.jpg,tomato_early_blight,9,test,plantvillage,tomato_early_blight:171
test/tomato_early_blight/e3b74c49-7e82-4094-8a02-5ae7644a1d00___RS_Erly.B 7393.jpg,tomato_early_blight,9,test,plantvillage,tomato_early_blight:172
test/tomato_early_blight/e3e8305e-a7f1-4ac2-9ed0-7a09660b2fa3___RS_Erly.B 9447.jpg,tomato_early_blight,9,test,plantvillage,tomato_early_blight:173
test/tomato_early_blight/e63371a7-2fb1-4446-9fb2-6d679485d2b0___RS_Erly.B 8415.jpg,tomato_early_blight,9,test,plantvillage,tomato_early_blight:175
test/tomato_early_blight/eccf8abf-a178-464f-ba55-1d203f5f8a47___RS_Erly.B 6395.jpg,tomato_early_blight,9,test,plantvillage,tomato_early_blight:178
test/tomato_early_blight/f26a0950-0a68-4850-8945-a8aca58da4fa___RS_Erly.B 7505.jpg,tomato_early_blight,9,test,plantvillage,tomato_early_blight:182
test/tomato_early_blight/f899b748-cd86-460f-a202-a6946e04946e___RS_Erly.B 7494.jpg,tomato_early_blight,9,test,plantvillage,tomato_early_blight:188
test/tomato_early_blight/fae08468-fe96-4604-9b86-bfe4c4f06999___RS_Erly.B 9530.jpg,tomato_early_blight,9,test,plantvillage,tomato_early_blight:192
test/tomato_early_blight/fe856320-407c-4390-9960-a6a539371182___RS_Erly.B 7624.jpg,tomato_early_blight,9,test,plantvillage,tomato_early_blight:197
test/tomato_early_blight/ff83852f-65e0-4981-8c66-6b86d34b32c2___RS_Erly.B 9582.jpg,tomato_early_blight,9,test,plantvillage,tomato_early_blight:199
test/tomato_healthy/065cd824-d515-49f6-a68a-c1b6dd313472___RS_HL 0139.jpg,tomato_healthy,10,test,plantvillage,tomato_healthy:7
test/tomato_healthy/0f809e80-ee2b-4ad4-9a80-50d789298d48___GH_HL Leaf 192.jpg,tomato_healthy,10,test,plantvillage,tomato_healthy:18
test/tomato_healthy/0fd3432a-e22a-4a71-9a63-1c56ee4ce067___GH_HL Leaf 463.1.jpg,tomato_healthy,10,test,plantvillage,tomato_healthy:20
test/tomato_healthy/13a4fd9b-13eb-4fcd-af7d-b6c76fbbf456___GH_HL Leaf 272.jpg,tomato_healthy,10,test,plantvillage,tomato_healthy:25
test/tomato_healthy/22e6625c-8075-428b-8356-fc6a97660efc___GH_HL Leaf 444.jpg,tomato_healthy,10,test,plantvillage,tomato_healthy:42
test/tomato_healthy/267fd403-bea5-4a99-ae97-ea1c272623a1___GH_HL Leaf 440.1.jpg,tomato_healthy,10,test,plantvillage,tomato_healthy:48
test/tomato_healthy/35f9364b-1ec2-42ee-99f4-3cdeda433f92___RS_HL 9778.jpg,tomato_healthy,10,test,plantvillage,tomato_healthy:66
test/tomato_healthy/3c435a41-903c-4517-b79e-c01724be03a1___RS_HL 0422.jpg,tomato_healthy,10,test,plantvillage,tomato_healthy:72
test/tomato_healthy/3e6c73ad-cfcb-4614-b927-150c2c642c9e___RS_HL 0074.jpg,tomato_healthy,10,test,plantvillage,tomato_healthy:75
test/tomato_healthy/42e607e9-916c-470c-a17d-ec5348a40ded___RS_HL 0373.jpg,tomato_healthy,10,test,plantvillage,tomato_healthy:78
test/tomato_healthy/48a36957-9e8e-4a17-b789-e775ea4bc523___GH_HL Leaf 254.1.jpg,tomato_healthy,10,test,plantvillage,tomato_healthy:85
test/tomato_healthy/48af8eac-8662-400b-a0bb-024a28ed3cc9___RS_HL 0266.jpg,tomato_healthy,10,test,plantvillage,tomato_healthy:86
test/tomato_healthy/4b696198-bb02-426d-bcbd-cc00177a0fb7___RS_HL 0093.jpg,tomato_healthy,10,test,plantvillage,tomato_healthy:90
test/tomato_healthy/4b8f6f0d-ed84-49ae-a92e-6cf049a42207___RS_HL 9652.jpg,tomato_healthy,10,test,plantvillage,tomato_healthy:93
test/tomato_healthy/5dbc2db5-5bb2-4a3c-9a90-d2228c1462f8___RS_HL 9770.jpg,tomato_healthy,10,test,plantvillage,tomato_healthy:107
test/tomato_healthy/6246e722-c34f-46cf-b670-0f403456cea1___RS_HL 9969.jpg,tomato_healthy,10,test,plantvillage,tomato_healthy:111
test/tomato_healthy/689696df-e7cd-4c53-9559-3b16f48c3788___RS_HL 0256.jpg,tomato_healthy,10,test,plantvillage,tomato_healthy:121
test/tomato_healthy/7521718e-614b-4de0-ba94-f587b0113a69___RS_HL 0145.jpg,tomato_healthy,10,test,plantvillage,tomato_healthy:138
test/tomato_healthy/77cd9b9e-9115-46ea-9c85-9744f1793b32___RS_HL 9699.jpg,tomato_healthy,10,test,plantvillage,tomato_healthy:141
test/tomato_healthy/7b93db88-7c70-444a-9096-1812426217f7___RS_HL 0167.jpg,tomato_healthy,10,test,plantvillage,tomato_healthy:146
test/tomato_healthy/82a3d470-940b-431f-9d79-3963b4e41028___GH_HL Leaf 475.1.jpg,tomato_healthy,10,test,plantvillage,tomato_healthy:153
test/tomato_healthy/83917dc9-aad9-4362-840e-24daab278519___RS_HL 0354.jpg,tomato_healthy,10,test,plantvillage,tomato_healthy:157
test/tomato_healthy/93d00575-64fc-4cb6-93c1-91be73a0b90c___GH_HL Leaf 313.1.jpg,tomato_healthy,10,test,plantvillage,tomato_healthy:179
test/tomato_healthy/982903ac-ec41-4bc3-8faf-c38a45d9b193___RS_HL 9960.jpg,tomato_healthy,10,test,plantvillage,tomato_healthy:187
test/tomato_healthy/a2118ec3-8434-4e93-8a4a-aa93262dfa76___RS_HL 0551.jpg,tomato_healthy,10,test,plantvillage,tomato_healthy:200
test/tomato_healthy/a5e54e01-2cd5-482a-bfba-8728ca32473c___GH_HL Leaf 426.jpg,tomato_healthy,10,test,plantvillage,tomato_healthy:204
test/tomato_healthy/ae7304a4-58ad-4a45-aab4-6f18ee303a43___RS_HL 0183.jpg,tomato_healthy,10,test,plantvillage,tomato_healthy:209
test/tomato_healthy/aeff16e4-99f8-4111-ac3b-b69dcc4c7b2c___RS_HL 0581.jpg,tomato_healthy,10,test,plantvillage,tomato_healthy:211
test/tomato_healthy/b7aea5b5-5db2-4861-b322-63af0162770c___RS_HL 9837.jpg,tomato_healthy,10,test,plantvillage,tomato_healthy:224
test/tomato_healthy/b923ed54-63ad-49f8-8881-ebd654c5821c___RS_HL 0359.jpg,tomato_healthy,10,test,plantvillage,tomato_healthy:227
test/tomato_healthy/ba09e9e0-fafc-4303-b1e3-136fa924d339___RS_HL 0403.jpg,tomato_healthy,10,test,plantvillage,tomato_healthy:228
test/tomato_healthy/bc5e650e-075e-4359-9f31-79cd0ef3208b___RS_HL 9807.jpg,tomato_healthy,10,test,plantvillage,tomato_healthy:231
test/tomato_healthy/c52610f1-e253-49ac-bb6f-af3dc1d9c396___GH_HL Leaf 363.1.jpg,tomato_healthy,10,test,plantvillage,tomato_healthy:240
test/tomato_healthy/c586e5df-8410-4690-aee8-25e9ef9df9a5___GH_HL Leaf 178.1.jpg,tomato_healthy,10,test,plantvillage,tomato_healthy:241
test/tomato_healthy/c7f91fa4-3769-45ef-a494-1669ee62ee7a___RS_HL 9812.jpg,tomato_healthy,10,test,plantvillage,tomato_healthy:245
test/tomato_healthy/cbb3f283-baaa-40b1-9e46-3414d8f74f99___GH_HL Leaf 231.1.jpg,tomato_healthy,10,test,plantvillage,tomato_healthy:249
test/tomato_healthy/e020155a-f93a-496c-adc6-1810b4cea333___GH_HL Leaf 206.jpg,tomato_healthy,10,test,plantvillage,tomato_healthy:274
test/tomato_healthy/e090d873-c435-4d1b-95dd-29f5a2f22a09___GH_HL Leaf 266.1.jpg,tomato_healthy,10,test,plantvillage,tomato_healthy:275
test/tomato_healthy/e1860bf2-2656-4dba-b9de-f80932bca552___RS_HL 0398.jpg,tomato_healthy,10,test,plantvillage,tomato_healthy:278
test/tomato_healthy/e47d2178-aaf3-438b-bcce-2fcb6efd833b___RS_HL 9924.jpg,tomato_healthy,10,test,plantvillage,tomato_healthy:284
test/tomato_healthy/e62a7ec8-3e5e-4a47-be14-a57db0322bb6___RS_HL 9627.jpg,tomato_healthy,10,test,plantvillage,tomato_healthy:287
test/tomato_healthy/e6fdaad9-b536-46c3-a819-faf414cfbf47___GH_HL Leaf 500.2.jpg,tomato_healthy,10,test,plantvillage,tomato_healthy:289
test/tomato_healthy/e73f62f9-46f5-4827-a891-169cd96e066e___RS_HL 0467.jpg,tomato_healthy,10,test,plantvillage,tomato_healthy:291
test/tomato_healthy/eb4c170f-af95-48f6-a5da-7e23da76a8e7___GH_HL Leaf 247.1.jpg,tomato_healthy,10,test,plantvillage,tomato_healthy:301
test/tomato_healthy/edfbcb80-5821-4c6e-a464-79f119de35ae___RS_HL 9903.jpg,tomato_healthy,10,test,plantvillage,tomato_healthy:303
test/tomato_healthy/efe384e9-8131-4164-884f-dff1d0995608___RS_HL 0272.jpg,tomato_healthy,10,test,plantvillage,tomato_healthy:304
test/tomato_healthy/f3231f5f-c6cf-4a37-a3da-5d6e7a8afb0e___RS_HL 0450.jpg,tomato_healthy,10,test,plantvillage,tomato_healthy:307
test/tomato_healthy/ff8b36d5-feaf-4d2d-8126-18670a312657___RS_HL 0229.jpg,tomato_healthy,10,test,plantvillage,tomato_healthy:317
test/tomato_late_blight/046c65f2-b155-4018-b161-825191c5faaa___RS_Late.B 5042.jpg,tomato_late_blight,11,test,plantvillage,tomato_late_blight:4
test/tomato_late_blight/0862d3c1-82db-4f51-9acf-4908a7733600___GHLB2 Leaf 9005.jpg,tomato_late_blight,11,test,plantvillage,tomato_late_blight:13
test/tomato_late_blight/08a94695-4566-49aa-84df-91980c3534a2___RS_Late.B 5396.jpg,tomato_late_blight,11,test,plantvillage,tomato_late_blight:15
test/tomato_late_blight/1507883d-7f10-4b69-88d4-db80850b1664___GHLB2 Leaf 154.jpg,tomato_late_blight,11,test,plantvillage,tomato_late_blight:32
test/tomato_late_blight/15dc06c9-506a-470b-a015-14dcb585389f___GHLB_PS Leaf 15 Day 8.jpg,tomato_late_blight,11,test,plantvillage,tomato_late_blight:35
test/tomato_late_blight/1745208a-82b2-4a82-9791-d812cb016850___GHLB2 Leaf 95.jpg,tomato_late_blight,11,test,plantvillage,tomato_late_blight:36
test/tomato_late_blight/1ba00fc3-a45b-4d23-94da-5e090ba7f3d3___RS_Late.B 6403.jpg,tomato_late_blight,11,test,plantvillage,tomato_late_blight:46
test/tomato_late_blight/23c5c930-6830-46c6-8353-616c0b34ae12___RS_Late.B 4947.jpg,tomato_late_blight,11,test,plantvillage,tomato_late_blight:60
test/tomato_late_blight/2939e3f2-d0c5-462c-b652-8cf4ef87d844___RS_Late.B 6600.jpg,tomato_late_blight,11,test,plantvillage,tomato_late_blight:65
test/tomato_late_blight/2e62a850-078e-44ce-ac30-6b940479e017___RS_Late.B 6080.jpg,tomato_late_blight,11,test,plantvillage,tomato_late_blight:70
test/tomato_late_blight/385e730c-e1f9-4f46-b8b0-42bfa13866d7___RS_Late.B 4965.jpg,tomato_late_blight,11,test,plantvillage,tomato_late_blight:80
test/tomato_late_blight/3a6faf8e-3b27-4498-aca9-45f9e4158a56___GHLB2 Leaf 112.1.jpg,tomato_late_blight,11,test,plantvillage,tomato_late_blight:83
test/tomato_late_blight/3fb24ffc-0f4f-4990-99e9-d8170fc9f6cc___GHLB2 Leaf 131.2.jpg,tomato_late_blight,11,test,plantvillage,tomato_late_blight:90
test/tomato_late_blight/46edfbcd-876e-4310-bba7-bae2b8fcc773___GHLB2 Leaf 9069.jpg,tomato_late_blight,11,test,plantvillage,tomato_late_blight:104
test/tomato_late_blight/47a6f6d3-e523-4103-bf89-ddc436f2a7a7___GHLB2 Leaf 154.5.jpg,tomato_late_blight,11,test,plantvillage,tomato_late_blight:105
test/tomato_late_blight/4ca113ee-0468-483d-be29-68a27bf60a71___GHLB2 Leaf 8890.jpg,tomato_late_blight,11,test,plantvillage,tomato_late_blight:111
test/tomato_late_blight/54924dfc-c51a-426d-8f0e-d282fa7e8fd4___RS_Late.B 6481.jpg,tomato_late_blight,11,test,plantvillage,tomato_late_blight:124
test/tomato_late_blight/558b263e-f6d3-4f15-9d16-2e100a34b99f___RS_Late.B 5414.jpg,tomato_late_blight,11,test,plantvillage,tomato_late_blight:128
test/tomato_late_blight/60196a6c-a134-4107-8178-d1bb47450cee___GHLB Leaf 23.1 Day 9.jpg,tomato_late_blight,11,test,plantvillage,tomato_late_blight:140
test/tomato_late_blight/65773c21-d788-4c22-84b4-91257a603e74___GHLB_PS Leaf 13 Day 7.jpg,tomato_late_blight,11,test,plantvillage,tomato_late_blight:150
test/tomato_late_blight/67a63018-22b8-45c5-8f71-90f7589a6ba5___GHLB2 Leaf 9032.jpg,tomato_late_blight,11,test,plantvillage,tomato_late_blight:152
test/tomato_late_blight/67b4c3a2-6d38-4db4-be3e-7655303ae13c___RS_Late.B 5051.jpg,tomato_late_blight,11,test,plantvillage,tomato_late_blight:153
test/tomato_late_blight/704b80c3-ffea-41c4-9f18-e07e56740279___RS_Late.B 6817.jpg,tomato_late_blight,11,test,plantvillage,tomato_late_blight:166
test/tomato_late_blight/745086e9-2e07-48e3-809e-7448e14332ef___GHLB2 Leaf 134.2.jpg,tomato_late_blight,11,test,plantvillage,tomato_late_blight:171
test/tomato_late_blight/76ca83b8-0695-470d-a715-2fcb9efb4fc4___RS_Late.B 5062.jpg,tomato_late_blight,11,test,plantvillage,tomato_late_blight:174
test/tomato_late_blight/77e0bc13-fdcb-4fff-a3e9-17b5d88224a4___GHLB2 Leaf 59.jpg,tomato_late_blight,11,test,plantvillage,tomato_late_blight:175
test/tomato_late_blight/7aa199e5-4228-409c-84c2-8cd070af2b87___GHLB Leaf 2.1 Day 12.jpg,tomato_late_blight,11,test,plantvillage,tomato_late_blight:178
test/tomato_late_blight/7dac72d7-cd87-4d92-8ee0-e6b52c115558___RS_Late.B 5053.jpg,tomato_late_blight,11,test,plantvillage,tomato_late_blight:181
test/tomato_late_blight/8826e278-b47e-4d1a-b7af-3dc1b77ef445___GHLB2 Leaf 8924.jpg,tomato_late_blight,11,test,plantvillage,tomato_late_blight:195
test/tomato_late_blight/89c134ee-41f7-46b7-b4dc-4229b3b3ca08___GHLB2 Leaf 8952.jpg,tomato_late_blight,11,test,plantvillage,tomato_late_blight:197
test/tomato_late_blight/8b2bb3d4-b5db-4772-8151-2689b7d52846___GHLB_PS Leaf 19.1 Day 8.jpg,tomato_late_blight,11,test,plantvillage,tomato_late_blight:198
test/tomato_late_blight/90131e4c-2ff6-4be3-86cf-252847cce3fa___RS_Late.B 6933.jpg,tomato_late_blight,11,test,plantvillage,tomato_late_blight:206
test/tomato_late_blight/913a9ecb-2dad-4a37-8e5e-e97a1aa2b8a1___RS_Late.B 5327.jpg,tomato_late_blight,11,test,plantvillage,tomato_late_blight:209
test/tomato_late_blight/967a0ddf-f5c4-4116-bc2b-18e1032cd8db___GHLB2 Leaf 9094.jpg,tomato_late_blight,11,test,plantvillage,tomato_late_blight:215
test/tomato_late_blight/a3deb552-d098-4b15-992a-d6f2fc49ae4c___GHLB2 Leaf 109.1.jpg,tomato_late_blight,11,test,plantvillage,tomato_late_blight:232
test/tomato_late_blight/a647b254-deb0-427d-89e4-05eedfeeffea___RS_Late.B 5106.jpg,tomato_late_blight,11,test,plantvillage,tomato_late_blight:243
test/tomato_late_blight/a922e2df-e521-466a-8ef9-7f88aa062ac6___GHLB2ES Leaf 119.jpg,tomato_late_blight,11,test,plantvillage,tomato_late_blight:250
test/tomato_late_blight/aa2b76f2-a7e8-443c-81eb-20c00c0fd488___GHLB_PS Leaf 39.1 Day 16.jpg,tomato_late_blight,11,test,plantvillage,tomato_late_blight:252
test/tomato_late_blight/b3971b7c-ae24-4f4f-b426-3368096afeab___RS_Late.B 7079.jpg,tomato_late_blight,11,test,plantvillage,tomato_late_blight:261
test/tomato_late_blight/b6142592-6a73-4a6d-9320-7a69ecd7fee2___RS_Late.B 6162.jpg,tomato_late_blight,11,test,plantvillage,tomato_late_blight:264
test/tomato_late_blight/b6457b32-7732-4caf-a316-74021b265359___GHLB2 Leaf 9054.jpg,tomato_late_blight,11,test,plantvillage,tomato_late_blight:266
test/tomato_late_blight/b8995533-058e-49fb-94ae-30b2d9cff3cc___GHLB2 Leaf 8646.jpg,tomato_late_blight,11,test,plantvillage,tomato_late_blight:271
test/tomato_late_blight/bff1cbac-a141-4eda-ab29-b34dee705bce___GHLB_PS Leaf 47 Day 18.jpg,tomato_late_blight,11,test,plantvillage,tomato_late_blight:282
test/tomato_late_blight/c4f45383-715a-48b2-8ec7-c45d1c230a9d___GHLB_PS Leaf 13.1 Day 7.jpg,tomato_late_blight,11,test,plantvillage,tomato_late_blight:290
test/tomato_late_blight/c59952b7-66e1-484d-a2e2-d240e7b12680___GHLB2 Leaf 8553.jpg,tomato_late_blight,11,test,plantvillage,tomato_late_blight:292
test/tomato_late_blight/c92709f9-fb16-4c49-8651-8081edbc502d___GHLB2 Leaf 131.1.jpg,tomato_late_blight,11,test,plantvillage,tomato_late_blight:299
test/tomato_late_blight/ccc2f713-80ff-4e68-bb2d-14d6152dfa6d___GHLB2 Leaf 8898.jpg,tomato_late_blight,11,test,plantvillage,tomato_late_blight:303
test/tomato_late_blight/cd97ced1-2870-4f00-b7c7-37b8903378b9___RS_Late.B 6926.jpg,tomato_late_blight,11,test,plantvillage,tomato_late_blight:306
test/tomato_late_blight/cec774a0-92f4-4446-af6a-f0743e667461___RS_Late.B 5171.jpg,tomato_late_blight,11,test,plantvillage,tomato_late_blight:311
test/tomato_late_blight/cfaaca13-e947-4cc1-aa07-1611b17879a4___GHLB2 Leaf 9118.jpg,tomato_late_blight,11,test,plantvillage,tomato_late_blight:314
test/tomato_late_blight/d87455f4-a924-426a-8c62-b9870b8a6d34___RS_Late.B 6024.jpg,tomato_late_blight,11,test,plantvillage,tomato_late_blight:331
test/tomato_late_blight/e96512ac-0b63-4476-b7cf-aca6ca084853___RS_Late.B 5082.jpg,tomato_late_blight,11,test,plantvillage,tomato_late_blight:347
test/tomato_late_blight/ee137d7e-8e50-484b-aee0-e6de0a1ed4f7___RS_Late.B 6353.jpg,tomato_late_blight,11,test,plantvillage,tomato_late_blight:356
test/tomato_late_blight/f43df4fe-4544-4831-b9f9-a3c7b470b0e0___RS_Late.B 6801.jpg,tomato_late_blight,11,test,plantvillage,tomato_late_blight:363
test/tomato_late_blight/f582a1b2-636d-4a0e-a113-5dcfb5c2d7e8___GHLB2 Leaf 9098.jpg,tomato_late_blight,11,test,plantvillage,tomato_late_blight:365
test/tomato_late_blight/f5e90a98-8ea6-4547-a417-8370d08a1e1f___RS_Late.B 5196.jpg,tomato_late_blight,11,test,plantvillage,tomato_late_blight:367
test/tomato_late_blight/fc4eb42f-062f-4840-80f5-3244866a1e3a___GHLB2 Leaf 125.2.jpg,tomato_late_blight,11,test,plantvillage,tomato_late_blight:376
train/maize_common_rust/RS_Rust 1566.jpg,maize_common_rust,0,train,plantvillage,maize_common_rust:0
train/maize_common_rust/RS_Rust 1568.jpg,maize_common_rust,0,train,plantvillage,maize_common_rust:1
train/maize_common_rust/RS_Rust 1569.jpg,maize_common_rust,0,train,plantvillage,maize_common_rust:2
train/maize_common_rust/RS_Rust 1570.jpg,maize_common_rust,0,train,plantvillage,maize_common_rust:3
train/maize_common_rust/RS_Rust 1586.jpg,maize_common_rust,0,train,plantvillage,maize_common_rust:4
train/maize_common_rust/RS_Rust 1589.jpg,maize_common_rust,0,train,plantvillage,maize_common_rust:5
train/maize_common_rust/RS_Rust 1591.jpg,maize_common_rust,0,train,plantvillage,maize_common_rust:6
train/maize_common_rust/RS_Rust 1595.jpg,maize_common_rust,0,train,plantvillage,maize_common_rust:7
train/maize_common_rust/RS_Rust 1613.jpg,maize_common_rust,0,train,plantvillage,maize_common_rust:9
train/maize_common_rust/RS_Rust 1615.jpg,maize_common_rust,0,train,plantvillage,maize_common_rust:10
train/maize_common_rust/RS_Rust 1624.jpg,maize_common_rust,0,train,plantvillage,maize_common_rust:11
train/maize_common_rust/RS_Rust 1635.jpg,maize_common_rust,0,train,plantvillage,maize_common_rust:12
train/maize_common_rust/RS_Rust 1637.jpg,maize_common_rust,0,train,plantvillage,maize_common_rust:13
train/maize_common_rust/RS_Rust 1648.jpg,maize_common_rust,0,train,plantvillage,maize_common_rust:15
train/maize_common_rust/RS_Rust 1654.jpg,maize_common_rust,0,train,plantvillage,maize_common_rust:18
train/maize_common_rust/RS_Rust 1655.jpg,maize_common_rust,0,train,plantvillage,maize_common_rust:19
train/maize_common_rust/RS_Rust 1668.jpg,maize_common_rust,0,train,plantvillage,maize_common_rust:21
train/maize_common_rust/RS_Rust 1701.jpg,maize_common_rust,0,train,plantvillage,maize_common_rust:27
train/maize_common_rust/RS_Rust 1716.jpg,maize_common_rust,0,train,plantvillage,maize_common_rust:29
train/maize_common_rust/RS_Rust 1720.jpg,maize_common_rust,0,train,plantvillage,maize_common_rust:30
train/maize_common_rust/RS_Rust 1722.jpg,maize_common_rust,0,train,plantvillage,maize_common_rust:31
train/maize_common_rust/RS_Rust 1732.jpg,maize_common_rust,0,train,plantvillage,maize_common_rust:32
train/maize_common_rust/RS_Rust 1737.jpg,maize_common_rust,0,train,plantvillage,maize_common_rust:33
train/maize_common_rust/RS_Rust 1740.jpg,maize_common_rust,0,train,plantvillage,maize_common_rust:34
train/maize_common_rust/RS_Rust 1761.jpg,maize_common_rust,0,train,plantvillage,maize_common_rust:36
train/maize_common_rust/RS_Rust 1765.jpg,maize_common_rust,0,train,plantvillage,maize_common_rust:37
train/maize_common_rust/RS_Rust 1769.jpg,maize_common_rust,0,train,plantvillage,maize_common_rust:38
train/maize_common_rust/RS_Rust 1780.jpg,maize_common_rust,0,train,plantvillage,maize_common_rust:42
train/maize_common_rust/RS_Rust 1813.jpg,maize_common_rust,0,train,plantvillage,maize_common_rust:44
train/maize_common_rust/RS_Rust 1827.jpg,maize_common_rust,0,train,plantvillage,maize_common_rust:45
train/maize_common_rust/RS_Rust 1832.jpg,maize_common_rust,0,train,plantvillage,maize_common_rust:46
train/maize_common_rust/RS_Rust 1836.jpg,maize_common_rust,0,train,plantvillage,maize_common_rust:47
train/maize_common_rust/RS_Rust 1837.jpg,maize_common_rust,0,train,plantvillage,maize_common_rust:48
train/maize_common_rust/RS_Rust 1840.jpg,maize_common_rust,0,train,plantvillage,maize_common_rust:49
train/maize_common_rust/RS_Rust 1852.jpg,maize_common_rust,0,train,plantvillage,maize_common_rust:51
train/maize_common_rust/RS_Rust 1858.jpg,maize_common_rust,0,train,plantvillage,maize_common_rust:52
train/maize_common_rust/RS_Rust 1872.jpg,maize_common_rust,0,train,plantvillage,maize_common_rust:54
train/maize_common_rust/RS_Rust 1889.jpg,maize_common_rust,0,train,plantvillage,maize_common_rust:59
train/maize_common_rust/RS_Rust 1894.jpg,maize_common_rust,0,train,plantvillage,maize_common_rust:60
train/maize_common_rust/RS_Rust 1905.jpg,maize_common_rust,0,train,plantvillage,maize_common_rust:61
train/maize_common_rust/RS_Rust 1932.jpg,maize_common_rust,0,train,plantvillage,maize_common_rust:62
train/maize_common_rust/RS_Rust 1934.jpg,maize_common_rust,0,train,plantvillage,maize_common_rust:63
train/maize_common_rust/RS_Rust 1948.jpg,maize_common_rust,0,train,plantvillage,maize_common_rust:64
train/maize_common_rust/RS_Rust 1949.jpg,maize_common_rust,0,train,plantvillage,maize_common_rust:65
train/maize_common_rust/RS_Rust 1950.jpg,maize_common_rust,0,train,plantvillage,maize_common_rust:66
train/maize_common_rust/RS_Rust 1982.jpg,maize_common_rust,0,train,plantvillage,maize_common_rust:72
train/maize_common_rust/RS_Rust 1988.jpg,maize_common_rust,0,train,plantvillage,maize_common_rust:73
train/maize_common_rust/RS_Rust 1996.jpg,maize_common_rust,0,train,plantvillage,maize_common_rust:76
train/maize_common_rust/RS_Rust 1997.jpg,maize_common_rust,0,train,plantvillage,maize_common_rust:77
train/maize_common_rust/RS_Rust 2000.jpg,maize_common_rust,0,train,plantvillage,maize_common_rust:78
train/maize_common_rust/RS_Rust 2002.jpg,maize_common_rust,0,train,plantvillage,maize_common_rust:79
train/maize_common_rust/RS_Rust 2014.jpg,maize_common_rust,0,train,plantvillage,maize_common_rust:81
train/maize_common_rust/RS_Rust 2015.jpg,maize_common_rust,0,train,plantvillage,maize_common_rust:82
train/maize_common_rust/RS_Rust 2030.jpg,maize_common_rust,0,train,plantvillage,maize_common_rust:84
train/maize_common_rust/RS_Rust 2032.jpg,maize_common_rust,0,train,plantvillage,maize_common_rust:85
train/maize_common_rust/RS_Rust 2034.jpg,maize_common_rust,0,train,plantvillage,maize_common_rust:86
train/maize_common_rust/RS_Rust 2036.jpg,maize_common_rust,0,train,plantvillage,maize_common_rust:88
train/maize_common_rust/RS_Rust 2038.jpg,maize_common_rust,0,train,plantvillage,maize_common_rust:89
train/maize_common_rust/RS_Rust 2048.jpg,maize_common_rust,0,train,plantvillage,maize_common_rust:90
train/maize_common_rust/RS_Rust 2059.jpg,maize_common_rust,0,train,plantvillage,maize_common_rust:93
train/maize_common_rust/RS_Rust 2066.jpg,maize_common_rust,0,train,plantvillage,maize_common_rust:95
train/maize_common_rust/RS_Rust 2074.jpg,maize_common_rust,0,train,plantvillage,maize_common_rust:97
train/maize_common_rust/RS_Rust 2079.jpg,maize_common_rust,0,train,plantvillage,maize_common_rust:98
train/maize_common_rust/RS_Rust 2081.jpg,maize_common_rust,0,train,plantvillage,maize_common_rust:99
train/maize_common_rust/RS_Rust 2093.jpg,maize_common_rust,0,train,plantvillage,maize_common_rust:100
train/maize_common_rust/RS_Rust 2099.jpg,maize_common_rust,0,train,plantvillage,maize_common_rust:102
train/maize_common_rust/RS_Rust 2101.jpg,maize_common_rust,0,train,plantvillage,maize_common_rust:103
train/maize_common_rust/RS_Rust 2103.jpg,maize_common_rust,0,train,plantvillage,maize_common_rust:104
train/maize_common_rust/RS_Rust 2104.jpg,maize_common_rust,0,train,plantvillage,maize_common_rust:105
train/maize_common_rust/RS_Rust 2105.jpg,maize_common_rust,0,train,plantvillage,maize_common_rust:106
train/maize_common_rust/RS_Rust 2113.jpg,maize_common_rust,0,train,plantvillage,maize_common_rust:109
train/maize_common_rust/RS_Rust 2121.jpg,maize_common_rust,0,train,plantvillage,maize_common_rust:110
train/maize_common_rust/RS_Rust 2125.jpg,maize_common_rust,0,train,plantvillage,maize_common_rust:111
train/maize_common_rust/RS_Rust 2126.jpg,maize_common_rust,0,train,plantvillage,maize_common_rust:112
train/maize_common_rust/RS_Rust 2128.jpg,maize_common_rust,0,train,plantvillage,maize_common_rust:113
train/maize_common_rust/RS_Rust 2130.jpg,maize_common_rust,0,train,plantvillage,maize_common_rust:114
train/maize_common_rust/RS_Rust 2132.jpg,maize_common_rust,0,train,plantvillage,maize_common_rust:115
train/maize_common_rust/RS_Rust 2149.jpg,maize_common_rust,0,train,plantvillage,maize_common_rust:119
train/maize_common_rust/RS_Rust 2164.jpg,maize_common_rust,0,train,plantvillage,maize_common_rust:120
train/maize_common_rust/RS_Rust 2165.jpg,maize_common_rust,0,train,plantvillage,maize_common_rust:121
train/maize_common_rust/RS_Rust 2168.jpg,maize_common_rust,0,train,plantvillage,maize_common_rust:122
train/maize_common_rust/RS_Rust 2169.jpg,maize_common_rust,0,train,plantvillage,maize_common_rust:123
train/maize_common_rust/RS_Rust 2175.jpg,maize_common_rust,0,train,plantvillage,maize_common_rust:124
train/maize_common_rust/RS_Rust 2179.jpg,maize_common_rust,0,train,plantvillage,maize_common_rust:125
train/maize_common_rust/RS_Rust 2180.jpg,maize_common_rust,0,train,plantvillage,maize_common_rust:126
train/maize_common_rust/RS_Rust 2181.jpg,maize_common_rust,0,train,plantvillage,maize_common_rust:127
train/maize_common_rust/RS_Rust 2189.jpg,maize_common_rust,0,train,plantvillage,maize_common_rust:128
train/maize_common_rust/RS_Rust 2218.jpg,maize_common_rust,0,train,plantvillage,maize_common_rust:130
train/maize_common_rust/RS_Rust 2225.jpg,maize_common_rust,0,train,plantvillage,maize_common_rust:131
train/maize_common_rust/RS_Rust 2226.jpg,maize_common_rust,0,train,plantvillage,maize_common_rust:132
train/maize_common_rust/RS_Rust 2229.jpg,maize_common_rust,0,train,plantvillage,maize_common_rust:133
train/maize_common_rust/RS_Rust 2238.jpg,maize_common_rust,0,train,plantvillage,maize_common_rust:134
train/maize_common_rust/RS_Rust 2244.jpg,maize_common_rust,0,train,plantvillage,maize_common_rust:135
train/maize_common_rust/RS_Rust 2251.jpg,maize_common_rust,0,train,plantvillage,maize_common_rust:138
train/maize_common_rust/RS_Rust 2255.jpg,maize_common_rust,0,train,plantvillage,maize_common_rust:140
train/maize_common_rust/RS_Rust 2257.jpg,maize_common_rust,0,train,plantvillage,maize_common_rust:141
train/maize_common_rust/RS_Rust 2276.jpg,maize_common_rust,0,train,plantvillage,maize_common_rust:144
train/maize_common_rust/RS_Rust 2280.jpg,maize_common_rust,0,train,plantvillage,maize_common_rust:145
train/maize_common_rust/RS_Rust 2285.jpg,maize_common_rust,0,train,plantvillage,maize_common_rust:146
train/maize_common_rust/RS_Rust 2293.jpg,maize_common_rust,0,train,plantvillage,maize_common_rust:148
train/maize_common_rust/RS_Rust 2300.jpg,maize_common_rust,0,train,plantvillage,maize_common_rust:149
train/maize_common_rust/RS_Rust 2305.jpg,maize_common_rust,0,train,plantvillage,maize_common_rust:151
train/maize_common_rust/RS_Rust 2311.jpg,maize_common_rust,0,train,plantvillage,maize_common_rust:152
train/maize_common_rust/RS_Rust 2312.jpg,maize_common_rust,0,train,plantvillage,maize_common_rust:153
train/maize_common_rust/RS_Rust 2316.jpg,maize_common_rust,0,train,plantvillage,maize_common_rust:155
train/maize_common_rust/RS_Rust 2325.jpg,maize_common_rust,0,train,plantvillage,maize_common_rust:157
train/maize_common_rust/RS_Rust 2326.jpg,maize_common_rust,0,train,plantvillage,maize_common_rust:158
train/maize_common_rust/RS_Rust 2330.jpg,maize_common_rust,0,train,plantvillage,maize_common_rust:159
train/maize_common_rust/RS_Rust 2338.jpg,maize_common_rust,0,train,plantvillage,maize_common_rust:161
train/maize_common_rust/RS_Rust 2344.jpg,maize_common_rust,0,train,plantvillage,maize_common_rust:162
train/maize_common_rust/RS_Rust 2365.jpg,maize_common_rust,0,train,plantvillage,maize_common_rust:164
train/maize_common_rust/RS_Rust 2373.jpg,maize_common_rust,0,train,plantvillage,maize_common_rust:165
train/maize_common_rust/RS_Rust 2382.jpg,maize_common_rust,0,train,plantvillage,maize_common_rust:167
train/maize_common_rust/RS_Rust 2392.jpg,maize_common_rust,0,train,plantvillage,maize_common_rust:168
train/maize_common_rust/RS_Rust 2394.jpg,maize_common_rust,0,train,plantvillage,maize_common_rust:169
train/maize_common_rust/RS_Rust 2396.jpg,maize_common_rust,0,train,plantvillage,maize_common_rust:170
train/maize_common_rust/RS_Rust 2398.jpg,maize_common_rust,0,train,plantvillage,maize_common_rust:171
train/maize_common_rust/RS_Rust 2399.jpg,maize_common_rust,0,train,plantvillage,maize_common_rust:172
train/maize_common_rust/RS_Rust 2406.jpg,maize_common_rust,0,train,plantvillage,maize_common_rust:174
train/maize_common_rust/RS_Rust 2428.jpg,maize_common_rust,0,train,plantvillage,maize_common_rust:175
train/maize_common_rust/RS_Rust 2431.jpg,maize_common_rust,0,train,plantvillage,maize_common_rust:176
train/maize_common_rust/RS_Rust 2479.jpg,maize_common_rust,0,train,plantvillage,maize_common_rust:178
train/maize_common_rust/RS_Rust 2485.jpg,maize_common_rust,0,train,plantvillage,maize_common_rust:180
train/maize_common_rust/RS_Rust 2486.jpg,maize_common_rust,0,train,plantvillage,maize_common_rust:181
train/maize_common_rust/RS_Rust 2487.jpg,maize_common_rust,0,train,plantvillage,maize_common_rust:182
train/maize_common_rust/RS_Rust 2494.jpg,maize_common_rust,0,train,plantvillage,maize_common_rust:183
train/maize_common_rust/RS_Rust 2511.jpg,maize_common_rust,0,train,plantvillage,maize_common_rust:186
train/maize_common_rust/RS_Rust 2516.jpg,maize_common_rust,0,train,plantvillage,maize_common_rust:187
train/maize_common_rust/RS_Rust 2523.jpg,maize_common_rust,0,train,plantvillage,maize_common_rust:188
train/maize_common_rust/RS_Rust 2528.jpg,maize_common_rust,0,train,plantvillage,maize_common_rust:190
train/maize_common_rust/RS_Rust 2533.jpg,maize_common_rust,0,train,plantvillage,maize_common_rust:191
train/maize_common_rust/RS_Rust 2534.jpg,maize_common_rust,0,train,plantvillage,maize_common_rust:192
train/maize_common_rust/RS_Rust 2535.jpg,maize_common_rust,0,train,plantvillage,maize_common_rust:193
train/maize_common_rust/RS_Rust 2546.jpg,maize_common_rust,0,train,plantvillage,maize_common_rust:195
train/maize_common_rust/RS_Rust 2548.jpg,maize_common_rust,0,train,plantvillage,maize_common_rust:196
train/maize_common_rust/RS_Rust 2568.jpg,maize_common_rust,0,train,plantvillage,maize_common_rust:198
train/maize_common_rust/RS_Rust 2569.jpg,maize_common_rust,0,train,plantvillage,maize_common_rust:199
train/maize_common_rust/RS_Rust 2576.jpg,maize_common_rust,0,train,plantvillage,maize_common_rust:200
train/maize_common_rust/RS_Rust 2580.jpg,maize_common_rust,0,train,plantvillage,maize_common_rust:201
train/maize_common_rust/RS_Rust 2585.jpg,maize_common_rust,0,train,plantvillage,maize_common_rust:202
train/maize_common_rust/RS_Rust 2586.jpg,maize_common_rust,0,train,plantvillage,maize_common_rust:203
train/maize_common_rust/RS_Rust 2587.jpg,maize_common_rust,0,train,plantvillage,maize_common_rust:204
train/maize_common_rust/RS_Rust 2588.jpg,maize_common_rust,0,train,plantvillage,maize_common_rust:205
train/maize_common_rust/RS_Rust 2597.jpg,maize_common_rust,0,train,plantvillage,maize_common_rust:206
train/maize_common_rust/RS_Rust 2598.jpg,maize_common_rust,0,train,plantvillage,maize_common_rust:207
train/maize_common_rust/RS_Rust 2599.jpg,maize_common_rust,0,train,plantvillage,maize_common_rust:208
train/maize_common_rust/RS_Rust 2602.jpg,maize_common_rust,0,train,plantvillage,maize_common_rust:209
train/maize_common_rust/RS_Rust 2608.jpg,maize_common_rust,0,train,plantvillage,maize_common_rust:211
train/maize_common_rust/RS_Rust 2613.jpg,maize_common_rust,0,train,plantvillage,maize_common_rust:213
train/maize_common_rust/RS_Rust 2615.jpg,maize_common_rust,0,train,plantvillage,maize_common_rust:214
train/maize_common_rust/RS_Rust 2621.jpg,maize_common_rust,0,train,plantvillage,maize_common_rust:215
train/maize_common_rust/RS_Rust 2642.jpg,maize_common_rust,0,train,plantvillage,maize_common_rust:217
train/maize_common_rust/RS_Rust 2689.jpg,maize_common_rust,0,train,plantvillage,maize_common_rust:221
train/maize_common_rust/RS_Rust 2697.jpg,maize_common_rust,0,train,plantvillage,maize_common_rust:224
train/maize_common_rust/RS_Rust 2700.jpg,maize_common_rust,0,train,plantvillage,maize_common_rust:225
train/maize_common_rust/RS_Rust 2707.jpg,maize_common_rust,0,train,plantvillage,maize_common_rust:226
train/maize_common_rust/RS_Rust 2715.jpg,maize_common_rust,0,train,plantvillage,maize_common_rust:227
train/maize_common_rust/RS_Rust 2721.jpg,maize_common_rust,0,train,plantvillage,maize_common_rust:228
train/maize_common_rust/RS_Rust 2729.jpg,maize_common_rust,0,train,plantvillage,maize_common_rust:230
train/maize_common_rust/RS_Rust 2732.jpg,maize_common_rust,0,train,plantvillage,maize_common_rust:231
train/maize_common_rust/RS_Rust 2738.jpg,maize_common_rust,0,train,plantvillage,maize_common_rust:232
train/maize_common_rust/RS_Rust 2749.jpg,maize_common_rust,0,train,plantvillage,maize_common_rust:233
train/maize_common_rust/RS_Rust 2750.jpg,maize_common_rust,0,train,plantvillage,maize_common_rust:234
train/maize_common_rust/RS_Rust 2755.jpg,maize_common_rust,0,train,plantvillage,maize_common_rust:235
train/maize_common_rust/RS_Rust 2756.jpg,maize_common_rust,0,train,plantvillage,maize_common_rust:236
train/maize_common_rust/RS_Rust 2758.jpg,maize_common_rust,0,train,plantvillage,maize_common_rust:237
train/maize_common_rust/RS_Rust 2764.jpg,maize_common_rust,0,train,plantvillage,maize_common_rust:238
train/maize_healthy/0630fcdc-33c1-478b-882f-07da48cf8002___R.S_HL 8026 copy.jpg,maize_healthy,1,train,plantvillage,maize_healthy:1
train/maize_healthy/068794e5-0a99-405f-bbb9-1f954e11942d___R.S_HL 7909 copy 2.jpg,maize_healthy,1,train,plantvillage,maize_healthy:2
train/maize_healthy/06fc07d3-2c82-4538-9d0e-bff9808cd3fe___R.S_HL 0639 copy.jpg,maize_healthy,1,train,plantvillage,maize_healthy:4
train/maize_healthy/07eae7fd-96f5-4f09-ba7a-1b108987c6af___R.S_HL 0600 copy 3.jpg,maize_healthy,1,train,plantvillage,maize_healthy:5
train/maize_healthy/09282d61-1bed-4af6-8813-88328f2bd312___R.S_HL 8016 copy.jpg,maize_healthy,1,train,plantvillage,maize_healthy:6
train/maize_healthy/0af3d913-471e-4769-9372-e0af517ba507___R.S_HL 5524 copy 2.jpg,maize_healthy,1,train,plantvillage,maize_healthy:7
train/maize_healthy/0b03beed-0247-4d38-87ba-eb5b94415312___R.S_HL 8233 copy 2.jpg,maize_healthy,1,train,plantvillage,maize_healthy:8
train/maize_healthy/0d61ead9-f316-408e-88f5-fbecdfb11c1a___R.S_HL 8324 copy 3.jpg,maize_healthy,1,train,plantvillage,maize_healthy:9
train/maize_healthy/0ee6c8d6-534f-4fc5-92bb-fac9d226c70b___R.S_HL 8011 copy.jpg,maize_healthy,1,train,plantvillage,maize_healthy:11
train/maize_healthy/0fc63695-5bae-4313-ae41-9e9e09ce855b___R.S_HL 0620 copy.jpg,maize_healthy,1,train,plantvillage,maize_healthy:13
train/maize_healthy/1221a054-5c7a-4e8f-b2d3-4396eca5fa5c___R.S_HL 5565 copy.jpg,maize_healthy,1,train,plantvillage,maize_healthy:16
train/maize_healthy/13b33853-ad75-40ca-a00f-07281811638a___R.S_HL 8088 copy.jpg,maize_healthy,1,train,plantvillage,maize_healthy:18
train/maize_healthy/13e5c719-6d18-4729-a090-7daf2014188a___R.S_HL 8152 copy 2.jpg,maize_healthy,1,train,plantvillage,maize_healthy:19
train/maize_healthy/15bd6d09-98af-40f4-b098-77ec403911d4___R.S_HL 7926 copy.jpg,maize_healthy,1,train,plantvillage,maize_healthy:20
train/maize_healthy/16013375-da25-4dec-b531-131bed86f025___R.S_HL 5498 copy.jpg,maize_healthy,1,train,plantvillage,maize_healthy:21
train/maize_healthy/1675b5c5-4f27-47b4-8088-1387b0eb437d___R.S_HL 8095 copy.jpg,maize_healthy,1,train,plantvillage,maize_healthy:22
train/maize_healthy/1825cb9f-8f7b-46ef-a4a0-65a93592b857___R.S_HL 0615 copy 2.jpg,maize_healthy,1,train,plantvillage,maize_healthy:24
train/maize_healthy/19aea30d-9b0d-44c0-b094-a8260567987d___R.S_HL 8007 copy 2.jpg,maize_healthy,1,train,plantvillage,maize_healthy:26
train/maize_healthy/19c7ec0d-0727-4f08-9ff7-b62936c83a19___R.S_HL 8205 copy 2.jpg,maize_healthy,1,train,plantvillage,maize_healthy:27
train/maize_healthy/1a95abb5-1e21-47ce-a1d9-fc9d235a2da6___R.S_HL 5537 copy 3.jpg,maize_healthy,1,train,plantvillage,maize_healthy:28
train/maize_healthy/1b1d1d6a-efe6-4c39-91a6-5d289b4e469b___R.S_HL 5525 copy 2.jpg,maize_healthy,1,train,plantvillage,maize_healthy:29
train/maize_healthy/1b2f5c24-e2af-47cf-b9c2-f2b8c4c25a3f___R.S_HL 7990 copy.jpg,maize_healthy,1,train,plantvillage,maize_healthy:30
train/maize_healthy/1b875461-1cca-41b8-bc3b-34b5940f33a8___R.S_HL 8036 copy 2.jpg,maize_healthy,1,train,plantvillage,maize_healthy:31
train/maize_healthy/1d424e91-e89b-4cf8-a0e9-48fc345cb9c4___R.S_HL 8299 copy.jpg,maize_healthy,1,train,plantvillage,maize_healthy:32
train/maize_healthy/1d60142d-84cb-418d-9017-cb443a63bf3a___R.S_HL 7896 copy 3.jpg,maize_healthy,1,train,plantvillage,maize_healthy:33
train/maize_healthy/1db3211e-b730-419d-ae1d-b22cd923333a___R.S_HL 8291 copy.jpg,maize_healthy,1,train,plantvillage,maize_healthy:34
train/maize_healthy/1dbb4503-2025-4c04-98ac-eb8f49c51d12___R.S_HL 8221 copy.jpg,maize_healthy,1,train,plantvillage,maize_healthy:35
train/maize_healthy/1f5c2a29-e3b6-4d3e-9fbc-019d6bf7ed94___R.S_HL 0614 copy 2.jpg,maize_healthy,1,train,plantvillage,maize_healthy:36
train/maize_healthy/21bcd072-87a4-4a25-b6fe-3d6cb261b879___R.S_HL 8012 copy 2.jpg,maize_healthy,1,train,plantvillage,maize_healthy:37
train/maize_healthy/2253e071-f102-481b-9a3d-e5650698e8a6___R.S_HL 7905 copy 2.jpg,maize_healthy,1,train,plantvillage,maize_healthy:38
train/maize_healthy/247cf021-2864-47ac-9f14-f89e12e4faef___R.S_HL 5514 copy 2.jpg,maize_healthy,1,train,plantvillage,maize_healthy:39
train/maize_healthy/2500d247-7e34-424d-b7ec-6eb9c6686ed9___R.S_HL 8112 copy.jpg,maize_healthy,1,train,plantvillage,maize_healthy:40
train/maize_healthy/270ba8ed-21f5-43cc-b401-7b643ce5f65d___R.S_HL 8090 copy 2.jpg,maize_healthy,1,train,plantvillage,maize_healthy:41
train/maize_healthy/289766de-9eb5-45f9-9959-b344fedecb62___R.S_HL 8295 copy 2.jpg,maize_healthy,1,train,plantvillage,maize_healthy:43
train/maize_healthy/290bb59a-1405-44b8-af6e-8b1384b76e00___R.S_HL 0614.jpg,maize_healthy,1,train,plantvillage,maize_healthy:44
train/maize_healthy/2930a76c-f0f6-4880-8ec7-f06aaaf257d1___R.S_HL 8155 copy.jpg,maize_healthy,1,train,plantvillage,maize_healthy:45
train/maize_healthy/2e53f610-f515-41f0-8065-40eb7fc8362b___R.S_HL 5515 copy 2.jpg,maize_healthy,1,train,plantvillage,maize_healthy:50
train/maize_healthy/32a1562a-00ca-4e01-b8fa-9bb9a964f2fe___R.S_HL 7984 copy.jpg,maize_healthy,1,train,plantvillage,maize_healthy:51
train/maize_healthy/338fab57-bf99-437b-8c86-6856d2e7bcb5___R.S_HL 8059 copy.jpg,maize_healthy,1,train,plantvillage,maize_healthy:53
train/maize_healthy/37f6cdf3-3424-4ff9-8106-7840c506ddd8___R.S_HL 8166 copy.jpg,maize_healthy,1,train,plantvillage,maize_healthy:55
train/maize_healthy/38573cac-324c-457a-8c88-2810ebb0f99a___R.S_HL 8316 copy 3.jpg,maize_healthy,1,train,plantvillage,maize_healthy:56
train/maize_healthy/388becdf-55dd-4fcb-a32a-b8b5e01de2f3___R.S_HL 8054 copy 2.jpg,maize_healthy,1,train,plantvillage,maize_healthy:57
train/maize_healthy/3a188d29-5d0c-4707-bd8d-cfa29fe88eae___R.S_HL 8283 copy 2.jpg,maize_healthy,1,train,plantvillage,maize_healthy:58
train/maize_healthy/3a7861a7-1fc8-4986-8c21-5bef0ebeb3cb___R.S_HL 8087 copy 2.jpg,maize_healthy,1,train,plantvillage,maize_healthy:59
train/maize_healthy/3bb783b4-736f-411e-a980-01d4ad88147e___R.S_HL 0648 copy 2.jpg,maize_healthy,1,train,plantvillage,maize_healthy:60
train/maize_healthy/3e60a3ab-304e-4620-ac3a-9e255ce0c779___R.S_HL 8207 copy.jpg,maize_healthy,1,train,plantvillage,maize_healthy:62
train/maize_healthy/3ed3e07e-1932-4c33-9613-d31af970986c___R.S_HL 7973 copy.jpg,maize_healthy,1,train,plantvillage,maize_healthy:64
train/maize_healthy/3f1391a0-85c0-41f2-bd64-7bb9e6e6486e___R.S_HL 0618 copy 2.jpg,maize_healthy,1,train,plantvillage,maize_healthy:65
train/maize_healthy/4511c343-1fb9-450f-9991-7fc433034f7a___R.S_HL 7996 copy.jpg,maize_healthy,1,train,plantvillage,maize_healthy:67
train/maize_healthy/46277fc4-d989-4a82-ac74-719142e16f21___R.S_HL 7943 copy 2.jpg,maize_healthy,1,train,plantvillage,maize_healthy:68
train/maize_healthy/466155e6-ef86-4024-9c0a-de7ca09a1d07___R.S_HL 7986 copy.jpg,maize_healthy,1,train,plantvillage,maize_healthy:69
train/maize_healthy/4a98a740-26d6-412e-bd44-1936c506906a___R.S_HL 8273 copy.jpg,maize_healthy,1,train,plantvillage,maize_healthy:70
train/maize_healthy/4d603dbb-3e1e-4acd-ab00-8bdf858191a1___R.S_HL 5535 copy 3.jpg,maize_healthy,1,train,plantvillage,maize_healthy:71
train/maize_healthy/4da561ff-1720-4174-be49-d9680cc1cec3___R.S_HL 8321 copy 2.jpg,maize_healthy,1,train,plantvillage,maize_healthy:72
train/maize_healthy/50d502de-24fe-4929-bd9d-9bbe9bdb6541___R.S_HL 8052 copy 2.jpg,maize_healthy,1,train,plantvillage,maize_healthy:74
train/maize_healthy/5120c19c-8834-4b88-b406-f26c0784b74e___R.S_HL 0649 copy.jpg,maize_healthy,1,train,plantvillage,maize_healthy:76
train/maize_healthy/515cfd7f-995c-4843-93f7-dc2c012db476___R.S_HL 7877 copy 2.jpg,maize_healthy,1,train,plantvillage,maize_healthy:77
train/maize_healthy/51f761a5-df28-4a44-bb1c-abd0ac8fe3f9___R.S_HL 7894 copy 2.jpg,maize_healthy,1,train,plantvillage,maize_healthy:78
train/maize_healthy/5243e506-339c-4c97-8e1a-86f146aa5684___R.S_HL 8057 copy 2.jpg,maize_healthy,1,train,plantvillage,maize_healthy:79
train/maize_healthy/537f6d91-ea08-4055-8736-60cc5cdf666a___R.S_HL 8154 copy 2.jpg,maize_healthy,1,train,plantvillage,maize_healthy:81
train/maize_healthy/55efba35-9d8a-4fae-9096-dfe1ade5b381___R.S_HL 8184 copy.jpg,maize_healthy,1,train,plantvillage,maize_healthy:82
train/maize_healthy/5756c0d0-91eb-425a-90cb-cc6364d64fd4___R.S_HL 8046 copy 2.jpg,maize_healthy,1,train,plantvillage,maize_healthy:83
train/maize_healthy/57625493-7f34-47eb-b7d4-591b39701edc___R.S_HL 0620 copy 3.jpg,maize_healthy,1,train,plantvillage,maize_healthy:84
train/maize_healthy/59453ef6-bc9e-4b40-8a2c-e40e39cfd893___R.S_HL 8153 copy 2.jpg,maize_healthy,1,train,plantvillage,maize_healthy:85
train/maize_healthy/5a92ab9e-726b-4f63-9629-736509128ae0___R.S_HL 8294 copy.jpg,maize_healthy,1,train,plantvillage,maize_healthy:87
train/maize_healthy/5c007cea-468b-4e33-aa6c-803932baf906___R.S_HL 8145 copy 2.jpg,maize_healthy,1,train,plantvillage,maize_healthy:88
train/maize_healthy/5c179b07-7853-4f7e-a274-c981090d2e0c___R.S_HL 0600 copy 2.jpg,maize_healthy,1,train,plantvillage,maize_healthy:89
train/maize_healthy/5d0e77eb-3821-403d-897d-5da32bd13656___R.S_HL 5513 copy 2.jpg,maize_healthy,1,train,plantvillage,maize_healthy:91
train/maize_healthy/5ee644af-b8a1-43b3-8a61-6446260556b2___R.S_HL 7906 copy 2.jpg,maize_healthy,1,train,plantvillage,maize_healthy:92
train/maize_healthy/600f5c3a-2156-4485-b74a-c14a16534706___R.S_HL 7958 copy.jpg,maize_healthy,1,train,plantvillage,maize_healthy:93
train/maize_healthy/60c28fba-748e-4979-9338-4d7d16a92e60___R.S_HL 8324 copy.jpg,maize_healthy,1,train,plantvillage,maize_healthy:94
train/maize_healthy/60d41965-10bc-4799-815e-5b1f099fae4b___R.S_HL 8003 copy.jpg,maize_healthy,1,train,plantvillage,maize_healthy:95
train/maize_healthy/61088927-8b39-475f-a426-15b4f9969871___R.S_HL 7996 copy 2.jpg,maize_healthy,1,train,plantvillage,maize_healthy:96
train/maize_healthy/61824665-0adc-4976-b974-5d604c2e1bec___R.S_HL 7949 copy.jpg,maize_healthy,1,train,plantvillage,maize_healthy:97
train/maize_healthy/620e70fd-98d9-40c4-b9a9-803080d1d371___R.S_HL 7968 copy 2.jpg,maize_healthy,1,train,plantvillage,maize_healthy:98
train/maize_healthy/63067c56-0462-4548-9b58-ffec723a5875___R.S_HL 7915 copy.jpg,maize_healthy,1,train,plantvillage,maize_healthy:100
train/maize_healthy/6376db56-3188-411e-a53a-275517e271e1___R.S_HL 7978 copy 2.jpg,maize_healthy,1,train,plantvillage,maize_healthy:101
train/maize_healthy/64bc2a39-3715-4de9-8fd7-453017c61517___R.S_HL 0639 copy 2.jpg,maize_healthy,1,train,plantvillage,maize_healthy:102
train/maize_healthy/689e24f2-7175-49a7-9721-7461e1b977d9___R.S_HL 0649 copy 3.jpg,maize_healthy,1,train,plantvillage,maize_healthy:103
train/maize_healthy/695000c6-5857-45af-a8cb-470bfeedf274___R.S_HL 7970 copy.jpg,maize_healthy,1,train,plantvillage,maize_healthy:105
train/maize_healthy/6a03e78b-bfa6-4fd5-9927-1b8171f5367a___R.S_HL 8132 copy 2.jpg,maize_healthy,1,train,plantvillage,maize_healthy:106
train/maize_healthy/6ae624a6-83c8-4437-ba23-2a7b0460c7a4___R.S_HL 8332 copy.jpg,maize_healthy,1,train,plantvillage,maize_healthy:109
train/maize_healthy/6af462af-d8d2-4ecb-9ff3-a512c64dfde6___R.S_HL 7888 copy 2.jpg,maize_healthy,1,train,plantvillage,maize_healthy:110
train/maize_healthy/6c602efb-367c-4f64-bd31-35bbf6b5e9a7___R.S_HL 8284 copy.jpg,maize_healthy,1,train,plantvillage,maize_healthy:111
train/maize_healthy/6c6400e5-cbd1-496f-afae-e8e448ee5a39___R.S_HL 8028 copy 2.jpg,maize_healthy,1,train,plantvillage,maize_healthy:112
train/maize_healthy/74fd304e-662f-4b5c-a6d5-22b293c99a4d___R.S_HL 5492 copy 2.jpg,maize_healthy,1,train,plantvillage,maize_healthy:115
train/maize_healthy/765876b6-89e3-45dc-b3f0-1879028a9a1b___R.S_HL 8129 copy.jpg,maize_healthy,1,train,plantvillage,maize_healthy:117
train/maize_healthy/7b7d23f9-d59c-4602-a79c-2012ff6f8f7f___R.S_HL 8239 copy 2.jpg,maize_healthy,1,train,plantvillage,maize_healthy:120
train/maize_healthy/7d6650bc-9627-4e3b-bc7e-d247808e6f08___R.S_HL 7913 copy 2.jpg,maize_healthy,1,train,plantvillage,maize_healthy:122
train/maize_healthy/806c416d-90b9-4f7c-b6a0-80d75d84c156___R.S_HL 7972 copy 3.jpg,maize_healthy,1,train,plantvillage,maize_healthy:124
train/maize_healthy/814ab6c3-0b7d-42ab-8058-53cde59f0daf___R.S_HL 8312 copy 2.jpg,maize_healthy,1,train,plantvillage,maize_healthy:125
train/maize_healthy/81ddfdc4-79fe-462c-b438-d176abad814b___R.S_HL 8041 copy.jpg,maize_healthy,1,train,plantvillage,maize_healthy:126
train/maize_healthy/8247acdb-3c47-4f4d-b1fc-bf806dc581ee___R.S_HL 5544 copy.jpg,maize_healthy,1,train,plantvillage,maize_healthy:127
train/maize_healthy/83bfb1ea-c04f-4e9e-baff-396ae2b01fc3___R.S_HL 5537 copy.jpg,maize_healthy,1,train,plantvillage,maize_healthy:129
train/maize_healthy/8977f9a8-3384-4a8c-ac81-ebb180d7a442___R.S_HL 8035 copy.jpg,maize_healthy,1,train,plantvillage,maize_healthy:131
train/maize_healthy/89c03f8d-109b-4e13-87a9-00deb0f7a4a7___R.S_HL 8242 copy.jpg,maize_healthy,1,train,plantvillage,maize_healthy:132
train/maize_healthy/8b18084e-2976-426f-805a-bfcee0e1133a___R.S_HL 8102 copy.jpg,maize_healthy,1,train,plantvillage,maize_healthy:134
train/maize_healthy/9528e518-5767-42b6-9ece-d647dfe6b5d6___R.S_HL 8014 copy 2.jpg,maize_healthy,1,train,plantvillage,maize_healthy:136
train/maize_healthy/99020386-3a33-4b62-b707-2986786393c3___R.S_HL 8200 copy.jpg,maize_healthy,1,train,plantvillage,maize_healthy:138
train/maize_healthy/99f5a97f-3c9a-4adf-a246-134a8150c8c7___R.S_HL 8199 copy 2.jpg,maize_healthy,1,train,plantvillage,maize_healthy:139
train/maize_healthy/9b6f7782-2244-4575-8226-d5083c2d0223___R.S_HL 8144 copy.jpg,maize_healthy,1,train,plantvillage,maize_healthy:141
train/maize_healthy/9c774ac1-c09e-4365-bb0e-eee0dd61ac3c___R.S_HL 0637 copy 3.jpg,maize_healthy,1,train,plantvillage,maize_healthy:143
train/maize_healthy/9d7fe0ec-48b6-4b1e-83ea-391d53de37af___R.S_HL 8210 copy 3.jpg,maize_healthy,1,train,plantvillage,maize_healthy:144
train/maize_healthy/9d894f77-304d-49a1-8933-184967320c28___R.S_HL 7884 copy 2.jpg,maize_healthy,1,train,plantvillage,maize_healthy:145
train/maize_healthy/9dfbeea0-0afb-4f03-ae40-5c4508141a6a___R.S_HL 7913 copy.jpg,maize_healthy,1,train,plantvillage,maize_healthy:146
train/maize_healthy/a31089a1-47b6-417f-b9ce-41465ff8279e___R.S_HL 8031 copy 2.jpg,maize_healthy,1,train,plantvillage,maize_healthy:150
train/maize_healthy/a35d50c8-99a0-486c-85f4-2eaa3b8395c8___R.S_HL 0626 copy 2.jpg,maize_healthy,1,train,plantvillage,maize_healthy:151
train/maize_healthy/a3682b13-aca2-47d1-8e75-d7640e97af0a___R.S_HL 8006 copy.jpg,maize_healthy,1,train,plantvillage,maize_healthy:152
train/maize_healthy/a44d7b6a-f02f-4e2b-b43e-afe21be8f8d1___R.S_HL 8115 copy 2.jpg,maize_healthy,1,train,plantvillage,maize_healthy:153
train/maize_healthy/a4933b63-666a-4214-84a7-7712bb32b8b6___R.S_HL 0633 copy 2.jpg,maize_healthy,1,train,plantvillage,maize_healthy:154
train/maize_healthy/a6af632c-f017-40b4-a16a-182269a5a0d7___R.S_HL 0652 copy.jpg,maize_healthy,1,train,plantvillage,maize_healthy:156
train/maize_healthy/a8ce309e-86b8-4a8c-ad2e-0def8c89382c___R.S_HL 7890 copy 2.jpg,maize_healthy,1,train,plantvillage,maize_healthy:157
train/maize_healthy/a9fcf4e5-73f1-4c51-a3ef-a5800cc6df62___R.S_HL 8025 copy.jpg,maize_healthy,1,train,plantvillage,maize_healthy:158
train/maize_healthy/aaad7ba5-1d5a-4852-a39c-f4c4e91c7876___R.S_HL 8172 copy.jpg,maize_healthy,1,train,plantvillage,maize_healthy:159
train/maize_healthy/ac51fdb7-7110-4d50-b95f-19613eb22c15___R.S_HL 8317 copy.jpg,maize_healthy,1,train,plantvillage,maize_healthy:160
train/maize_healthy/ae434cb0-c0f3-4dc4-86b2-580a5d066df3___R.S_HL 8083 copy 2.jpg,maize_healthy,1,train,plantvillage,maize_healthy:161
train/maize_healthy/b018b098-e68c-4ad7-88b8-371959829b79___R.S_HL 8245 copy 2.jpg,maize_healthy,1,train,plantvillage,maize_healthy:162
train/maize_healthy/b1fabb44-7f7a-4cfd-852d-d22f68edc77e___R.S_HL 8213 copy 2.jpg,maize_healthy,1,train,plantvillage,maize_healthy:163
train/maize_healthy/b2495f66-78f3-40d5-b3e0-1a02545825cc___R.S_HL 5510 copy 2.jpg,maize_healthy,1,train,plantvillage,maize_healthy:164
train/maize_healthy/b5069c6e-a377-46a8-a53c-1275896c3036___R.S_HL 8235 copy 2.jpg,maize_healthy,1,train,plantvillage,maize_healthy:165
train/maize_healthy/b7214149-73ad-481e-9227-c9fe77f10477___R.S_HL 7896 copy 2.jpg,maize_healthy,1,train,plantvillage,maize_healthy:169
train/maize_healthy/bafc5f95-f5c7-422e-a728-6db014fb35f0___R.S_HL 8212 copy 2.jpg,maize_healthy,1,train,plantvillage,maize_healthy:171
train/maize_healthy/bda652f8-90f3-46c1-b5bd-bda8577761d7___R.S_HL 8149 copy 2.jpg,maize_healthy,1,train,plantvillage,maize_healthy:173
train/maize_healthy/bea16309-36c9-4d03-a8de-747e29cba604___R.S_HL 8187 copy 2.jpg,maize_healthy,1,train,plantvillage,maize_healthy:174
train/maize_healthy/bf3bdd27-ed83-4347-8ca0-4e7cf8530f80___R.S_HL 8333 copy.jpg,maize_healthy,1,train,plantvillage,maize_healthy:176
train/maize_healthy/bf91d1c5-83ae-42d4-bb95-a4a994ea8ed9___R.S_HL 8257 copy 2.jpg,maize_healthy,1,train,plantvillage,maize_healthy:177
train/maize_healthy/c4a93031-f6c0-4a14-803d-04d2bb536718___R.S_HL 0596 copy.jpg,maize_healthy,1,train,plantvillage,maize_healthy:178
train/maize_healthy/c5f181df-88f9-4b33-8e95-d17a3de8a80f___R.S_HL 8178 copy 2.jpg,maize_healthy,1,train,plantvillage,maize_healthy:180
train/maize_healthy/c936eeae-4d4b-4c8c-8ef4-5cb2277a85a5___R.S_HL 8222 copy.jpg,maize_healthy,1,train,plantvillage,maize_healthy:183
train/maize_healthy/ca38172d-5f4b-42aa-bef9-e88b94f7f47d___R.S_HL 7932 copy.jpg,maize_healthy,1,train,plantvillage,maize_healthy:184
train/maize_healthy/cba024bb-6180-4f1e-ad79-57b35c035a60___R.S_HL 8237 copy.jpg,maize_healthy,1,train,plantvillage,maize_healthy:188
train/maize_healthy/cf13f3b8-d610-4b17-ace1-07a382cb620b___R.S_HL 8318 copy 3.jpg,maize_healthy,1,train,plantvillage,maize_healthy:189
train/maize_healthy/cf700a80-b413-4b95-ad88-d916bc9ffc93___R.S_HL 7946 copy.jpg,maize_healthy,1,train,plantvillage,maize_healthy:190
train/maize_healthy/cf974821-c385-44d0-a833-7f816e51b98d___R.S_HL 8050 copy.jpg,maize_healthy,1,train,plantvillage,maize_healthy:191
train/maize_healthy/d0378d5a-47f6-4340-950b-18b4c2a8a598___R.S_HL 0600.jpg,maize_healthy,1,train,plantvillage,maize_healthy:193
train/maize_healthy/d29534b3-d6b4-4a08-8c52-823b47c1f03e___R.S_HL 8288 copy.jpg,maize_healthy,1,train,plantvillage,maize_healthy:194
train/maize_healthy/d2cb6bf0-184a-4e5b-be04-d447f509436c___R.S_HL 7936 copy.jpg,maize_healthy,1,train,plantvillage,maize_healthy:195
train/maize_healthy/d51a4307-22ad-4959-a7f9-c02caa7ae675___R.S_HL 8188 copy 3.jpg,maize_healthy,1,train,plantvillage,maize_healthy:196
train/maize_healthy/d6f5c14c-3cba-4378-9b58-928a6d679946___R.S_HL 0622 copy 3.jpg,maize_healthy,1,train,plantvillage,maize_healthy:197
train/maize_healthy/d81b52fe-50d6-460b-88c0-64392ffdc901___R.S_HL 8054 copy.jpg,maize_healthy,1,train,plantvillage,maize_healthy:198
train/maize_healthy/db66adfd-cc22-4c44-bf5d-856827ef14b4___R.S_HL 7977 copy.jpg,maize_healthy,1,train,plantvillage,maize_healthy:199
train/maize_healthy/dbbbc6e0-d26e-443d-a962-5ee4dc35ba79___R.S_HL 0636 copy.jpg,maize_healthy,1,train,plantvillage,maize_healthy:201
train/maize_healthy/dd2b30e8-3e85-400c-bdbd-fcfb19549a5a___R.S_HL 8336 copy 2.jpg,maize_healthy,1,train,plantvillage,maize_healthy:203
train/maize_healthy/dda330f5-b5af-4cb0-9df3-83186cc879cc___R.S_HL 8205 copy 3.jpg,maize_healthy,1,train,plantvillage,maize_healthy:204
train/maize_healthy/dea7aabe-2263-41ea-8c14-4edb19ada67e___R.S_HL 5516 copy.jpg,maize_healthy,1,train,plantvillage,maize_healthy:205
train/maize_healthy/e03d14c1-b022-46a2-9ce6-145c83653c8b___R.S_HL 8181 copy.jpg,maize_healthy,1,train,plantvillage,maize_healthy:206
train/maize_healthy/e2e6d3f1-9f01-44e6-a466-0272b8663f8e___R.S_HL 8307 copy.jpg,maize_healthy,1,train,plantvillage,maize_healthy:208
train/maize_healthy/e30f6f58-1ca0-44a0-bfd6-e3472122a5c7___R.S_HL 8305 copy.jpg,maize_healthy,1,train,plantvillage,maize_healthy:209
train/maize_healthy/e45eb0fd-208b-4447-b4f4-1eaafcb45596___R.S_HL 0610.jpg,maize_healthy,1,train,plantvillage,maize_healthy:210
train/maize_healthy/e546154c-1e6e-4914-bcbd-557eb212f63f___R.S_HL 0600 copy.jpg,maize_healthy,1,train,plantvillage,maize_healthy:211
train/maize_healthy/e5a2b441-8173-4c41-a56f-d359b1196719___R.S_HL 8119 copy 2.jpg,maize_healthy,1,train,plantvillage,maize_healthy:212
train/maize_healthy/e6b194e0-46a7-44d0-a99f-d48840ee3fd6___R.S_HL 7945 copy 2.jpg,maize_healthy,1,train,plantvillage,maize_healthy:214
train/maize_healthy/e7390b09-74e0-4ce3-af38-95aa97c78e34___R.S_HL 8263 copy 2.jpg,maize_healthy,1,train,plantvillage,maize_healthy:215
train/maize_healthy/e83663a8-93f0-470c-8f43-7366bb3d8233___R.S_HL 7908 copy 2.jpg,maize_healthy,1,train,plantvillage,maize_healthy:217
train/maize_healthy/ea90bcc4-599d-466d-9d37-bb43079cb1e6___R.S_HL 8289 copy.jpg,maize_healthy,1,train,plantvillage,maize_healthy:218
train/maize_healthy/ebd40048-5e19-48d7-a154-1db8da3edddb___R.S_HL 8319 copy 2.jpg,maize_healthy,1,train,plantvillage,maize_healthy:219
train/maize_healthy/ed4e7959-4be3-4897-915d-4031532fb056___R.S_HL 8259 copy.jpg,maize_healthy,1,train,plantvillage,maize_healthy:220
train/maize_healthy/efcf3042-4788-4043-802d-c4bc9661fd37___R.S_HL 8301 copy.jpg,maize_healthy,1,train,plantvillage,maize_healthy:222
train/maize_healthy/f9b74a5f-2ccc-4c11-8472-c5270ddfbee0___R.S_HL 5517 copy 2.jpg,maize_healthy,1,train,plantvillage,maize_healthy:227
train/maize_healthy/faf9f997-3a4d-4723-bb16-ce26362afd77___R.S_HL 8114 copy.jpg,maize_healthy,1,train,plantvillage,maize_healthy:229
train/maize_healthy/fcb98d78-51be-4ecc-bcef-970180fa8c5f___R.S_HL 5561 copy 2.jpg,maize_healthy,1,train,plantvillage,maize_healthy:230
train/maize_healthy/fce4ba31-79ff-4a4e-8666-7341f9fde957___R.S_HL 8061 copy 2.jpg,maize_healthy,1,train,plantvillage,maize_healthy:231
train/maize_healthy/fe6ae74d-1f06-41bf-b4e9-30cac4019986___R.S_HL 8020 copy.jpg,maize_healthy,1,train,plantvillage,maize_healthy:232
train/pepper_bacterial_spot/00f2e69a-1e56-412d-8a79-fdce794a17e4___JR_B.Spot 3132.jpg,pepper_bacterial_spot,2,train,plantvillage,pepper_bacterial_spot:0
train/pepper_bacterial_spot/01613cd0-d3cd-4e96-945c-a312002037bf___JR_B.Spot 3262.jpg,pepper_bacterial_spot,2,train,plantvillage,pepper_bacterial_spot:1
train/pepper_bacterial_spot/01dfb88b-cd5a-420c-b163-51f5fe07b74d___JR_B.Spot 9091.jpg,pepper_bacterial_spot,2,train,plantvillage,pepper_bacterial_spot:2
train/pepper_bacterial_spot/04d46cfb-9cc8-4083-82af-ca2bb57c8182___NREC_B.Spot 1814.jpg,pepper_bacterial_spot,2,train,plantvillage,pepper_bacterial_spot:3
train/pepper_bacterial_spot/080b107a-192f-40ce-8942-d8ccca8dfc52___NREC_B.Spot 1872.jpg,pepper_bacterial_spot,2,train,plantvillage,pepper_bacterial_spot:4
train/pepper_bacterial_spot/0bd0f439-013b-40ed-a6d1-4e67e971d437___JR_B.Spot 3272.jpg,pepper_bacterial_spot,2,train,plantvillage,pepper_bacterial_spot:5
train/pepper_bacterial_spot/0d2635e7-df23-4ceb-b3ba-3af50bb58357___NREC_B.Spot 1874.jpg,pepper_bacterial_spot,2,train,plantvillage,pepper_bacterial_spot:6
train/pepper_bacterial_spot/1044c742-39a0-4b1a-984f-3cb2bdeda94b___NREC_B.Spot 9219.jpg,pepper_bacterial_spot,2,train,plantvillage,pepper_bacterial_spot:8
train/pepper_bacterial_spot/11a23270-53e7-41b6-8c79-91caeaf9cfa6___JR_B.Spot 9050.jpg,pepper_bacterial_spot,2,train,plantvillage,pepper_bacterial_spot:10
train/pepper_bacterial_spot/12f47cff-1a75-47ec-99d2-01720786e478___NREC_B.Spot 1859.jpg,pepper_bacterial_spot,2,train,plantvillage,pepper_bacterial_spot:12
train/pepper_bacterial_spot/1385e1e7-c7a5-4edb-8273-2f6a54c583fa___NREC_B.Spot 9128.jpg,pepper_bacterial_spot,2,train,plantvillage,pepper_bacterial_spot:13
train/pepper_bacterial_spot/141a46fa-9293-4810-9cf6-b329346f8fb2___JR_B.Spot 8995.jpg,pepper_bacterial_spot,2,train,plantvillage,pepper_bacterial_spot:14
train/pepper_bacterial_spot/162f0add-8d7d-477f-a724-cdfc2cc7de77___NREC_B.Spot 9154.jpg,pepper_bacterial_spot,2,train,plantvillage,pepper_bacterial_spot:15
train/pepper_bacterial_spot/168a11c9-159b-468c-a6d9-07d0b61c42c9___JR_B.Spot 3193.jpg,pepper_bacterial_spot,2,train,plantvillage,pepper_bacterial_spot:16
train/pepper_bacterial_spot/19a868e4-5e24-43e8-b61b-a41022340f8e___NREC_B.Spot 1886.jpg,pepper_bacterial_spot,2,train,plantvillage,pepper_bacterial_spot:19
train/pepper_bacterial_spot/1b73d0ec-bad1-4d2d-878e-6aa209aa39d2___JR_B.Spot 9086.jpg,pepper_bacterial_spot,2,train,plantvillage,pepper_bacterial_spot:20
train/pepper_bacterial_spot/1f3b1b11-4934-4c0b-b054-8f8a977b488c___JR_B.Spot 3373.jpg,pepper_bacterial_spot,2,train,plantvillage,pepper_bacterial_spot:22
train/pepper_bacterial_spot/1fca0f2b-857b-4cef-9218-42b1bdd92d00___JR_B.Spot 8969.jpg,pepper_bacterial_spot,2,train,plantvillage,pepper_bacterial_spot:23
train/pepper_bacterial_spot/20531434-4064-4aeb-a839-d3bcfe0ecb3e___NREC_B.Spot 9104.jpg,pepper_bacterial_spot,2,train,plantvillage,pepper_bacterial_spot:24
train/pepper_bacterial_spot/21f7119e-d926-4be3-9ace-d6b26b280e64___JR_B.Spot 8837.jpg,pepper_bacterial_spot,2,train,plantvillage,pepper_bacterial_spot:26
train/pepper_bacterial_spot/22d71c45-e246-4210-bf3a-a0ce5eeacfb5___JR_B.Spot 8888.jpg,pepper_bacterial_spot,2,train,plantvillage,pepper_bacterial_spot:27
train/pepper_bacterial_spot/26ca895f-8155-4d26-a0ac-7e04a7487832___NREC_B.Spot 9222.jpg,pepper_bacterial_spot,2,train,plantvillage,pepper_bacterial_spot:29
train/pepper_bacterial_spot/2d553272-2101-4d56-9819-9f08de938418___NREC_B.Spot 9087.jpg,pepper_bacterial_spot,2,train,plantvillage,pepper_bacterial_spot:33
train/pepper_bacterial_spot/2d5def2a-c79d-444e-88be-a5961c9107d0___JR_B.Spot 3249.jpg,pepper_bacterial_spot,2,train,plantvillage,pepper_bacterial_spot:34
train/pepper_bacterial_spot/30956fb2-aec3-4e1d-bc10-ead8d1bd9c03___NREC_B.Spot 1835.jpg,pepper_bacterial_spot,2,train,plantvillage,pepper_bacterial_spot:35
train/pepper_bacterial_spot/36aa1467-175d-42d0-8da3-99e8ffd06fbe___NREC_B.Spot 1905.jpg,pepper_bacterial_spot,2,train,plantvillage,pepper_bacterial_spot:37
train/pepper_bacterial_spot/376e68b6-818c-4ed5-97d2-ec9b0ac55bff___NREC_B.Spot 9102.jpg,pepper_bacterial_spot,2,train,plantvillage,pepper_bacterial_spot:38
train/pepper_bacterial_spot/389480c3-0209-45e3-b3ee-2447b22de68f___JR_B.Spot 9016.jpg,pepper_bacterial_spot,2,train,plantvillage,pepper_bacterial_spot:40
train/pepper_bacterial_spot/39875cb8-3958-46b9-a9dc-f810f353af5a___JR_B.Spot 3321.jpg,pepper_bacterial_spot,2,train,plantvillage,pepper_bacterial_spot:41
train/pepper_bacterial_spot/3d0ebe4c-591f-490f-b389-cd8f424acbba___JR_B.Spot 9041.jpg,pepper_bacterial_spot,2,train,plantvillage,pepper_bacterial_spot:43
train/pepper_bacterial_spot/3da16030-36bd-4866-826f-70945a9f8b60___JR_B.Spot 8934.jpg,pepper_bacterial_spot,2,train,plantvillage,pepper_bacterial_spot:46
train/pepper_bacterial_spot/3ecf6ae1-56d9-47c0-bedb-af7954dbc3c6___JR_B.Spot 8953.jpg,pepper_bacterial_spot,2,train,plantvillage,pepper_bacterial_spot:47
train/pepper_bacterial_spot/41b580cc-85f0-42c5-aafc-d640ab727081___JR_B.Spot 8950.jpg,pepper_bacterial_spot,2,train,plantvillage,pepper_bacterial_spot:50
train/pepper_bacterial_spot/423247c0-70c3-4d41-b22f-33071ee36a7a___JR_B.Spot 3246.jpg,pepper_bacterial_spot,2,train,plantvillage,pepper_bacterial_spot:51
train/pepper_bacterial_spot/424602ec-36eb-425c-8bd9-73be3e544cf2___NREC_B.Spot 9251.jpg,pepper_bacterial_spot,2,train,plantvillage,pepper_bacterial_spot:52
train/pepper_bacterial_spot/42b527a8-b3a7-47ae-981b-91727cd2f7e5___JR_B.Spot 3306.jpg,pepper_bacterial_spot,2,train,plantvillage,pepper_bacterial_spot:53
train/pepper_bacterial_spot/4420dd15-6c5f-4631-b21e-7db8fa5bd405___JR_B.Spot 3290.jpg,pepper_bacterial_spot,2,train,plantvillage,pepper_bacterial_spot:54
train/pepper_bacterial_spot/4591498b-f2d2-4138-b603-8f734df28c1b___NREC_B.Spot 9063.jpg,pepper_bacterial_spot,2,train,plantvillage,pepper_bacterial_spot:55
train/pepper_bacterial_spot/45cfd1ee-052e-43ef-93ff-ae392eedd726___NREC_B.Spot 9084.jpg,pepper_bacterial_spot,2,train,plantvillage,pepper_bacterial_spot:56
train/pepper_bacterial_spot/462d2266-b71d-4bd0-b1da-8bf71439f5cd___JR_B.Spot 3192.jpg,pepper_bacterial_spot,2,train,plantvillage,pepper_bacterial_spot:57
train/pepper_bacterial_spot/48a7cf31-19e0-45ba-89c1-7887afa0bdd4___JR_B.Spot 9095.jpg,pepper_bacterial_spot,2,train,plantvillage,pepper_bacterial_spot:58
train/pepper_bacterial_spot/4a18013a-dcd1-4974-b841-89c49b198a11___NREC_B.Spot 1984.jpg,pepper_bacterial_spot,2,train,plantvillage,pepper_bacterial_spot:59
train/pepper_bacterial_spot/4c34e3ed-523a-414d-b28d-52078277cb67___NREC_B.Spot 9174.jpg,pepper_bacterial_spot,2,train,plantvillage,pepper_bacterial_spot:60
train/pepper_bacterial_spot/4cf90b49-1b89-422e-84ae-2e2fcfc2fa02___JR_B.Spot 3362.jpg,pepper_bacterial_spot,2,train,plantvillage,pepper_bacterial_spot:61
train/pepper_bacterial_spot/4d20e159-894a-4718-a9f8-e866e7c5a3d9___JR_B.Spot 9025.jpg,pepper_bacterial_spot,2,train,plantvillage,pepper_bacterial_spot:62
train/pepper_bacterial_spot/4d9ffd2f-2740-42f0-9679-c00961ec8f71___NREC_B.Spot 9226.jpg,pepper_bacterial_spot,2,train,plantvillage,pepper_bacterial_spot:63
train/pepper_bacterial_spot/4f539b76-13f8-43ab-a630-0cc6b1461bc9___JR_B.Spot 3381.jpg,pepper_bacterial_spot,2,train,plantvillage,pepper_bacterial_spot:64
train/pepper_bacterial_spot/507d59c4-b6a3-4d94-bbfb-fd763b4033ad___JR_B.Spot 3223.jpg,pepper_bacterial_spot,2,train,plantvillage,pepper_bacterial_spot:65
train/pepper_bacterial_spot/5220d08b-9ead-4c12-9a25-7044d1669d0d___JR_B.Spot 3208.jpg,pepper_bacterial_spot,2,train,plantvillage,pepper_bacterial_spot:68
train/pepper_bacterial_spot/525555a6-c09c-4551-8b9d-d2a8050f474d___JR_B.Spot 3355.jpg,pepper_bacterial_spot,2,train,plantvillage,pepper_bacterial_spot:69
train/pepper_bacterial_spot/532fab13-878e-4fe9-af94-302ed3e0a906___NREC_B.Spot 1885.jpg,pepper_bacterial_spot,2,train,plantvillage,pepper_bacterial_spot:70
train/pepper_bacterial_spot/5577c999-dcb2-473a-8455-9972b4ff19ea___NREC_B.Spot 9205.jpg,pepper_bacterial_spot,2,train,plantvillage,pepper_bacterial_spot:71
train/pepper_bacterial_spot/56c2ec78-14d2-4445-be5d-77a8db483e2a___NREC_B.Spot 1803.jpg,pepper_bacterial_spot,2,train,plantvillage,pepper_bacterial_spot:72
train/pepper_bacterial_spot/57337b7c-f7b3-4ed0-a249-921df1351cf1___JR_B.Spot 3243.jpg,pepper_bacterial_spot,2,train,plantvillage,pepper_bacterial_spot:74
train/pepper_bacterial_spot/5bd8d538-c13c-4da8-9f70-6c9a936dee3f___JR_B.Spot 3164.jpg,pepper_bacterial_spot,2,train,plantvillage,pepper_bacterial_spot:77
train/pepper_bacterial_spot/5e0a97ce-9b9d-4528-ae61-28aeab5809aa___NREC_B.Spot 1830.jpg,pepper_bacterial_spot,2,train,plantvillage,pepper_bacterial_spot:78
train/pepper_bacterial_spot/6499df20-fea2-4b02-bd62-a88c813dd3db___NREC_B.Spot 1841.jpg,pepper_bacterial_spot,2,train,plantvillage,pepper_bacterial_spot:83
train/pepper_bacterial_spot/656dbf3a-3aee-46a5-80b9-a86953fc82c5___JR_B.Spot 8879.jpg,pepper_bacterial_spot,2,train,plantvillage,pepper_bacterial_spot:85
train/pepper_bacterial_spot/65a94537-481e-44d0-a1e1-d8ba6551247d___JR_B.Spot 3202.jpg,pepper_bacterial_spot,2,train,plantvillage,pepper_bacterial_spot:86
train/pepper_bacterial_spot/65c3a8f9-9631-4b86-9ae3-28116c869247___JR_B.Spot 9005.jpg,pepper_bacterial_spot,2,train,plantvillage,pepper_bacterial_spot:87
train/pepper_bacterial_spot/65d4487f-5ee0-4925-8e7f-ba4a61c76750___NREC_B.Spot 9070.jpg,pepper_bacterial_spot,2,train,plantvillage,pepper_bacterial_spot:88
train/pepper_bacterial_spot/6d21b1fe-9e5d-4586-9726-14844ad5116f___JR_B.Spot 3120.jpg,pepper_bacterial_spot,2,train,plantvillage,pepper_bacterial_spot:90
train/pepper_bacterial_spot/7081e6ab-4d18-4b97-9cf5-86c6adaa4715___JR_B.Spot 3189.jpg,pepper_bacterial_spot,2,train,plantvillage,pepper_bacterial_spot:91
train/pepper_bacterial_spot/712327ce-f01f-4398-802d-22af911de777___JR_B.Spot 9078.jpg,pepper_bacterial_spot,2,train,plantvillage,pepper_bacterial_spot:92
train/pepper_bacterial_spot/73ef1d83-6ac0-4955-938a-fca94432814b___JR_B.Spot 3148.jpg,pepper_bacterial_spot,2,train,plantvillage,pepper_bacterial_spot:94
train/pepper_bacterial_spot/75a64b98-63dd-4ef1-907f-09bdeb3a89dc___JR_B.Spot 3228.jpg,pepper_bacterial_spot,2,train,plantvillage,pepper_bacterial_spot:95
train/pepper_bacterial_spot/78c2d8fb-65cc-4d1b-9524-d904c87cbe99___NREC_B.Spot 1829.jpg,pepper_bacterial_spot,2,train,plantvillage,pepper_bacterial_spot:98
train/pepper_bacterial_spot/796c804e-6764-4497-8ded-dc7ac3f0112c___JR_B.Spot 9007.jpg,pepper_bacterial_spot,2,train,plantvillage,pepper_bacterial_spot:99
train/pepper_bacterial_spot/7972395e-d2f0-4cf8-a4b5-ac4ca91d4a6e___JR_B.Spot 9075.jpg,pepper_bacterial_spot,2,train,plantvillage,pepper_bacterial_spot:100
train/pepper_bacterial_spot/7a968e7a-1789-4e52-ab25-1a356b3a1e25___JR_B.Spot 8828.jpg,pepper_bacterial_spot,2,train,plantvillage,pepper_bacterial_spot:101
train/pepper_bacterial_spot/8048788f-facf-475b-8728-4724d98f4df9___JR_B.Spot 3216.jpg,pepper_bacterial_spot,2,train,plantvillage,pepper_bacterial_spot:105
train/pepper_bacterial_spot/81d96896-2e99-4eaf-b86e-c2d8c6a3eabb___NREC_B.Spot 1818.jpg,pepper_bacterial_spot,2,train,plantvillage,pepper_bacterial_spot:106
train/pepper_bacterial_spot/8485adde-4e43-4c10-a9b1-be320de27869___NREC_B.Spot 9164.jpg,pepper_bacterial_spot,2,train,plantvillage,pepper_bacterial_spot:107
train/pepper_bacterial_spot/84c56927-7b27-4cc8-88d1-d4cd544cabe4___NREC_B.Spot 9185.jpg,pepper_bacterial_spot,2,train,plantvillage,pepper_bacterial_spot:108
train/pepper_bacterial_spot/84e67357-edd8-445d-9c49-32b1c5d5deeb___JR_B.Spot 8921.jpg,pepper_bacterial_spot,2,train,plantvillage,pepper_bacterial_spot:109
train/pepper_bacterial_spot/8efc7a6c-216f-4c32-99a1-43335c3385a8___JR_B.Spot 3213.jpg,pepper_bacterial_spot,2,train,plantvillage,pepper_bacterial_spot:112
train/pepper_bacterial_spot/921dfe0f-cf58-4d48-a9c0-33eff76b7191___NREC_B.Spot 9100.jpg,pepper_bacterial_spot,2,train,plantvillage,pepper_bacterial_spot:114
train/pepper_bacterial_spot/94096850-51ab-4a15-bac0-61390e9b0d45___NREC_B.Spot 9080.jpg,pepper_bacterial_spot,2,train,plantvillage,pepper_bacterial_spot:115
train/pepper_bacterial_spot/94b1fbe4-4a9d-4237-a6ca-41a6db87d654___JR_B.Spot 3242.jpg,pepper_bacterial_spot,2,train,plantvillage,pepper_bacterial_spot:116
train/pepper_bacterial_spot/94f00ecd-184d-40ee-a7e9-d6feb19402cb___JR_B.Spot 8957.jpg,pepper_bacterial_spot,2,train,plantvillage,pepper_bacterial_spot:117
train/pepper_bacterial_spot/95238fdb-d39b-40cb-b644-143e66befcc1___JR_B.Spot 3151.jpg,pepper_bacterial_spot,2,train,plantvillage,pepper_bacterial_spot:118
train/pepper_bacterial_spot/95846c59-3b47-477f-93f1-4f857099be3d___NREC_B.Spot 9203.jpg,pepper_bacterial_spot,2,train,plantvillage,pepper_bacterial_spot:119
train/pepper_bacterial_spot/968ac529-2487-4400-b495-423d49d69831___NREC_B.Spot 9238.jpg,pepper_bacterial_spot,2,train,plantvillage,pepper_bacterial_spot:120
train/pepper_bacterial_spot/971daa99-7eea-4163-9a1e-3eebd7081f0e___JR_B.Spot 3271.jpg,pepper_bacterial_spot,2,train,plantvillage,pepper_bacterial_spot:122
train/pepper_bacterial_spot/9abd1ec5-33f5-418d-8527-c894dd7739d7___JR_B.Spot 9064.jpg,pepper_bacterial_spot,2,train,plantvillage,pepper_bacterial_spot:123
train/pepper_bacterial_spot/9c23ddea-18e9-4b79-b890-77c6077d8966___JR_B.Spot 3195.jpg,pepper_bacterial_spot,2,train,plantvillage,pepper_bacterial_spot:124
train/pepper_bacterial_spot/9ca76941-11cf-4c52-a63f-6f2b8bc0e5a6___JR_B.Spot 8842.jpg,pepper_bacterial_spot,2,train,plantvillage,pepper_bacterial_spot:125
train/pepper_bacterial_spot/9f36da2c-ab51-4fff-b394-ad22b15508eb___JR_B.Spot 9032.jpg,pepper_bacterial_spot,2,train,plantvillage,pepper_bacterial_spot:126
train/pepper_bacterial_spot/a019b8ae-20de-4f0b-978e-0c4e142c697d___JR_B.Spot 9059.jpg,pepper_bacterial_spot,2,train,plantvillage,pepper_bacterial_spot:127
train/pepper_bacterial_spot/a326fc1a-66ff-4ca1-b19c-2ce6cb760cd9___JR_B.Spot 9011.jpg,pepper_bacterial_spot,2,train,plantvillage,pepper_bacterial_spot:128
train/pepper_bacterial_spot/a3364e6c-34f8-4bcd-a9bf-c5644b89a60e___JR_B.Spot 8886.jpg,pepper_bacterial_spot,2,train,plantvillage,pepper_bacterial_spot:129
train/pepper_bacterial_spot/a3407dfc-9a97-4dd4-b484-527da44a161c___JR_B.Spot 9029.jpg,pepper_bacterial_spot,2,train,plantvillage,pepper_bacterial_spot:130
train/pepper_bacterial_spot/a3736622-1bd1-4e57-8aa0-2b8ed898c2a4___NREC_B.Spot 9095.jpg,pepper_bacterial_spot,2,train,plantvillage,pepper_bacterial_spot:131
train/pepper_bacterial_spot/a58df0b5-76f7-4f63-957c-660ec21414b4___NREC_B.Spot 1943.jpg,pepper_bacterial_spot,2,train,plantvillage,pepper_bacterial_spot:132
train/pepper_bacterial_spot/a73080aa-8609-4ca2-86ff-28440774f4b8___JR_B.Spot 8861.jpg,pepper_bacterial_spot,2,train,plantvillage,pepper_bacterial_spot:134
train/pepper_bacterial_spot/a7ae874f-138c-4996-949b-f6ba3d4bc1b0___NREC_B.Spot 1959.jpg,pepper_bacterial_spot,2,train,plantvillage,pepper_bacterial_spot:135
train/pepper_bacterial_spot/a877ca65-3824-4d1a-a438-a32be1beb7ad___NREC_B.Spot 1967.jpg,pepper_bacterial_spot,2,train,plantvillage,pepper_bacterial_spot:136
train/pepper_bacterial_spot/a88f92fc-0522-4568-a9d7-850eb67c2602___NREC_B.Spot 9109.jpg,pepper_bacterial_spot,2,train,plantvillage,pepper_bacterial_spot:137
train/pepper_bacterial_spot/a9770664-3c9c-46ed-808d-5aa7a87a5c1b___NREC_B.Spot 9065.jpg,pepper_bacterial_spot,2,train,plantvillage,pepper_bacterial_spot:138
train/pepper_bacterial_spot/ad91f8c2-0505-4b62-8395-370d3ae23c68___NREC_B.Spot 9071.jpg,pepper_bacterial_spot,2,train,plantvillage,pepper_bacterial_spot:139
train/pepper_bacterial_spot/afce5bf3-7e62-42f1-8d66-3d9b3e5e0dc1___NREC_B.Spot 9108.jpg,pepper_bacterial_spot,2,train,plantvillage,pepper_bacterial_spot:141
train/pepper_bacterial_spot/b1739803-02e8-4974-b230-37923c2010cc___NREC_B.Spot 1921.jpg,pepper_bacterial_spot,2,train,plantvillage,pepper_bacterial_spot:142
train/pepper_bacterial_spot/b27e9697-adcc-41bb-becb-7bc34bbf3cee___JR_B.Spot 3264.jpg,pepper_bacterial_spot,2,train,plantvillage,pepper_bacterial_spot:144
train/pepper_bacterial_spot/b2df85c5-719c-4a97-aad5-51b3636edb91___NREC_B.Spot 9150.jpg,pepper_bacterial_spot,2,train,plantvillage,pepper_bacterial_spot:145
train/pepper_bacterial_spot/b3f41636-2131-4a92-a65a-50ac160e9456___NREC_B.Spot 9213.jpg,pepper_bacterial_spot,2,train,plantvillage,pepper_bacterial_spot:146
train/pepper_bacterial_spot/b98b517c-c70a-4299-ba3d-857cd61ec4bf___JR_B.Spot 9047.jpg,pepper_bacterial_spot,2,train,plantvillage,pepper_bacterial_spot:148
train/pepper_bacterial_spot/b9a94a36-2bdb-48a3-80eb-858a97ddba5b___JR_B.Spot 9080.jpg,pepper_bacterial_spot,2,train,plantvillage,pepper_bacterial_spot:149
train/pepper_bacterial_spot/b9e58d0f-1b01-43b0-8c50-154b12f5a5f1___JR_B.Spot 8983.jpg,pepper_bacterial_spot,2,train,plantvillage,pepper_bacterial_spot:150
train/pepper_bacterial_spot/bd2fcca9-6e34-44db-ade7-a0b595c97dcf___NREC_B.Spot 9126.jpg,pepper_bacterial_spot,2,train,plantvillage,pepper_bacterial_spot:153
train/pepper_bacterial_spot/bd57ab5b-41e2-4e27-8f11-de47b3b9bffb___NREC_B.Spot 9097.jpg,pepper_bacterial_spot,2,train,plantvillage,pepper_bacterial_spot:154
train/pepper_bacterial_spot/bde95d13-80fa-4993-a13e-6ca4f7f1c9ef___JR_B.Spot 8867.jpg,pepper_bacterial_spot,2,train,plantvillage,pepper_bacterial_spot:155
train/pepper_bacterial_spot/bf437495-ab1b-459e-8173-6619a07ee8c6___JR_B.Spot 3139.jpg,pepper_bacterial_spot,2,train,plantvillage,pepper_bacterial_spot:156
train/pepper_bacterial_spot/c253505d-237e-4548-a4c5-dd30c6661668___NREC_B.Spot 9151.jpg,pepper_bacterial_spot,2,train,plantvillage,pepper_bacterial_spot:157
train/pepper_bacterial_spot/c27c09cc-acf8-4e46-a828-a48a96249642___JR_B.Spot 3232.jpg,pepper_bacterial_spot,2,train,plantvillage,pepper_bacterial_spot:158
train/pepper_bacterial_spot/c8e7747f-2f09-4cd3-851d-3d5c852c55a6___NREC_B.Spot 1823.jpg,pepper_bacterial_spot,2,train,plantvillage,pepper_bacterial_spot:161
train/pepper_bacterial_spot/cc54a954-8b9a-4b28-b3f9-d3a9c91486c7___NREC_B.Spot 1883.jpg,pepper_bacterial_spot,2,train,plantvillage,pepper_bacterial_spot:163
train/pepper_bacterial_spot/cef63924-0e7e-4df3-9b8c-bdc80f3215f2___JR_B.Spot 3376.jpg,pepper_bacterial_spot,2,train,plantvillage,pepper_bacterial_spot:165
train/pepper_bacterial_spot/d22776e6-5234-4c6b-a196-a04b281c3808___JR_B.Spot 3351.jpg,pepper_bacterial_spot,2,train,plantvillage,pepper_bacterial_spot:167
train/pepper_bacterial_spot/d2a4d03b-3234-4ce5-9fcb-3d6e5fddae51___NREC_B.Spot 1894.jpg,pepper_bacterial_spot,2,train,plantvillage,pepper_bacterial_spot:168
train/pepper_bacterial_spot/d8f12aac-c54d-40e0-9ec3-ea6f0220314a___JR_B.Spot 3248.jpg,pepper_bacterial_spot,2,train,plantvillage,pepper_bacterial_spot:170
train/pepper_bacterial_spot/d93d572c-d016-4c57-a9b2-af77c3521405___JR_B.Spot 3336.jpg,pepper_bacterial_spot,2,train,plantvillage,pepper_bacterial_spot:171
train/pepper_bacterial_spot/d9bc75ea-cbc2-4677-b8f8-8b7181c8292c___JR_B.Spot 8923.jpg,pepper_bacterial_spot,2,train,plantvillage,pepper_bacterial_spot:172
train/pepper_bacterial_spot/df70c605-70e2-4850-862a-a9d13d7e14f2___NREC_B.Spot 9137.jpg,pepper_bacterial_spot,2,train,plantvillage,pepper_bacterial_spot:174
train/pepper_bacterial_spot/e230f529-47b2-4841-9b10-2447be1b31da___NREC_B.Spot 9118.jpg,pepper_bacterial_spot,2,train,plantvillage,pepper_bacterial_spot:176
train/pepper_bacterial_spot/e2baac0d-0b5c-4e1d-90d9-70a8d6a6855b___JR_B.Spot 9015.jpg,pepper_bacterial_spot,2,train,plantvillage,pepper_bacterial_spot:178
train/pepper_bacterial_spot/e2bc1ccf-bbc2-457b-89cb-6e7154ec3414___NREC_B.Spot 9092.jpg,pepper_bacterial_spot,2,train,plantvillage,pepper_bacterial_spot:179
train/pepper_bacterial_spot/e616baf2-95a6-41e6-8357-5d35c9aac031___JR_B.Spot 3245.jpg,pepper_bacterial_spot,2,train,plantvillage,pepper_bacterial_spot:181
train/pepper_bacterial_spot/e87de1b1-6022-49ce-b073-c1c43776328c___JR_B.Spot 8944.jpg,pepper_bacterial_spot,2,train,plantvillage,pepper_bacterial_spot:182
train/pepper_bacterial_spot/e8e03ae2-a11f-4af1-879b-66d71af9ba13___NREC_B.Spot 1857.jpg,pepper_bacterial_spot,2,train,plantvillage,pepper_bacterial_spot:183
train/pepper_bacterial_spot/e8fc71b3-6ab8-4ca7-93c8-89fdc03ec004___JR_B.Spot 8990.jpg,pepper_bacterial_spot,2,train,plantvillage,pepper_bacterial_spot:184
train/pepper_bacterial_spot/e90ac690-4fbd-4ded-94f2-af7373479164___JR_B.Spot 8931.jpg,pepper_bacterial_spot,2,train,plantvillage,pepper_bacterial_spot:185
train/pepper_bacterial_spot/ea460c0a-532e-492b-93fa-5b9b936c7506___NREC_B.Spot 1810.jpg,pepper_bacterial_spot,2,train,plantvillage,pepper_bacterial_spot:186
train/pepper_bacterial_spot/eabaa1bb-a866-4670-887e-3d9897c31fae___JR_B.Spot 3274.jpg,pepper_bacterial_spot,2,train,plantvillage,pepper_bacterial_spot:187
train/pepper_bacterial_spot/eecaf451-abc4-4079-b612-f6a15d95ca6e___JR_B.Spot 3398.jpg,pepper_bacterial_spot,2,train,plantvillage,pepper_bacterial_spot:189
train/pepper_bacterial_spot/f3cc0f80-ee73-47d4-b084-fd811ebe0206___NREC_B.Spot 1917.jpg,pepper_bacterial_spot,2,train,plantvillage,pepper_bacterial_spot:192
train/pepper_bacterial_spot/f3cdfb4a-f1d9-4f95-a036-5a9fb585e570___JR_B.Spot 3110.jpg,pepper_bacterial_spot,2,train,plantvillage,pepper_bacterial_spot:193
train/pepper_bacterial_spot/fb3f399e-bc2f-418e-8b4e-a834b9f40c1b___JR_B.Spot 9097.jpg,pepper_bacterial_spot,2,train,plantvillage,pepper_bacterial_spot:195
train/pepper_bacterial_spot/fc3f58b8-c3e1-446e-8e46-316e308aa6aa___JR_B.Spot 3293.jpg,pepper_bacterial_spot,2,train,plantvillage,pepper_bacterial_spot:196
train/pepper_bacterial_spot/fe0f9f93-fb79-45fa-a195-6b85141ad2aa___NREC_B.Spot 9227.jpg,pepper_bacterial_spot,2,train,plantvillage,pepper_bacterial_spot:198
train/pepper_bacterial_spot/ffa3b1df-49c6-4fd2-9ec5-1ca5eb175797___JR_B.Spot 3254.jpg,pepper_bacterial_spot,2,train,plantvillage,pepper_bacterial_spot:199
train/pepper_healthy/00100ffa-095e-4881-aebf-61fe5af7226e___JR_HL 7886.jpg,pepper_healthy,3,train,plantvillage,pepper_healthy:0
train/pepper_healthy/016ed5ad-be29-4e9d-8ae5-069a016b1327___JR_HL 8536.jpg,pepper_healthy,3,train,plantvillage,pepper_healthy:1
train/pepper_healthy/01fbd010-0cc1-4c48-98bc-49e328bf9bbc___JR_HL 8584.jpg,pepper_healthy,3,train,plantvillage,pepper_healthy:2
train/pepper_healthy/023f9133-6194-41d5-b4b0-e82821bda698___JR_HL 5884.jpg,pepper_healthy,3,train,plantvillage,pepper_healthy:3
train/pepper_healthy/02a7d2e5-9169-4856-9683-d4fa9894e012___JR_HL 8002.jpg,pepper_healthy,3,train,plantvillage,pepper_healthy:4
train/pepper_healthy/030eee8e-5db2-4596-8ebc-6ab9b2fec504___JR_HL 5993.jpg,pepper_healthy,3,train,plantvillage,pepper_healthy:5
train/pepper_healthy/035746b5-cbe6-4e5d-9c3a-4bfc5c6cf5a1___JR_HL 7728.jpg,pepper_healthy,3,train,plantvillage,pepper_healthy:7
train/pepper_healthy/036a4558-093c-4317-a9df-742fdfef335a___JR_HL 8310.jpg,pepper_healthy,3,train,plantvillage,pepper_healthy:8
train/pepper_healthy/08203033-de6c-41fc-b5d2-ea5d3ac9da4f___JR_HL 5854.jpg,pepper_healthy,3,train,plantvillage,pepper_healthy:11
train/pepper_healthy/088fa58f-14a5-476b-b0d6-e2a2d8a1dd2a___JR_HL 7643.jpg,pepper_healthy,3,train,plantvillage,pepper_healthy:12
train/pepper_healthy/0bb97c36-159d-4ee2-8b06-1fbf3f533af5___JR_HL 8345.jpg,pepper_healthy,3,train,plantvillage,pepper_healthy:14
train/pepper_healthy/0eabc3c2-d492-4227-90d8-14dab9fd4a9a___JR_HL 8699.jpg,pepper_healthy,3,train,plantvillage,pepper_healthy:16
train/pepper_healthy/0f4823db-878f-4d55-8d0f-ef011243dfda___JR_HL 8436.jpg,pepper_healthy,3,train,plantvillage,pepper_healthy:18
train/pepper_healthy/110e0412-89b7-4ecc-8650-24f34bae2849___JR_HL 8305.jpg,pepper_healthy,3,train,plantvillage,pepper_healthy:21
train/pepper_healthy/12e22bb7-46e1-4714-8139-83e3a9bfef07___JR_HL 7813.jpg,pepper_healthy,3,train,plantvillage,pepper_healthy:22
train/pepper_healthy/147582b1-0d36-4409-8810-1fd5d4304388___JR_HL 5977.jpg,pepper_healthy,3,train,plantvillage,pepper_healthy:23
train/pepper_healthy/14a8f40d-e1b2-4d17-8bf1-c16c56f48d4c___JR_HL 8239.jpg,pepper_healthy,3,train,plantvillage,pepper_healthy:24
train/pepper_healthy/1629488b-4d52-423d-bb67-448479fa573b___JR_HL 8607.jpg,pepper_healthy,3,train,plantvillage,pepper_healthy:26
train/pepper_healthy/17ed106f-ebaf-4049-a325-efb3040e6303___JR_HL 8307.jpg,pepper_healthy,3,train,plantvillage,pepper_healthy:27
train/pepper_healthy/18f75aea-62fb-4c71-998a-ff62d078ab21___JR_HL 8174.jpg,pepper_healthy,3,train,plantvillage,pepper_healthy:28
train/pepper_healthy/1b574484-60cd-4ae4-83ed-511a5ae07ea8___JR_HL 7849.jpg,pepper_healthy,3,train,plantvillage,pepper_healthy:30
train/pepper_healthy/1c665f14-938a-4563-8613-031a2cb04453___JR_HL 5815.jpg,pepper_healthy,3,train,plantvillage,pepper_healthy:31
train/pepper_healthy/1d0430f7-af9b-4e3d-9d4a-47cf676556fe___JR_HL 5938.jpg,pepper_healthy,3,train,plantvillage,pepper_healthy:32
train/pepper_healthy/1dab0ba9-9982-46ec-9ef6-70a1698baf04___JR_HL 8690.jpg,pepper_healthy,3,train,plantvillage,pepper_healthy:33
train/pepper_healthy/1f700218-0a6a-47ad-a7fa-ded709ab4d2a___JR_HL 5930.jpg,pepper_healthy,3,train,plantvillage,pepper_healthy:34
train/pepper_healthy/21243b10-533b-4f8d-9ded-2cdff9a223b7___JR_HL 8232.jpg,pepper_healthy,3,train,plantvillage,pepper_healthy:35
train/pepper_healthy/234945aa-456b-4f88-856c-40ea3dacf0d7___JR_HL 5889.jpg,pepper_healthy,3,train,plantvillage,pepper_healthy:36
train/pepper_healthy/2359f487-7e4a-4480-a788-72fbc570afba___JR_HL 7739.jpg,pepper_healthy,3,train,plantvillage,pepper_healthy:37
train/pepper_healthy/25f0c780-fe79-473f-914a-d7201eb2a3c1___JR_HL 8512.jpg,pepper_healthy,3,train,plantvillage,pepper_healthy:38
train/pepper_healthy/264428d4-7bc0-437e-b4ee-0ee67a742304___JR_HL 5890.jpg,pepper_healthy,3,train,plantvillage,pepper_healthy:39
train/pepper_healthy/26605bb8-e0b1-4232-b4bb-a4aba0b47edd___JR_HL 8777.jpg,pepper_healthy,3,train,plantvillage,pepper_healthy:40
train/pepper_healthy/26eac7c9-e388-4110-b3c6-aaaebd7b0d8e___JR_HL 8566.jpg,pepper_healthy,3,train,plantvillage,pepper_healthy:41
train/pepper_healthy/296be9fb-0c43-48a4-9d05-8d906fee9c16___JR_HL 8643.jpg,pepper_healthy,3,train,plantvillage,pepper_healthy:43
train/pepper_healthy/297f886b-edfb-4116-bbd0-0c45ad0ae26f___JR_HL 8206.jpg,pepper_healthy,3,train,plantvillage,pepper_healthy:44
train/pepper_healthy/2a5eb7c8-4c8b-43a6-9448-b3983beef06c___JR_HL 8248.jpg,pepper_healthy,3,train,plantvillage,pepper_healthy:46
train/pepper_healthy/2a5fb2e8-b104-438e-9b40-822c3e01d3fb___JR_HL 8247.jpg,pepper_healthy,3,train,plantvillage,pepper_healthy:47
train/pepper_healthy/2b0eaba8-5c38-4eb2-8629-7b967cfd2b20___JR_HL 8062.jpg,pepper_healthy,3,train,plantvillage,pepper_healthy:48
train/pepper_healthy/2c76bbee-0033-4186-bdc6-3f70092c4046___JR_HL 6000.jpg,pepper_healthy,3,train,plantvillage,pepper_healthy:49
train/pepper_healthy/2d53efe9-0845-4091-97b5-9ca7001e04c9___JR_HL 7758.jpg,pepper_healthy,3,train,plantvillage,pepper_healthy:50
train/pepper_healthy/2d909414-0496-462b-b972-0ae16ee8f1e9___JR_HL 8061.jpg,pepper_healthy,3,train,plantvillage,pepper_healthy:51
train/pepper_healthy/2d93ee5a-6562-49c4-82fd-f5fbc950f4df___JR_HL 5943.jpg,pepper_healthy,3,train,plantvillage,pepper_healthy:52
train/pepper_healthy/2ddd4ad3-221e-4400-a188-0c5ae7a18403___JR_HL 8154.jpg,pepper_healthy,3,train,plantvillage,pepper_healthy:53
train/pepper_healthy/33227b26-600a-49ad-ad1c-2667442fcbc2___JR_HL 8882.jpg,pepper_healthy,3,train,plantvillage,pepper_healthy:56
train/pepper_healthy/3355f3b6-7d93-4409-9e6f-6344b660e70f___JR_HL 8349.jpg,pepper_healthy,3,train,plantvillage,pepper_healthy:57
train/pepper_healthy/35390f28-2e9e-4f2c-b84e-cc1a7ad55fa8___JR_HL 8708.jpg,pepper_healthy,3,train,plantvillage,pepper_healthy:58
train/pepper_healthy/3688ae98-5f85-4df3-a51f-07ad8707d5a5___JR_HL 8751.jpg,pepper_healthy,3,train,plantvillage,pepper_healthy:59
train/pepper_healthy/37829073-ac95-4e17-a0d2-56bfb8358ebf___JR_HL 7819.jpg,pepper_healthy,3,train,plantvillage,pepper_healthy:60
train/pepper_healthy/37a48c05-400a-487c-a64d-d90da02d0ef8___JR_HL 7961.jpg,pepper_healthy,3,train,plantvillage,pepper_healthy:61
train/pepper_healthy/389063cb-adf2-412a-b9d3-94ff948d7353___JR_HL 5880.jpg,pepper_healthy,3,train,plantvillage,pepper_healthy:62
train/pepper_healthy/3905568b-2ddd-4c71-bfc9-16bc8f2c3119___JR_HL 8008.jpg,pepper_healthy,3,train,plantvillage,pepper_healthy:63
train/pepper_healthy/3b0f8dbb-905b-4bdc-b4c6-231a22a47287___JR_HL 7610.jpg,pepper_healthy,3,train,plantvillage,pepper_healthy:66
train/pepper_healthy/401e43fb-f5f5-40b7-9fe8-d466ecb233c7___JR_HL 8137.jpg,pepper_healthy,3,train,plantvillage,pepper_healthy:67
train/pepper_healthy/4173faa6-34ef-4759-a763-4102f8f5f2d5___JR_HL 8542.jpg,pepper_healthy,3,train,plantvillage,pepper_healthy:68
train/pepper_healthy/433b061f-73ad-430f-9ad8-f6fc4c7577af___JR_HL 7941.jpg,pepper_healthy,3,train,plantvillage,pepper_healthy:70
train/pepper_healthy/452dd2b2-6d8e-46d5-a791-6e693fd9354b___JR_HL 8887.jpg,pepper_healthy,3,train,plantvillage,pepper_healthy:72
train/pepper_healthy/458e551e-4674-4f35-8d75-8c5de29b35b9___JR_HL 5999.jpg,pepper_healthy,3,train,plantvillage,pepper_healthy:73
train/pepper_healthy/4696cbe7-0515-4dbf-a3f6-067d6358816f___JR_HL 8443.jpg,pepper_healthy,3,train,plantvillage,pepper_healthy:74
train/pepper_healthy/46c8faee-096a-47c5-94d1-b23c0a68fb56___JR_HL 7587.jpg,pepper_healthy,3,train,plantvillage,pepper_healthy:75
train/pepper_healthy/47640adf-fab7-4b61-9f88-93591162cfc9___JR_HL 7995.jpg,pepper_healthy,3,train,plantvillage,pepper_healthy:76
train/pepper_healthy/495a82d9-e4ad-41d8-8e66-00a60f44d15b___JR_HL 8276.jpg,pepper_healthy,3,train,plantvillage,pepper_healthy:78
train/pepper_healthy/498c3933-65ca-487e-91d1-35c715d281f2___JR_HL 7706.jpg,pepper_healthy,3,train,plantvillage,pepper_healthy:80
train/pepper_healthy/49b4fd49-ffc0-40c3-ad76-452b933d58c7___JR_HL 8267.jpg,pepper_healthy,3,train,plantvillage,pepper_healthy:81
train/pepper_healthy/4a5268b4-1614-4ea5-b973-72126fbfd7f2___JR_HL 8102.jpg,pepper_healthy,3,train,plantvillage,pepper_healthy:84
train/pepper_healthy/4bb66ce9-f62e-40e5-b25c-42e5aa2bcd89___JR_HL 8396.jpg,pepper_healthy,3,train,plantvillage,pepper_healthy:85
train/pepper_healthy/52197c22-7ca0-4ec1-b1b1-c91b4f5aba8e___JR_HL 8085.jpg,pepper_healthy,3,train,plantvillage,pepper_healthy:88
train/pepper_healthy/547251ae-ce0c-423b-8d1f-afec4f2eb7bd___JR_HL 8227.jpg,pepper_healthy,3,train,plantvillage,pepper_healthy:89
train/pepper_healthy/565744a9-b6ab-46c2-bc42-f92731c6ff4c___JR_HL 7850.jpg,pepper_healthy,3,train,plantvillage,pepper_healthy:30
train/pepper_healthy/56b77f5c-f00a-433e-a9de-3d0e7cc628a6___JR_HL 5887.jpg,pepper_healthy,3,train,plantvillage,pepper_healthy:90
train/pepper_healthy/5853d9df-3ee8-492e-b6c6-ecffa0627b36___JR_HL 7558.jpg,pepper_healthy,3,train,plantvillage,pepper_healthy:91
train/pepper_healthy/5a6ed509-461a-4ad4-bf52-fe967df0fc09___JR_HL 8598.jpg,pepper_healthy,3,train,plantvillage,pepper_healthy:93
train/pepper_healthy/5aab6778-8eb7-4397-8912-0ef8a54d8c01___JR_HL 8046.jpg,pepper_healthy,3,train,plantvillage,pepper_healthy:95
train/pepper_healthy/5af94784-1208-4c66-b95d-5743128bde63___JR_HL 7711.jpg,pepper_healthy,3,train,plantvillage,pepper_healthy:96
train/pepper_healthy/5cad2f55-2c15-4b55-b148-abac485b6757___JR_HL 8052.jpg,pepper_healthy,3,train,plantvillage,pepper_healthy:98
train/pepper_healthy/5ee3b3d6-51d7-4106-a7be-c194dd0b762a___JR_HL 7656.jpg,pepper_healthy,3,train,plantvillage,pepper_healthy:99
train/pepper_healthy/5f11a48a-467f-4639-adcb-f7189c669a5f___JR_HL 8348.jpg,pepper_healthy,3,train,plantvillage,pepper_healthy:100
train/pepper_healthy/60e7a859-d177-4fcb-aec8-352d2eab0791___JR_HL 5922.jpg,pepper_healthy,3,train,plantvillage,pepper_healthy:103
train/pepper_healthy/610972ab-5241-4d67-834f-60d8258c93d8___JR_HL 7713.jpg,pepper_healthy,3,train,plantvillage,pepper_healthy:104
train/pepper_healthy/6189bc8c-6309-4692-8fa2-efe95f3c27d1___JR_HL 7802.jpg,pepper_healthy,3,train,plantvillage,pepper_healthy:105
train/pepper_healthy/6211ceea-7c65-4051-bf99-6b9df60f0dae___JR_HL 8662.jpg,pepper_healthy,3,train,plantvillage,pepper_healthy:106
train/pepper_healthy/65b2d5c2-a737-43cf-b83f-dfa749c1d143___JR_HL 5862.jpg,pepper_healthy,3,train,plantvillage,pepper_healthy:112
train/pepper_healthy/666a5ac6-7394-4465-9e93-7bc29e04ed3b___JR_HL 8134.jpg,pepper_healthy,3,train,plantvillage,pepper_healthy:113
train/pepper_healthy/6de912b6-f7e5-4980-be35-63ba2564d5d3___JR_HL 8059.jpg,pepper_healthy,3,train,plantvillage,pepper_healthy:116
train/pepper_healthy/6f4a6979-a431-409f-9211-cc7a4c643a12___JR_HL 8121.jpg,pepper_healthy,3,train,plantvillage,pepper_healthy:119
train/pepper_healthy/705ed2b5-efe8-48eb-8f95-3274d0841027___JR_HL 8368.jpg,pepper_healthy,3,train,plantvillage,pepper_healthy:120
train/pepper_healthy/71c6e89b-d7df-4ae7-87ff-d58fcef032a8___JR_HL 5836.jpg,pepper_healthy,3,train,plantvillage,pepper_healthy:121
train/pepper_healthy/76709325-888a-4972-b171-b78e3fb2bfe5___JR_HL 8036.jpg,pepper_healthy,3,train,plantvillage,pepper_healthy:126
train/pepper_healthy/76d235a2-a493-41f8-b1a6-f0d610773c2b___JR_HL 7741.jpg,pepper_healthy,3,train,plantvillage,pepper_healthy:127
train/pepper_healthy/77e54e8d-590d-4f33-9993-838b7a3882b3___JR_HL 8646.jpg,pepper_healthy,3,train,plantvillage,pepper_healthy:128
train/pepper_healthy/78b80c38-32da-4a77-bbde-8ff9e5bfd47d___JR_HL 8094.jpg,pepper_healthy,3,train,plantvillage,pepper_healthy:130
train/pepper_healthy/78d6d5a4-9e5b-424d-890b-1893a4c4fba4___JR_HL 7930.jpg,pepper_healthy,3,train,plantvillage,pepper_healthy:131
train/pepper_healthy/79b1f325-0bdf-45b4-a38f-4132ddf70f6d___JR_HL 8357.jpg,pepper_healthy,3,train,plantvillage,pepper_healthy:132
train/pepper_healthy/79fb9f7d-f4e1-4e0e-9968-b2e3ab9f8953___JR_HL 8409.jpg,pepper_healthy,3,train,plantvillage,pepper_healthy:133
train/pepper_healthy/7a44481e-a02a-4174-9927-b2ded2888da9___JR_HL 7966.jpg,pepper_healthy,3,train,plantvillage,pepper_healthy:134
train/pepper_healthy/7a6e3db8-ff01-4fb8-888c-0bda136900c6___JR_HL 8835.jpg,pepper_healthy,3,train,plantvillage,pepper_healthy:135
train/pepper_healthy/7bb213e0-2c58-43dc-9fb2-7c90474887eb___JR_HL 8689.jpg,pepper_healthy,3,train,plantvillage,pepper_healthy:138
train/pepper_healthy/7c36055a-505d-4fd3-9b2f-d165f1324a92___JR_HL 8265.jpg,pepper_healthy,3,train,plantvillage,pepper_healthy:139
train/pepper_healthy/7c482062-5c2b-423e-a244-9aca359f1131___JR_HL 8895.jpg,pepper_healthy,3,train,plantvillage,pepper_healthy:140
train/pepper_healthy/7c95b0e8-b8df-4312-aca8-51d4731e7c1e___JR_HL 8899.jpg,pepper_healthy,3,train,plantvillage,pepper_healthy:141
train/pepper_healthy/7cf9831d-709b-4283-9ac1-70e601d5d740___JR_HL 7742.jpg,pepper_healthy,3,train,plantvillage,pepper_healthy:142
train/pepper_healthy/7d949066-dd95-4be3-bde3-7ba0f410e771___JR_HL 8226.jpg,pepper_healthy,3,train,plantvillage,pepper_healthy:143
train/pepper_healthy/7dfaee93-0cc9-4173-9622-cc3e877474c6___JR_HL 8447.jpg,pepper_healthy,3,train,plantvillage,pepper_healthy:144
train/pepper_healthy/8132d8e7-0e12-4509-8a2a-e61540e0f2cf___JR_HL 8244.jpg,pepper_healthy,3,train,plantvillage,pepper_healthy:146
train/pepper_healthy/843ef0a7-5eed-45b5-98b4-4c2fc94084cf___JR_HL 7922.jpg,pepper_healthy,3,train,plantvillage,pepper_healthy:149
train/pepper_healthy/8485a59c-2014-49e9-bed5-7581cb9fcd84___JR_HL 8319.jpg,pepper_healthy,3,train,plantvillage,pepper_healthy:150
train/pepper_healthy/85bf3b78-72e9-4e2a-8f7c-b330b36170ab___JR_HL 5981.jpg,pepper_healthy,3,train,plantvillage,pepper_healthy:152
train/pepper_healthy/8665928b-77f2-483b-88eb-c7c08b3a6bde___JR_HL 7938.jpg,pepper_healthy,3,train,plantvillage,pepper_healthy:153
train/pepper_healthy/86a0dc7a-8ac2-40c3-af58-2bfa6a6fb0c5___JR_HL 8241.jpg,pepper_healthy,3,train,plantvillage,pepper_healthy:154
train/pepper_healthy/86ab8e24-ef8e-41a9-b21a-052380f87f61___JR_HL 5830.jpg,pepper_healthy,3,train,plantvillage,pepper_healthy:155
train/pepper_healthy/871be79b-b1f0-42a1-9833-2d8b45cc18d9___JR_HL 8356.jpg,pepper_healthy,3,train,plantvillage,pepper_healthy:156
train/pepper_healthy/8b1bc870-8cff-476f-b8cb-e17ab5e1e2d7___JR_HL 8845.jpg,pepper_healthy,3,train,plantvillage,pepper_healthy:157
train/pepper_healthy/8e72a5ec-554d-4e13-a8ff-19f9177037eb___JR_HL 5896.jpg,pepper_healthy,3,train,plantvillage,pepper_healthy:158
train/pepper_healthy/8e850563-1fd4-4559-82de-f95dffd1f159___JR_HL 6004.jpg,pepper_healthy,3,train,plantvillage,pepper_healthy:159
train/pepper_healthy/91cb4421-e15b-4125-a854-d1d2c65b1267___JR_HL 5936.jpg,pepper_healthy,3,train,plantvillage,pepper_healthy:161
train/pepper_healthy/92688273-9135-48c4-82b1-f4e0a32fafe1___JR_HL 5848.jpg,pepper_healthy,3,train,plantvillage,pepper_healthy:162
train/pepper_healthy/939d5042-a50f-4c4e-9f07-74437d88cd85___JR_HL 7883.jpg,pepper_healthy,3,train,plantvillage,pepper_healthy:163
train/pepper_healthy/95a9e556-6a4e-460b-9149-9d9d8de4ffa5___JR_HL 8015.jpg,pepper_healthy,3,train,plantvillage,pepper_healthy:164
train/pepper_healthy/985f0d8c-db2c-470c-87a2-5d923bc8da7e___JR_HL 8790.jpg,pepper_healthy,3,train,plantvillage,pepper_healthy:167
train/pepper_healthy/98751541-10c2-40f7-8ba4-fb200d8521ee___JR_HL 6008.jpg,pepper_healthy,3,train,plantvillage,pepper_healthy:168
train/pepper_healthy/9b2cfd07-d31c-4bc5-b055-dbb36090a4b1___JR_HL 8411.jpg,pepper_healthy,3,train,plantvillage,pepper_healthy:133
train/pepper_healthy/9bb6069e-32bf-430b-8e01-ff446560665c___JR_HL 5872.jpg,pepper_healthy,3,train,plantvillage,pepper_healthy:169
train/pepper_healthy/9d62abba-a162-4bba-8b4d-da33a01a4347___JR_HL 8687.jpg,pepper_healthy,3,train,plantvillage,pepper_healthy:170
train/pepper_healthy/a0140b14-8370-4c95-9195-cdb779122dd7___JR_HL 7580.jpg,pepper_healthy,3,train,plantvillage,pepper_healthy:174
train/pepper_healthy/a1c4d6a6-05b9-4cef-bb9d-919c086567a1___JR_HL 7998.jpg,pepper_healthy,3,train,plantvillage,pepper_healthy:176
train/pepper_healthy/a1f59b7c-e4db-494f-a229-8ef66f4d842a___JR_HL 8477.jpg,pepper_healthy,3,train,plantvillage,pepper_healthy:177
train/pepper_healthy/a4323d53-447d-45df-9733-5bf958108d10___JR_HL 5974.jpg,pepper_healthy,3,train,plantvillage,pepper_healthy:180
train/pepper_healthy/a53a0c02-3353-40c3-98ee-e4e9d7432b19___JR_HL 8760.jpg,pepper_healthy,3,train,plantvillage,pepper_healthy:182
train/pepper_healthy/a558bc8d-6d5b-42d0-b9b5-c3cb34d60b54___JR_HL 8583.jpg,pepper_healthy,3,train,plantvillage,pepper_healthy:183
train/pepper_healthy/a580b949-8980-42cc-80dc-7dd33b0e5975___JR_HL 8487.jpg,pepper_healthy,3,train,plantvillage,pepper_healthy:184
train/pepper_healthy/a583c3b4-1a4b-4409-b544-ec8f2a531efd___JR_HL 8108.jpg,pepper_healthy,3,train,plantvillage,pepper_healthy:185
train/pepper_healthy/a630dfe7-57e4-4053-9045-5168f8e0a4b3___JR_HL 8044.jpg,pepper_healthy,3,train,plantvillage,pepper_healthy:186
train/pepper_healthy/a78a9a04-3ff9-44b2-bf18-58d5dc301014___JR_HL 8633.jpg,pepper_healthy,3,train,plantvillage,pepper_healthy:188
train/pepper_healthy/a9a683f3-e87f-4cd9-8930-65a8c13b519b___JR_HL 7889.jpg,pepper_healthy,3,train,plantvillage,pepper_healthy:189
train/pepper_healthy/aa0275cd-a517-48e3-8454-4d7e3894d46c___JR_HL 8498.jpg,pepper_healthy,3,train,plantvillage,pepper_healthy:190
train/pepper_healthy/aac28257-984b-4663-b70b-0301cda09128___JR_HL 8184.jpg,pepper_healthy,3,train,plantvillage,pepper_healthy:192
train/pepper_healthy/abc2d827-8c14-4a55-90d0-101d05624c5d___JR_HL 7839.jpg,pepper_healthy,3,train,plantvillage,pepper_healthy:193
train/pepper_healthy/acfdebad-66f9-4f9d-b302-55fd79345b2a___JR_HL 8672.jpg,pepper_healthy,3,train,plantvillage,pepper_healthy:195
train/pepper_healthy/ad1303c4-8c71-484d-aa80-2f43e8cce03d___JR_HL 8207.jpg,pepper_healthy,3,train,plantvillage,pepper_healthy:196
train/pepper_healthy/ad4ccae1-2313-4ca6-9486-88caef4bd7ba___JR_HL 8603.jpg,pepper_healthy,3,train,plantvillage,pepper_healthy:197
train/pepper_healthy/adb7a855-3b4f-4c7d-978d-b79e5b7cc101___JR_HL 7908.jpg,pepper_healthy,3,train,plantvillage,pepper_healthy:198
train/pepper_healthy/b0dfaf4d-1c02-4438-b711-274dc92f8ed7___JR_HL 8180.jpg,pepper_healthy,3,train,plantvillage,pepper_healthy:202
train/pepper_healthy/b1b97da5-2df5-4530-913a-721a35881ebf___JR_HL 8877.jpg,pepper_healthy,3,train,plantvillage,pepper_healthy:204
train/pepper_healthy/b3025d7b-862b-4ec3-9724-982a12e305e5___JR_HL 7804.jpg,pepper_healthy,3,train,plantvillage,pepper_healthy:205
train/pepper_healthy/b3f3c64e-d3f1-42e9-9c6f-51ab8ab36a4d___JR_HL 7717.jpg,pepper_healthy,3,train,plantvillage,pepper_healthy:207
train/pepper_healthy/b6220cf3-e18d-4303-a7ed-cf60570bed93___JR_HL 5814.jpg,pepper_healthy,3,train,plantvillage,pepper_healthy:208
train/pepper_healthy/b7103e2b-ef67-441b-b462-be6f0513dee0___JR_HL 8452.jpg,pepper_healthy,3,train,plantvillage,pepper_healthy:209
train/pepper_healthy/b72ec90d-3d41-4fac-a96e-5e532de87d9c___JR_HL 8120.jpg,pepper_healthy,3,train,plantvillage,pepper_healthy:210
train/pepper_healthy/b81f901d-c870-43fd-b7c7-9b699d10d27e___JR_HL 8316.jpg,pepper_healthy,3,train,plantvillage,pepper_healthy:211
train/pepper_healthy/ba3e009a-3eee-4a31-878e-e9a6c61494a9___JR_HL 8288.jpg,pepper_healthy,3,train,plantvillage,pepper_healthy:213
train/pepper_healthy/ba527e73-8be2-4c53-9e5b-cafeab987bba___JR_HL 8037.jpg,pepper_healthy,3,train,plantvillage,pepper_healthy:214
train/pepper_healthy/bc3d7abd-ffef-4c23-b466-b193a950b544___JR_HL 8083.jpg,pepper_healthy,3,train,plantvillage,pepper_healthy:216
train/pepper_healthy/bdd0091e-a52a-4a80-8676-526c4fe75433___JR_HL 8718.jpg,pepper_healthy,3,train,plantvillage,pepper_healthy:217
train/pepper_healthy/be7c775f-b1d7-4a56-b815-afac3d69bd9e___JR_HL 7818.jpg,pepper_healthy,3,train,plantvillage,pepper_healthy:218
train/pepper_healthy/c02c082f-9827-4362-be48-e34c12c9d084___JR_HL 8334.jpg,pepper_healthy,3,train,plantvillage,pepper_healthy:219
train/pepper_healthy/c0f919fb-1cbb-47e6-9308-87796ab6acac___JR_HL 8734.jpg,pepper_healthy,3,train,plantvillage,pepper_healthy:220
train/pepper_healthy/c2ea8ee9-836a-4c76-8101-7708a35f2717___JR_HL 7733.jpg,pepper_healthy,3,train,plantvillage,pepper_healthy:221
train/pepper_healthy/c3b2554c-1408-445d-8f08-fae1b240b930___JR_HL 5956.jpg,pepper_healthy,3,train,plantvillage,pepper_healthy:222
train/pepper_healthy/c6111f5b-213f-4a67-bdda-7bb5af53c637___JR_HL 7637.jpg,pepper_healthy,3,train,plantvillage,pepper_healthy:224
train/pepper_healthy/c6a65a3f-c1cc-419f-9c44-50dcacf560b0___JR_HL 8298.jpg,pepper_healthy,3,train,plantvillage,pepper_healthy:225
train/pepper_healthy/c6b87f19-e8b4-437c-b0c0-13b3038e55be___JR_HL 8830.jpg,pepper_healthy,3,train,plantvillage,pepper_healthy:226
train/pepper_healthy/c6dfe386-62c3-464d-8815-2a6c08531d11___JR_HL 8538.jpg,pepper_healthy,3,train,plantvillage,pepper_healthy:227
train/pepper_healthy/c8435849-38fc-453b-97d2-fee72dfb13b1___JR_HL 8132.jpg,pepper_healthy,3,train,plantvillage,pepper_healthy:228
train/pepper_healthy/c84c6a2f-a674-4675-901c-84723b014de1___JR_HL 7788.jpg,pepper_healthy,3,train,plantvillage,pepper_healthy:229
train/pepper_healthy/c86292c5-5f49-498d-9339-5f8d5d0b7492___JR_HL 7821.jpg,pepper_healthy,3,train,plantvillage,pepper_healthy:230
train/pepper_healthy/ca1c9cb1-75e6-4937-85ec-814aaac3bc32___JR_HL 8620.jpg,pepper_healthy,3,train,plantvillage,pepper_healthy:231
train/pepper_healthy/cbc69440-99b0-46b4-ba9d-faf487692528___JR_HL 8674.jpg,pepper_healthy,3,train,plantvillage,pepper_healthy:233
train/pepper_healthy/cbf84b0f-8d48-4c97-ad91-fdda41af905f___JR_HL 8033.jpg,pepper_healthy,3,train,plantvillage,pepper_healthy:234
train/pepper_healthy/cc1da016-287b-4669-aceb-2dd35cd0d78a___JR_HL 7698.jpg,pepper_healthy,3,train,plantvillage,pepper_healthy:235
train/pepper_healthy/cebc8525-5beb-45d4-b42b-2e3b3f4fa59e___JR_HL 7673.jpg,pepper_healthy,3,train,plantvillage,pepper_healthy:237
train/pepper_healthy/cf507d7d-0635-4123-8988-fcd92ed17d76___JR_HL 7968.jpg,pepper_healthy,3,train,plantvillage,pepper_healthy:238
train/pepper_healthy/d00322d6-55cb-43fb-9685-927c6939736b___JR_HL 7903.jpg,pepper_healthy,3,train,plantvillage,pepper_healthy:239
train/pepper_healthy/d0b2d824-78a1-4ddc-985e-f8d2077955d3___JR_HL 7785.jpg,pepper_healthy,3,train,plantvillage,pepper_healthy:241
train/pepper_healthy/d0bce877-53bf-4be0-b05d-6f403c5d4504___JR_HL 8838.jpg,pepper_healthy,3,train,plantvillage,pepper_healthy:242
train/pepper_healthy/d221a778-23fd-4c43-b02f-aee1bff4d828___JR_HL 8021.jpg,pepper_healthy,3,train,plantvillage,pepper_healthy:244
train/pepper_healthy/d382a1c3-8bd6-4a24-a231-a99b61404e48___JR_HL 8692.jpg,pepper_healthy,3,train,plantvillage,pepper_healthy:246
train/pepper_healthy/d42c38ac-661e-4af1-8352-0a1fd5c56cd7___JR_HL 8019.jpg,pepper_healthy,3,train,plantvillage,pepper_healthy:247
train/pepper_healthy/d5c1285f-07eb-447c-b606-ff6c9d1398ad___JR_HL 8263.jpg,pepper_healthy,3,train,plantvillage,pepper_healthy:248
train/pepper_healthy/d670dc7a-8f79-477b-8cb3-170466f71667___JR_HL 8848.jpg,pepper_healthy,3,train,plantvillage,pepper_healthy:249
train/pepper_healthy/d84e8e33-74fc-41e7-b5b2-0ffcd609d191___JR_HL 7921.jpg,pepper_healthy,3,train,plantvillage,pepper_healthy:250
train/pepper_healthy/da09c517-24f0-4351-94e5-d2b775b96f0f___JR_HL 7781.jpg,pepper_healthy,3,train,plantvillage,pepper_healthy:251
train/pepper_healthy/dbadea40-bbdf-48e3-a5ad-7f78d2f335e0___JR_HL 8028.jpg,pepper_healthy,3,train,plantvillage,pepper_healthy:252
train/pepper_healthy/dcbbd3f6-1854-45fd-abac-bc77a4e46e4e___JR_HL 7803.jpg,pepper_healthy,3,train,plantvillage,pepper_healthy:254
train/pepper_healthy/de022e24-cd3f-4bf0-a009-85ee86f75bb6___JR_HL 7651.jpg,pepper_healthy,3,train,plantvillage,pepper_healthy:256
train/pepper_healthy/de2f3a82-6e1b-4697-882f-1bb01dae700e___JR_HL 8491.jpg,pepper_healthy,3,train,plantvillage,pepper_healthy:257
train/pepper_healthy/de8f27ad-c53f-4481-affe-174d3690d559___JR_HL 8562.jpg,pepper_healthy,3,train,plantvillage,pepper_healthy:258
train/pepper_healthy/df7005ca-2252-470b-aba5-e1eb43bb468e___JR_HL 5916.jpg,pepper_healthy,3,train,plantvillage,pepper_healthy:260
train/pepper_healthy/e00c6d8e-1363-4e9e-a30f-58c8972b1272___JR_HL 7636.jpg,pepper_healthy,3,train,plantvillage,pepper_healthy:262
train/pepper_healthy/e01d5bf1-6186-4e22-ade1-11a68d8a03ef___JR_HL 8593.jpg,pepper_healthy,3,train,plantvillage,pepper_healthy:263
train/pepper_healthy/e03f89bc-a4ab-4afe-b25a-590fa91f1d28___JR_HL 8695.jpg,pepper_healthy,3,train,plantvillage,pepper_healthy:264
train/pepper_healthy/e34510f2-0d40-4385-a73f-f32317d24b59___JR_HL 7874.jpg,pepper_healthy,3,train,plantvillage,pepper_healthy:265
train/pepper_healthy/e6e6e606-abe8-40b0-b57a-fa5b5ce969b0___JR_HL 7835.jpg,pepper_healthy,3,train,plantvillage,pepper_healthy:268
train/pepper_healthy/eddbea96-abe9-47be-8bda-12149f061e6a___JR_HL 8884.jpg,pepper_healthy,3,train,plantvillage,pepper_healthy:271
train/pepper_healthy/ee4400a9-c4f6-432d-985a-ff8dc730467b___JR_HL 7620.jpg,pepper_healthy,3,train,plantvillage,pepper_healthy:272
train/pepper_healthy/ee9a0425-e0ff-4ecc-809f-da248151c841___JR_HL 8880.jpg,pepper_healthy,3,train,plantvillage,pepper_healthy:273
train/pepper_healthy/eed1b6d4-c01c-4b3f-8aba-77ebc730b2f9___JR_HL 7907.jpg,pepper_healthy,3,train,plantvillage,pepper_healthy:274
train/pepper_healthy/f17e7ab8-61bb-452b-9e15-5113e2792f78___JR_HL 8442.jpg,pepper_healthy,3,train,plantvillage,pepper_healthy:275
train/pepper_healthy/f2bf8b5a-2463-49d7-83cd-097350e3ff20___JR_HL 8568.jpg,pepper_healthy,3,train,plantvillage,pepper_healthy:276
train/pepper_healthy/f2eeb551-94e8-4ac2-a5de-4702e6349f42___JR_HL 8761.jpg,pepper_healthy,3,train,plantvillage,pepper_healthy:277
train/pepper_healthy/f3af7ac3-0b06-4dae-8494-719e65334e3b___JR_HL 8766.jpg,pepper_healthy,3,train,plantvillage,pepper_healthy:278
train/pepper_healthy/f457076f-aab1-496e-a4d8-9fefb1af279a___JR_HL 8754.jpg,pepper_healthy,3,train,plantvillage,pepper_healthy:279
train/pepper_healthy/f4b1affb-3b72-44b5-890c-e7d45ab612b3___JR_HL 8825.jpg,pepper_healthy,3,train,plantvillage,pepper_healthy:281
train/pepper_healthy/f5f92be6-d496-44b5-aab7-7b372758a92c___JR_HL 8444.jpg,pepper_healthy,3,train,plantvillage,pepper_healthy:282
train/pepper_healthy/f60cdc34-0ab9-4551-ac24-e9e0d5affd6a___JR_HL 7931.jpg,pepper_healthy,3,train,plantvillage,pepper_healthy:283
train/pepper_healthy/f7f3f3a0-1615-49d8-b3fd-f6c47fe60bf2___JR_HL 7721.jpg,pepper_healthy,3,train,plantvillage,pepper_healthy:284
train/pepper_healthy/fb6f5d31-176f-4694-9178-0732fb1efcf5___JR_HL 5868.jpg,pepper_healthy,3,train,plantvillage,pepper_healthy:288
train/pepper_healthy/fd7c0492-cae1-4ed5-8fbe-114b3d2e1836___JR_HL 7644.jpg,pepper_healthy,3,train,plantvillage,pepper_healthy:289
train/pepper_healthy/fe0d5adf-1935-45a9-b2ff-37b00d7421f8___JR_HL 7737.jpg,pepper_healthy,3,train,plantvillage,pepper_healthy:290
train/pepper_healthy/ff5d7b23-41d6-43ff-8bf5-d7ddf13a412b___JR_HL 8675.jpg,pepper_healthy,3,train,plantvillage,pepper_healthy:292
train/potato_early_blight/00d8f10f-5038-4e0f-bb58-0b885ddc0cc5___RS_Early.B 8722.jpg,potato_early_blight,4,train,plantvillage,potato_early_blight:0
train/potato_early_blight/0267d4ca-522e-4ca0-b1a2-ce925e5b54a2___RS_Early.B 7020.jpg,potato_early_blight,4,train,plantvillage,potato_early_blight:1
train/potato_early_blight/03b0d3c1-b5b0-48f4-98aa-f8904670290f___RS_Early.B 7051.jpg,potato_early_blight,4,train,plantvillage,potato_early_blight:2
train/potato_early_blight/05c35093-11b8-4cd0-b67a-148859754440___RS_Early.B 8939.jpg,potato_early_blight,4,train,plantvillage,potato_early_blight:3
train/potato_early_blight/0604174e-3018-4faa-9975-0be32d2c0789___RS_Early.B 7123.jpg,potato_early_blight,4,train,plantvillage,potato_early_blight:4
train/potato_early_blight/06ac6596-8d65-46dd-a343-a2209f3480e4___RS_Early.B 6921.jpg,potato_early_blight,4,train,plantvillage,potato_early_blight:5
train/potato_early_blight/094fbf4c-da00-4037-82af-03e712d8db47___RS_Early.B 6908.jpg,potato_early_blight,4,train,plantvillage,potato_early_blight:7
train/potato_early_blight/0a0744dc-8486-4fbb-a44b-4d63e6db6197___RS_Early.B 7575.jpg,potato_early_blight,4,train,plantvillage,potato_early_blight:8
train/potato_early_blight/0a8a68ee-f587-4dea-beec-79d02e7d3fa4___RS_Early.B 8461.jpg,potato_early_blight,4,train,plantvillage,potato_early_blight:9
train/potato_early_blight/0d2e2971-f1c9-4278-b35c-91dd8a22a64d___RS_Early.B 7581.jpg,potato_early_blight,4,train,plantvillage,potato_early_blight:11
train/potato_early_blight/0e6b9e09-2bcd-41e0-b001-b80a33a8a78b___RS_Early.B 8694.jpg,potato_early_blight,4,train,plantvillage,potato_early_blight:12
train/potato_early_blight/0ed45bc2-c8cc-4d65-8f53-bdc10d78a7dc___RS_Early.B 8504.jpg,potato_early_blight,4,train,plantvillage,potato_early_blight:13
train/potato_early_blight/0faca7fe-7254-4dfa-8388-bbc776338c9c___RS_Early.B 7929.jpg,potato_early_blight,4,train,plantvillage,potato_early_blight:14
train/potato_early_blight/16133ed7-f960-44a5-bd03-8e665e777363___RS_Early.B 7504.jpg,potato_early_blight,4,train,plantvillage,potato_early_blight:17
train/potato_early_blight/1767fee7-18fd-4597-8c77-d41ec2d62f4e___RS_Early.B 6932.jpg,potato_early_blight,4,train,plantvillage,potato_early_blight:19
train/potato_early_blight/1797b5ac-ed8b-4b35-bd01-f8a14d34d6e1___RS_Early.B 8812.jpg,potato_early_blight,4,train,plantvillage,potato_early_blight:20
train/potato_early_blight/1896de06-b6eb-4c01-a6c6-3247405765b8___RS_Early.B 8335.jpg,potato_early_blight,4,train,plantvillage,potato_early_blight:21
train/potato_early_blight/1f80f111-6a3e-4dfc-8456-0f3e9a19ae10___RS_Early.B 6879.jpg,potato_early_blight,4,train,plantvillage,potato_early_blight:24
train/potato_early_blight/20e451e3-74a4-4a5b-b11c-257506f13a8f___RS_Early.B 6984.jpg,potato_early_blight,4,train,plantvillage,potato_early_blight:25
train/potato_early_blight/2771e005-3cb4-4e12-8868-80adca5ce02a___RS_Early.B 8640.jpg,potato_early_blight,4,train,plantvillage,potato_early_blight:27
train/potato_early_blight/2bc972a0-789f-4e60-9882-2f16fc363dfc___RS_Early.B 7234.jpg,potato_early_blight,4,train,plantvillage,potato_early_blight:28
train/potato_early_blight/2c48971d-9f73-401d-a62a-f3729d08b6c2___RS_Early.B 7463.jpg,potato_early_blight,4,train,plantvillage,potato_early_blight:29
train/potato_early_blight/2d149f7a-4b0a-40a6-8d0b-1d1f14e5e696___RS_Early.B 9143.jpg,potato_early_blight,4,train,plantvillage,potato_early_blight:30
train/potato_early_blight/334fd34b-f4aa-4cc2-9ac9-8b85df65b96c___RS_Early.B 6773.jpg,potato_early_blight,4,train,plantvillage,potato_early_blight:32
train/potato_early_blight/349730da-a627-4da6-90d5-707c4a3dba88___RS_Early.B 7553.jpg,potato_early_blight,4,train,plantvillage,potato_early_blight:33
train/potato_early_blight/34d7e068-10e6-4ea0-8547-c90937fccbbc___RS_Early.B 8198.jpg,potato_early_blight,4,train,plantvillage,potato_early_blight:34
train/potato_early_blight/34f42d6e-6e09-46cb-800b-5da5fdb5e8b8___RS_Early.B 8110.jpg,potato_early_blight,4,train,plantvillage,potato_early_blight:35
train/potato_early_blight/3613b972-6af8-4a9a-be7f-bf68e4eb4cd0___RS_Early.B 6813.jpg,potato_early_blight,4,train,plantvillage,potato_early_blight:36
train/potato_early_blight/3682433d-fb0a-495b-a6e8-d753542b042b___RS_Early.B 8189.jpg,potato_early_blight,4,train,plantvillage,potato_early_blight:37
train/potato_early_blight/37957a08-5b06-49f7-9973-29f167dd95b8___RS_Early.B 8758.jpg,potato_early_blight,4,train,plantvillage,potato_early_blight:38
train/potato_early_blight/38757e70-6278-4961-b1f3-19fccbb085f5___RS_Early.B 6968.jpg,potato_early_blight,4,train,plantvillage,potato_early_blight:39
train/potato_early_blight/38807f81-ce49-4978-916a-a6cd2a95bfb0___RS_Early.B 8397.jpg,potato_early_blight,4,train,plantvillage,potato_early_blight:40
train/potato_early_blight/38aa30f4-14d5-446f-80c3-ec60ce67ccc3___RS_Early.B 6789.jpg,potato_early_blight,4,train,plantvillage,potato_early_blight:42
train/potato_early_blight/3935d2ce-2d27-45ec-ab50-a53df9d30fa2___RS_Early.B 7437.jpg,potato_early_blight,4,train,plantvillage,potato_early_blight:43
train/potato_early_blight/3ab17a89-2e50-49c2-bb75-518369da98c1___RS_Early.B 8636.jpg,potato_early_blight,4,train,plantvillage,potato_early_blight:45
train/potato_early_blight/3aea17a1-9413-4312-bcf2-e9aadb7371ab___RS_Early.B 8237.jpg,potato_early_blight,4,train,plantvillage,potato_early_blight:46
train/potato_early_blight/3b090cee-ba51-44c2-9cc6-4581db95070e___RS_Early.B 7789.jpg,potato_early_blight,4,train,plantvillage,potato_early_blight:47
train/potato_early_blight/4019e40b-0175-462a-b6bb-228cf42c1a65___RS_Early.B 8256.jpg,potato_early_blight,4,train,plantvillage,potato_early_blight:49
train/potato_early_blight/425e5f26-56b0-404d-b537-dc3353ecee09___RS_Early.B 7058.jpg,potato_early_blight,4,train,plantvillage,potato_early_blight:50
train/potato_early_blight/432f1b02-9493-4cf1-8ef7-a40f817e43ff___RS_Early.B 8497.jpg,potato_early_blight,4,train,plantvillage,potato_early_blight:51
train/potato_early_blight/49ecf1fe-0000-49e8-a042-fb6c9bac38c9___RS_Early.B 8940.jpg,potato_early_blight,4,train,plantvillage,potato_early_blight:52
train/potato_early_blight/4ab9d59b-57ee-4e22-a6bb-d8152710fd28___RS_Early.B 6857.jpg,potato_early_blight,4,train,plantvillage,potato_early_blight:53
train/potato_early_blight/4af8e9e9-077d-4c7b-859d-626f74d3b1ff___RS_Early.B 7738.jpg,potato_early_blight,4,train,plantvillage,potato_early_blight:54
train/potato_early_blight/4b7b3611-d9b9-40c8-b0f5-d730fcd76679___RS_Early.B 6937.jpg,potato_early_blight,4,train,plantvillage,potato_early_blight:55
train/potato_early_blight/4c7622da-663c-48df-8005-355fff221fe1___RS_Early.B 8432.jpg,potato_early_blight,4,train,plantvillage,potato_early_blight:57
train/potato_early_blight/4c8df1cf-82bb-49eb-894c-8a516fbd1d74___RS_Early.B 6753.jpg,potato_early_blight,4,train,plantvillage,potato_early_blight:58
train/potato_early_blight/4d1d5d85-e67d-4007-bceb-9b577f49065b___RS_Early.B 8885.jpg,potato_early_blight,4,train,plantvillage,potato_early_blight:59
train/potato_early_blight/4f71ba26-6612-427b-8dc0-4d8cc909f1fa___RS_Early.B 7122.jpg,potato_early_blight,4,train,plantvillage,potato_early_blight:60
train/potato_early_blight/51f13c93-c8b6-4542-a81b-cb1a2e83f179___RS_Early.B 7684.jpg,potato_early_blight,4,train,plantvillage,potato_early_blight:61
train/potato_early_blight/520475a1-5acf-433f-a306-cff6ec1a99ef___RS_Early.B 9159.jpg,potato_early_blight,4,train,plantvillage,potato_early_blight:62
train/potato_early_blight/53de9716-fcc5-4241-9e8d-21792a5cf226___RS_Early.B 9014.jpg,potato_early_blight,4,train,plantvillage,potato_early_blight:63
train/potato_early_blight/57c5fe0f-ce93-412a-a29e-a70a4aa23649___RS_Early.B 6818.jpg,potato_early_blight,4,train,plantvillage,potato_early_blight:64
train/potato_early_blight/5888d397-4e83-4fac-bcf7-0de778966d36___RS_Early.B 7418.jpg,potato_early_blight,4,train,plantvillage,potato_early_blight:65
train/potato_early_blight/5c43b799-a722-4209-b571-2a7ca23de273___RS_Early.B 7321.jpg,potato_early_blight,4,train,plantvillage,potato_early_blight:67
train/potato_early_blight/6319585f-ed2f-4657-ae79-a23db65d0fce___RS_Early.B 7033.jpg,potato_early_blight,4,train,plantvillage,potato_early_blight:72
train/potato_early_blight/667c593c-acbf-468a-91a3-6fd8006c46c2___RS_Early.B 7830.jpg,potato_early_blight,4,train,plantvillage,potato_early_blight:74
train/potato_early_blight/67468907-b28a-4740-a9f4-ce69b93878c9___RS_Early.B 7142.jpg,potato_early_blight,4,train,plantvillage,potato_early_blight:75
train/potato_early_blight/67f2bf79-1d71-4748-bcd6-a65006f12981___RS_Early.B 7289.jpg,potato_early_blight,4,train,plantvillage,potato_early_blight:76
train/potato_early_blight/719dcce1-73f0-42c8-9941-44eb2b237544___RS_Early.B 8059.jpg,potato_early_blight,4,train,plantvillage,potato_early_blight:80
train/potato_early_blight/71ab124e-93ba-4d4e-ae53-68ac12fcb858___RS_Early.B 8129.jpg,potato_early_blight,4,train,plantvillage,potato_early_blight:81
train/potato_early_blight/7584a5b8-b701-4255-9dde-a60b6442cc37___RS_Early.B 9154.jpg,potato_early_blight,4,train,plantvillage,potato_early_blight:83
train/potato_early_blight/78313ae7-3589-4d23-a5b6-0457e500bd1a___RS_Early.B 6768.jpg,potato_early_blight,4,train,plantvillage,potato_early_blight:84
train/potato_early_blight/7c9b2deb-6f9f-4671-bdcd-56481d8f0a35___RS_Early.B 8608.jpg,potato_early_blight,4,train,plantvillage,potato_early_blight:86
train/potato_early_blight/7d90df0a-da17-4641-9006-75aa7de6ed5e___RS_Early.B 8702.jpg,potato_early_blight,4,train,plantvillage,potato_early_blight:87
train/potato_early_blight/7fb3dc5c-f90b-46fe-8eb6-2d21038976ff___RS_Early.B 7256.jpg,potato_early_blight,4,train,plantvillage,potato_early_blight:88
train/potato_early_blight/811eba3a-112e-43dd-8b22-57f3cde4c504___RS_Early.B 7983.jpg,potato_early_blight,4,train,plantvillage,potato_early_blight:89
train/potato_early_blight/82611670-959a-401b-8ed0-4b4fdad5679e___RS_Early.B 8003.jpg,potato_early_blight,4,train,plantvillage,potato_early_blight:90
train/potato_early_blight/82a783e4-ba41-42af-96a8-ebc67abe905d___RS_Early.B 7439.jpg,potato_early_blight,4,train,plantvillage,potato_early_blight:91
train/potato_early_blight/848336c4-eaad-47e7-8458-5e80d5520d05___RS_Early.B 7729.jpg,potato_early_blight,4,train,plantvillage,potato_early_blight:92
train/potato_early_blight/849daa7e-b5ea-4445-93f9-b21d43c1bd44___RS_Early.B 7193.jpg,potato_early_blight,4,train,plantvillage,potato_early_blight:93
train/potato_early_blight/853f6d7a-836c-4829-ba2c-2eeada2089cc___RS_Early.B 7208.jpg,potato_early_blight,4,train,plantvillage,potato_early_blight:94
train/potato_early_blight/86562214-f8b9-4105-9513-4847520aff9a___RS_Early.B 7515.jpg,potato_early_blight,4,train,plantvillage,potato_early_blight:95
train/potato_early_blight/89273b26-09d5-4bf7-a6a5-22c47a613b93___RS_Early.B 7383.jpg,potato_early_blight,4,train,plantvillage,potato_early_blight:97
train/potato_early_blight/8c1f94fb-d8e0-4607-a967-b71408dfd1ab___RS_Early.B 8723.jpg,potato_early_blight,4,train,plantvillage,potato_early_blight:98
train/potato_early_blight/8c3d0f9e-3a77-4ec2-a9ad-d996caa2c562___RS_Early.B 6887.jpg,potato_early_blight,4,train,plantvillage,potato_early_blight:99
train/potato_early_blight/8df7a062-73d6-468e-8354-baa641dd69b3___RS_Early.B 7072.jpg,potato_early_blight,4,train,plantvillage,potato_early_blight:100
train/potato_early_blight/907f26c5-5996-41b3-877b-7de6122699a9___RS_Early.B 7758.jpg,potato_early_blight,4,train,plantvillage,potato_early_blight:101
train/potato_early_blight/9141a8b4-6144-446d-b71d-925bcd432840___RS_Early.B 8648.jpg,potato_early_blight,4,train,plantvillage,potato_early_blight:103
train/potato_early_blight/92757a8e-b68a-45b3-9d70-0281c8ea90ca___RS_Early.B 7199.jpg,potato_early_blight,4,train,plantvillage,potato_early_blight:106
train/potato_early_blight/945f4d4b-5e0a-4cc0-8b7c-d82854730b9d___RS_Early.B 7836.jpg,potato_early_blight,4,train,plantvillage,potato_early_blight:107
train/potato_early_blight/9541d815-f209-4f13-892e-ca4e97ae5d8e___RS_Early.B 8981.jpg,potato_early_blight,4,train,plantvillage,potato_early_blight:108
train/potato_early_blight/96ab8c2b-9067-4af7-821c-b14a3c7e618f___RS_Early.B 8816.jpg,potato_early_blight,4,train,plantvillage,potato_early_blight:109
train/potato_early_blight/98d40b59-5c50-45b6-9b8b-268c40547334___RS_Early.B 8031.jpg,potato_early_blight,4,train,plantvillage,potato_early_blight:110
train/potato_early_blight/99d75573-472e-4f57-ab82-b49b78853d03___RS_Early.B 7847.jpg,potato_early_blight,4,train,plantvillage,potato_early_blight:112
train/potato_early_blight/9e092cd4-dcd4-4f9b-a901-48ac13a6deb0___RS_Early.B 8343.jpg,potato_early_blight,4,train,plantvillage,potato_early_blight:114
train/potato_early_blight/a02f78b3-da52-400a-ab11-7184df9ea485___RS_Early.B 8403.jpg,potato_early_blight,4,train,plantvillage,potato_early_blight:115
train/potato_early_blight/a1dd3cdf-0ff5-49f6-b66e-9b3632a07019___RS_Early.B 7833.jpg,potato_early_blight,4,train,plantvillage,potato_early_blight:117
train/potato_early_blight/a5e73fd4-6d3e-4037-b440-f4e5234e4459___RS_Early.B 7645.jpg,potato_early_blight,4,train,plantvillage,potato_early_blight:121
train/potato_early_blight/a60106e3-e037-495f-8b5a-080adcb9bdd9___RS_Early.B 8561.jpg,potato_early_blight,4,train,plantvillage,potato_early_blight:122
train/potato_early_blight/a801f66c-b8bc-42e5-ad5b-99f68d219fa9___RS_Early.B 8552.jpg,potato_early_blight,4,train,plantvillage,potato_early_blight:123
train/potato_early_blight/ab0878eb-0310-4788-b2d7-14102cdd241e___RS_Early.B 7026.jpg,potato_early_blight,4,train,plantvillage,potato_early_blight:124
train/potato_early_blight/ab23a940-3124-4101-b562-08ca34a8334b___RS_Early.B 7790.jpg,potato_early_blight,4,train,plantvillage,potato_early_blight:125
train/potato_early_blight/b17bf28e-c272-4a24-9f45-7d3a343de49f___RS_Early.B 7620.jpg,potato_early_blight,4,train,plantvillage,potato_early_blight:127
train/potato_early_blight/b21bc878-7b63-481e-a6d1-7e972627210e___RS_Early.B 7656.jpg,potato_early_blight,4,train,plantvillage,potato_early_blight:129
train/potato_early_blight/b29e0fdf-c39f-4b3a-b12f-c693374f15cf___RS_Early.B 8820.jpg,potato_early_blight,4,train,plantvillage,potato_early_blight:130
train/potato_early_blight/b2e21749-afe2-4392-8d5d-23088d37873c___RS_Early.B 9028.jpg,potato_early_blight,4,train,plantvillage,potato_early_blight:132
train/potato_early_blight/b301c9cd-7624-4261-ab4f-962936ebb92a___RS_Early.B 7632.jpg,potato_early_blight,4,train,plantvillage,potato_early_blight:133
train/potato_early_blight/b35e4c48-e54e-4e42-a399-b236209314f4___RS_Early.B 8231.jpg,potato_early_blight,4,train,plantvillage,potato_early_blight:134
train/potato_early_blight/b475147c-92bc-419a-b2c3-7d5aabbb79ec___RS_Early.B 7379.jpg,potato_early_blight,4,train,plantvillage,potato_early_blight:135
train/potato_early_blight/b512ab1a-0ea5-47d6-b998-7c9f32ed3329___RS_Early.B 7250.jpg,potato_early_blight,4,train,plantvillage,potato_early_blight:136
train/potato_early_blight/b817817e-a6b1-4123-88e7-db98b453ce17___RS_Early.B 6880.jpg,potato_early_blight,4,train,plantvillage,potato_early_blight:138
train/potato_early_blight/b83aea19-9485-412f-808d-c0a590d75388___RS_Early.B 6951.jpg,potato_early_blight,4,train,plantvillage,potato_early_blight:139
train/potato_early_blight/b8e08567-5193-41a4-b637-140b503830d9___RS_Early.B 9133.jpg,potato_early_blight,4,train,plantvillage,potato_early_blight:141
train/potato_early_blight/b954c296-ae18-4efb-8a8c-450486faa919___RS_Early.B 6998.jpg,potato_early_blight,4,train,plantvillage,potato_early_blight:142
train/potato_early_blight/bb4e9c01-6166-424d-a379-9ef405fdd555___RS_Early.B 6843.jpg,potato_early_blight,4,train,plantvillage,potato_early_blight:143
train/potato_early_blight/bc378ba0-533d-42db-a8b2-82decc73f4d5___RS_Early.B 9092.jpg,potato_early_blight,4,train,plantvillage,potato_early_blight:144
train/potato_early_blight/c03a3f69-00b7-4aa5-a49f-794416af0598___RS_Early.B 8112.jpg,potato_early_blight,4,train,plantvillage,potato_early_blight:146
train/potato_early_blight/c42b5e69-2673-42ef-8e14-a785fea3aad6___RS_Early.B 9107.jpg,potato_early_blight,4,train,plantvillage,potato_early_blight:151
train/potato_early_blight/c71ad6f9-6258-4602-84dc-ecf75296672c___RS_Early.B 7525.jpg,potato_early_blight,4,train,plantvillage,potato_early_blight:155
train/potato_early_blight/c8dedd98-c5d7-4ef4-b4f4-70d0bae0e178___RS_Early.B 7128.jpg,potato_early_blight,4,train,plantvillage,potato_early_blight:156
train/potato_early_blight/ca2c9c12-f2ba-4864-806c-b85f4fb36f92___RS_Early.B 7640.jpg,potato_early_blight,4,train,plantvillage,potato_early_blight:158
train/potato_early_blight/cc63b147-ad2a-4bc1-aa05-a07b3c6b7761___RS_Early.B 7091.jpg,potato_early_blight,4,train,plantvillage,potato_early_blight:159
train/potato_early_blight/cf38c261-5bae-4b5d-92b4-16c634557d2a___RS_Early.B 7169.jpg,potato_early_blight,4,train,plantvillage,potato_early_blight:160
train/potato_early_blight/d03ee4f8-b77d-4f0f-8d13-d0a019a37a66___RS_Early.B 6970.jpg,potato_early_blight,4,train,plantvillage,potato_early_blight:161
train/potato_early_blight/d06681cc-3ed1-4af2-ae40-2597eaea3dd4___RS_Early.B 8691.jpg,potato_early_blight,4,train,plantvillage,potato_early_blight:163
train/potato_early_blight/d1b4cb77-db0e-42db-b1c0-25d222844241___RS_Early.B 7130.jpg,potato_early_blight,4,train,plantvillage,potato_early_blight:164
train/potato_early_blight/d472b6e3-a00c-4b4e-b13a-cdababff9d24___RS_Early.B 7699.jpg,potato_early_blight,4,train,plantvillage,potato_early_blight:165
train/potato_early_blight/d84ba2ee-6ef5-45b7-a15a-b677b99cd3f6___RS_Early.B 6772.jpg,potato_early_blight,4,train,plantvillage,potato_early_blight:166
train/potato_early_blight/d8a55ed1-7b3a-4b25-84b2-6046c0d9e3ab___RS_Early.B 7443.jpg,potato_early_blight,4,train,plantvillage,potato_early_blight:167
train/potato_early_blight/d8efc91f-6e85-4508-8d49-9c4a11c4c71a___RS_Early.B 7484.jpg,potato_early_blight,4,train,plantvillage,potato_early_blight:168
train/potato_early_blight/da3115aa-a34b-42b2-97a9-9a1922770c8d___RS_Early.B 6708.jpg,potato_early_blight,4,train,plantvillage,potato_early_blight:170
train/potato_early_blight/dcb9073d-df5b-4a15-aecf-1c3af587cd74___RS_Early.B 8982.jpg,potato_early_blight,4,train,plantvillage,potato_early_blight:174
train/potato_early_blight/de8d212e-1bbf-41d7-b13b-29f0746223aa___RS_Early.B 8022.jpg,potato_early_blight,4,train,plantvillage,potato_early_blight:175
train/potato_early_blight/df7e4d39-fb74-4e6d-9d32-04d7d2165135___RS_Early.B 6700.jpg,potato_early_blight,4,train,plantvillage,potato_early_blight:176
train/potato_early_blight/e0042931-92f3-4527-b292-872075f4261d___RS_Early.B 7203.jpg,potato_early_blight,4,train,plantvillage,potato_early_blight:177
train/potato_early_blight/e490f736-a52f-434f-ada7-3bb255d99635___RS_Early.B 7417.jpg,potato_early_blight,4,train,plantvillage,potato_early_blight:180
train/potato_early_blight/e7b48816-19f7-4dc2-bf52-dfbb85e1f59a___RS_Early.B 7240.jpg,potato_early_blight,4,train,plantvillage,potato_early_blight:182
train/potato_early_blight/ea403e5a-34b3-4b06-a94d-65ad2e78831f___RS_Early.B 8136.jpg,potato_early_blight,4,train,plantvillage,potato_early_blight:183
train/potato_early_blight/ea87f5c8-69f9-44e0-997b-bb896350765e___RS_Early.B 7798.jpg,potato_early_blight,4,train,plantvillage,potato_early_blight:184
train/potato_early_blight/ed270d5d-3523-4bc2-b208-4f5304bbfeef___RS_Early.B 8218.jpg,potato_early_blight,4,train,plantvillage,potato_early_blight:186
train/potato_early_blight/ef5b06f0-4c81-4e47-9ec3-499af1571d9e___RS_Early.B 8455.jpg,potato_early_blight,4,train,plantvillage,potato_early_blight:187
train/potato_early_blight/ef722b35-2ab8-409d-a971-b3a853a72cb3___RS_Early.B 7184.jpg,potato_early_blight,4,train,plantvillage,potato_early_blight:188
train/potato_early_blight/f3b29f09-c337-4233-8968-0fcc66c9fa2a___RS_Early.B 8115.jpg,potato_early_blight,4,train,plantvillage,potato_early_blight:189
train/potato_early_blight/f400079a-ff67-45c2-8a50-5c5b1e08dc25___RS_Early.B 8491.jpg,potato_early_blight,4,train,plantvillage,potato_early_blight:190
train/potato_early_blight/f48fc3b4-b7e7-4ad5-a651-0bf61a5173ff___RS_Early.B 8597.jpg,potato_early_blight,4,train,plantvillage,potato_early_blight:191
train/potato_early_blight/f5ec7cce-c3cc-4b4a-b716-d70175b1dcd2___RS_Early.B 7520.jpg,potato_early_blight,4,train,plantvillage,potato_early_blight:192
train/potato_early_blight/f6d8c094-970c-41c5-9f5d-3ded7c8f7b15___RS_Early.B 6846.jpg,potato_early_blight,4,train,plantvillage,potato_early_blight:196
train/potato_early_blight/f7db505f-aabe-4b96-b719-8c930b5ff471___RS_Early.B 9224.jpg,potato_early_blight,4,train,plantvillage,potato_early_blight:197
train/potato_early_blight/fb8d862d-29c3-41ab-888d-cef47286ee9a___RS_Early.B 8975.jpg,potato_early_blight,4,train,plantvillage,potato_early_blight:198
train/potato_early_blight/fbbe7b93-e6da-4dc8-b1ee-ba5646a5e039___RS_Early.B 8216.jpg,potato_early_blight,4,train,plantvillage,potato_early_blight:199
train/potato_healthy/111cd9d8-4d27-4225-be9e-d29b21cf56b9___RS_HL 5419.jpg,potato_healthy,5,train,plantvillage,potato_healthy:0
train/potato_healthy/163ada72-4288-4f85-a3c1-feed23c8d1de___RS_HL 1940.jpg,potato_healthy,5,train,plantvillage,potato_healthy:2
train/potato_healthy/23f1ab77-d664-49c4-92eb-41eb66c6d101___RS_HL 4169.jpg,potato_healthy,5,train,plantvillage,potato_healthy:3
train/potato_healthy/369479a9-3c28-4d77-8731-9ae54e719af3___RS_HL 1785.jpg,potato_healthy,5,train,plantvillage,potato_healthy:4
train/potato_healthy/3f369e63-81eb-4194-a145-df9ed91abc5d___RS_HL 1745.jpg,potato_healthy,5,train,plantvillage,potato_healthy:5
train/potato_healthy/415ac4a2-8f16-4052-880e-1e1f208965f0___RS_HL 1884.jpg,potato_healthy,5,train,plantvillage,potato_healthy:6
train/potato_healthy/43fd6ace-3712-494a-9aba-de5482d22561___RS_HL 1968.jpg,potato_healthy,5,train,plantvillage,potato_healthy:7
train/potato_healthy/4bbccfb6-5720-4c80-9b37-0c3ed8999c9f___RS_HL 1791.jpg,potato_healthy,5,train,plantvillage,potato_healthy:8
train/potato_healthy/57e24d88-fd01-4422-b8b5-d688d2296184___RS_HL 5401.jpg,potato_healthy,5,train,plantvillage,potato_healthy:11
train/potato_healthy/5fcbde8f-52af-4963-b324-ff7f4dd6bd4c___RS_HL 1762.jpg,potato_healthy,5,train,plantvillage,potato_healthy:12
train/potato_healthy/923d4cc3-021a-4bcd-9f5f-1d6f69e4ad33___RS_HL 1888.jpg,potato_healthy,5,train,plantvillage,potato_healthy:15
train/potato_healthy/9c620128-2872-4bbb-bc14-d5b785242cf6___RS_HL 1751.jpg,potato_healthy,5,train,plantvillage,potato_healthy:16
train/potato_healthy/a02b6205-b40a-4178-8b34-3494f84b9d1f___RS_HL 1958.jpg,potato_healthy,5,train,plantvillage,potato_healthy:17
train/potato_healthy/a3ec91aa-8503-4711-a912-0d1427e25686___RS_HL 5409.jpg,potato_healthy,5,train,plantvillage,potato_healthy:18
train/potato_healthy/aa04db6d-645f-4e8a-88dc-c9f9396f0800___RS_HL 1975.jpg,potato_healthy,5,train,plantvillage,potato_healthy:19
train/potato_healthy/bb04f738-1848-4dda-8834-384a48b335cd___RS_HL 1765.jpg,potato_healthy,5,train,plantvillage,potato_healthy:21
train/potato_healthy/bf2bffbb-cd8f-4d36-bd58-847808397c75___RS_HL 1786.jpg,potato_healthy,5,train,plantvillage,potato_healthy:22
train/potato_healthy/d1752ed4-a0a7-4075-917d-205c0e785dcf___RS_HL 1911.jpg,potato_healthy,5,train,plantvillage,potato_healthy:23
train/potato_healthy/d340704d-cc00-4068-bb8a-ae70840b7bfa___RS_HL 1773.jpg,potato_healthy,5,train,plantvillage,potato_healthy:25
train/potato_healthy/e34e563f-7a4a-4b44-bdf2-b6f96cbcd929___RS_HL 5370.jpg,potato_healthy,5,train,plantvillage,potato_healthy:27
train/potato_healthy/f4be3632-42a1-415a-9f7e-1d5ecb9f49d7___RS_HL 1783.jpg,potato_healthy,5,train,plantvillage,potato_healthy:28
train/potato_healthy/ff700844-68ad-4e99-8427-58a39c07f817___RS_HL 1860.jpg,potato_healthy,5,train,plantvillage,potato_healthy:30
train/potato_late_blight/0051e5e8-d1c4-4a84-bf3a-a426cdad6285___RS_LB 4640.jpg,potato_late_blight,6,train,plantvillage,potato_late_blight:0
train/potato_late_blight/0085ef03-aec3-431a-99a1-de286e10c0cf___RS_LB 2949.jpg,potato_late_blight,6,train,plantvillage,potato_late_blight:1
train/potato_late_blight/030e8945-d3ce-4ad3-8a91-a14c18285249___RS_LB 2532.jpg,potato_late_blight,6,train,plantvillage,potato_late_blight:3
train/potato_late_blight/04b964fd-7033-4cdf-88ef-b1acbcd8183a___RS_LB 2783.jpg,potato_late_blight,6,train,plantvillage,potato_late_blight:4
train/potato_late_blight/04bbcc55-93d3-4a19-9137-8de036a8a4db___RS_LB 2647.jpg,potato_late_blight,6,train,plantvillage,potato_late_blight:5
train/potato_late_blight/05c29b23-ecdf-41fc-be67-910bb74cd67c___RS_LB 4016.jpg,potato_late_blight,6,train,plantvillage,potato_late_blight:6
train/potato_late_blight/08ce9666-2dda-4fa8-8d58-55bb9fa19484___RS_LB 3318.jpg,potato_late_blight,6,train,plantvillage,potato_late_blight:7
train/potato_late_blight/1650365d-437c-4d36-b110-113a88c1090a___RS_LB 5459.jpg,potato_late_blight,6,train,plantvillage,potato_late_blight:11
train/potato_late_blight/1a146bf4-5696-4e19-842e-9e0e1ac7ac6d___RS_LB 5023.jpg,potato_late_blight,6,train,plantvillage,potato_late_blight:13
train/potato_late_blight/1a5f4258-21df-4334-a933-2ef073c932ba___RS_LB 3089.jpg,potato_late_blight,6,train,plantvillage,potato_late_blight:14
train/potato_late_blight/1a68ab56-2000-4d7a-ad4a-88d300104b7d___RS_LB 2594.jpg,potato_late_blight,6,train,plantvillage,potato_late_blight:15
train/potato_late_blight/1a6fc494-81dd-4649-ad8d-a5a6e58a2aa7___RS_LB 2618.jpg,potato_late_blight,6,train,plantvillage,potato_late_blight:16
train/potato_late_blight/1b8ae46e-1202-4715-8ad1-fd18046c42d3___RS_LB 3880.jpg,potato_late_blight,6,train,plantvillage,potato_late_blight:17
train/potato_late_blight/1cd053f6-0016-4680-a924-af15aecd7fb2___RS_LB 4414.jpg,potato_late_blight,6,train,plantvillage,potato_late_blight:19
train/potato_late_blight/1d4acd15-f2b9-4a2e-87da-9d5a2cc6a642___RS_LB 2752.jpg,potato_late_blight,6,train,plantvillage,potato_late_blight:20
train/potato_late_blight/1e3e04cc-3778-4d78-b8f9-d60faa0534b0___RS_LB 5246.jpg,potato_late_blight,6,train,plantvillage,potato_late_blight:21
train/potato_late_blight/224d9d63-c097-4142-b1a6-56f88a7bae2e___RS_LB 2630.jpg,potato_late_blight,6,train,plantvillage,potato_late_blight:22
train/potato_late_blight/2377f6d5-3660-4b5a-b5b3-eea448e7a143___RS_LB 2729.jpg,potato_late_blight,6,train,plantvillage,potato_late_blight:24
train/potato_late_blight/2425fba0-8d06-4f05-9d0c-258c39777a37___RS_LB 4915.jpg,potato_late_blight,6,train,plantvillage,potato_late_blight:25
train/potato_late_blight/25978f86-dca7-4052-bf6b-7d14ce0438ad___RS_LB 5016.jpg,potato_late_blight,6,train,plantvillage,potato_late_blight:26
train/potato_late_blight/29ad1bd3-9eca-4975-97b9-80d497a62811___RS_LB 2847.jpg,potato_late_blight,6,train,plantvillage,potato_late_blight:29
train/potato_late_blight/29d49eb8-84d0-402d-9f00-c1149b8b3e16___RS_LB 3031.jpg,potato_late_blight,6,train,plantvillage,potato_late_blight:30
train/potato_late_blight/2a3e5c22-1e37-4ba0-8686-cf7482e4e8d3___RS_LB 4126.jpg,potato_late_blight,6,train,plantvillage,potato_late_blight:31
train/potato_late_blight/2a52ba17-febc-49b9-b5ab-52a500d387de___RS_LB 2621.jpg,potato_late_blight,6,train,plantvillage,potato_late_blight:32
train/potato_late_blight/2c3eddb8-f475-42ce-af72-81271630ba07___RS_LB 4991.jpg,potato_late_blight,6,train,plantvillage,potato_late_blight:33
train/potato_late_blight/2d736aa6-79a6-42b0-9e92-d859bcd72824___RS_LB 5244.jpg,potato_late_blight,6,train,plantvillage,potato_late_blight:34
train/potato_late_blight/2e2bc24d-9900-4b0b-a8ec-abb444350c03___RS_LB 4701.jpg,potato_late_blight,6,train,plantvillage,potato_late_blight:36
train/potato_late_blight/2f6382f7-12fc-4309-b7db-b034b8165c67___RS_LB 4955.jpg,potato_late_blight,6,train,plantvillage,potato_late_blight:38
train/potato_late_blight/30920583-57a6-4cc2-81d6-84879ec3af46___RS_LB 4930.jpg,potato_late_blight,6,train,plantvillage,potato_late_blight:39
train/potato_late_blight/3171caea-9708-45dc-a60b-e347b3e74fb8___RS_LB 5256.jpg,potato_late_blight,6,train,plantvillage,potato_late_blight:41
train/potato_late_blight/33551627-5824-42b9-9547-4df44590fee1___RS_LB 4848.jpg,potato_late_blight,6,train,plantvillage,potato_late_blight:45
train/potato_late_blight/33938ff2-ee2c-4571-96dd-6229a0cb4e0c___RS_LB 5184.jpg,potato_late_blight,6,train,plantvillage,potato_late_blight:46
train/potato_late_blight/33fa45a7-e6ff-4e75-9c6e-28570fdfedb6___RS_LB 3054.jpg,potato_late_blight,6,train,plantvillage,potato_late_blight:47
train/potato_late_blight/377e9523-f375-4c0c-9d66-5abf2abfaefb___RS_LB 2504.jpg,potato_late_blight,6,train,plantvillage,potato_late_blight:48
train/potato_late_blight/37c47f95-2216-4f78-87a1-504b198a4f4c___RS_LB 4327.jpg,potato_late_blight,6,train,plantvillage,potato_late_blight:49
train/potato_late_blight/3cfeea97-88e1-42e6-b760-0fa125613e9c___RS_LB 4406.jpg,potato_late_blight,6,train,plantvillage,potato_late_blight:51
train/potato_late_blight/410cba02-24db-487a-a30c-fc7cefba924b___RS_LB 2571.jpg,potato_late_blight,6,train,plantvillage,potato_late_blight:52
train/potato_late_blight/4215b9d5-c554-4249-80e1-aeaf2106e966___RS_LB 2977.jpg,potato_late_blight,6,train,plantvillage,potato_late_blight:53
train/potato_late_blight/43dde1e0-8c73-45af-8fbf-d500e450a154___RS_LB 3270.jpg,potato_late_blight,6,train,plantvillage,potato_late_blight:54
train/potato_late_blight/447c4811-7ed2-4576-81b4-2f67c8993db7___RS_LB 4137.jpg,potato_late_blight,6,train,plantvillage,potato_late_blight:55
train/potato_late_blight/463e8a94-a7e6-4604-a29c-2187500b2318___RS_LB 4244.jpg,potato_late_blight,6,train,plantvillage,potato_late_blight:57
train/potato_late_blight/465669d7-b75c-4aab-8ccc-af3566baf2e3___RS_LB 4985.jpg,potato_late_blight,6,train,plantvillage,potato_late_blight:58
train/potato_late_blight/49ffd4fb-07ef-4377-9f14-3648deaa8dd2___RS_LB 4453.jpg,potato_late_blight,6,train,plantvillage,potato_late_blight:61
train/potato_late_blight/4ca06863-f89b-497c-bd3a-9bca78f02942___RS_LB 3088.jpg,potato_late_blight,6,train,plantvillage,potato_late_blight:62
train/potato_late_blight/4cc2dba7-6871-481d-8989-07ea683e58b5___RS_LB 4979.jpg,potato_late_blight,6,train,plantvillage,potato_late_blight:63
train/potato_late_blight/4f249e3b-92a0-43e5-a70d-fe3045630437___RS_LB 3913.jpg,potato_late_blight,6,train,plantvillage,potato_late_blight:66
train/potato_late_blight/51a85617-5433-4a07-b822-fa1975cf76b1___RS_LB 4778.jpg,potato_late_blight,6,train,plantvillage,potato_late_blight:67
train/potato_late_blight/53367bb0-3f38-4c90-a71d-05592341e4aa___RS_LB 4149.jpg,potato_late_blight,6,train,plantvillage,potato_late_blight:68
train/potato_late_blight/5d392db5-bf54-41f4-b76b-e3935dfe0154___RS_LB 3133.jpg,potato_late_blight,6,train,plantvillage,potato_late_blight:71
train/potato_late_blight/600100de-8374-4ddd-a816-318235e27948___RS_LB 2895.jpg,potato_late_blight,6,train,plantvillage,potato_late_blight:72
train/potato_late_blight/63490f84-88b0-4105-bb76-23990e98c692___RS_LB 3041.jpg,potato_late_blight,6,train,plantvillage,potato_late_blight:74
train/potato_late_blight/65bab626-51a1-4d16-ab9c-ddd25f4e2e33___RS_LB 4927.jpg,potato_late_blight,6,train,plantvillage,potato_late_blight:76
train/potato_late_blight/668455c6-f7cf-4dc3-a4a8-858e7d4b55c9___RS_LB 3878.jpg,potato_late_blight,6,train,plantvillage,potato_late_blight:77
train/potato_late_blight/6750f885-4754-4e76-91d0-a5e77c86e9fd___RS_LB 4865.jpg,potato_late_blight,6,train,plantvillage,potato_late_blight:78
train/potato_late_blight/7050bb1d-af0d-47c4-8f35-23b9561b8024___RS_LB 3313.jpg,potato_late_blight,6,train,plantvillage,potato_late_blight:80
train/potato_late_blight/718aefec-0eba-48fe-9798-f45d3d24fade___RS_LB 4119.jpg,potato_late_blight,6,train,plantvillage,potato_late_blight:81
train/potato_late_blight/7260ba74-3187-4a62-8962-cbea92def2f2___RS_LB 4769.jpg,potato_late_blight,6,train,plantvillage,potato_late_blight:82
train/potato_late_blight/74277267-6a9f-44d0-95fe-7f52f89630a0___RS_LB 5074.jpg,potato_late_blight,6,train,plantvillage,potato_late_blight:83
train/potato_late_blight/74d5c9b6-c99f-4ba2-8180-6c35bb5de820___RS_LB 2811.jpg,potato_late_blight,6,train,plantvillage,potato_late_blight:84
train/potato_late_blight/762a9cd9-7da1-4885-b677-870da1e41768___RS_LB 2592.jpg,potato_late_blight,6,train,plantvillage,potato_late_blight:85
train/potato_late_blight/777a492f-3dfb-4bcf-8b33-a9b09fb21e6e___RS_LB 4866.jpg,potato_late_blight,6,train,plantvillage,potato_late_blight:87
train/potato_late_blight/78fe147d-b9c8-460d-ba04-65fa82b39184___RS_LB 4870.jpg,potato_late_blight,6,train,plantvillage,potato_late_blight:89
train/potato_late_blight/80a20af8-9759-4c07-8d0c-d48edc9925c6___RS_LB 5289.jpg,potato_late_blight,6,train,plantvillage,potato_late_blight:94
train/potato_late_blight/84182903-22be-4563-8276-d72413958ada___RS_LB 4027.jpg,potato_late_blight,6,train,plantvillage,potato_late_blight:97
train/potato_late_blight/87c99be5-a930-410f-8529-e79e030cba0c___RS_LB 5294.jpg,potato_late_blight,6,train,plantvillage,potato_late_blight:99
train/potato_late_blight/89ad1a3c-db3c-4d75-9c92-64cea1433f89___RS_LB 2820.jpg,potato_late_blight,6,train,plantvillage,potato_late_blight:100
train/potato_late_blight/8f80caee-38ed-4b49-9596-6f66c3cb9c1b___RS_LB 2535.jpg,potato_late_blight,6,train,plantvillage,potato_late_blight:103
train/potato_late_blight/8f93f47b-2ee7-482b-9e18-20af5eb98d79___RS_LB 4889.jpg,potato_late_blight,6,train,plantvillage,potato_late_blight:104
train/potato_late_blight/90596f7b-1efa-4595-8d57-bcbd4c48253f___RS_LB 4753.jpg,potato_late_blight,6,train,plantvillage,potato_late_blight:105
train/potato_late_blight/939a9a98-cbc9-4b83-bb47-395f26d7fddd___RS_LB 4293.jpg,potato_late_blight,6,train,plantvillage,potato_late_blight:107
train/potato_late_blight/9475f5bf-607b-4091-8a6d-8f09921478a7___RS_LB 5191.jpg,potato_late_blight,6,train,plantvillage,potato_late_blight:109
train/potato_late_blight/95816fab-df6d-4730-8f52-4b64aac47e3d___RS_LB 3056.jpg,potato_late_blight,6,train,plantvillage,potato_late_blight:110
train/potato_late_blight/9631fd8f-244c-4047-98e4-aecc907624c1___RS_LB 4573.jpg,potato_late_blight,6,train,plantvillage,potato_late_blight:111
train/potato_late_blight/9a726ce3-7b21-48de-b522-25d19f3c10e3___RS_LB 4765.jpg,potato_late_blight,6,train,plantvillage,potato_late_blight:112
train/potato_late_blight/9a7d732b-12e2-400f-9206-068df63de1ba___RS_LB 2926.jpg,potato_late_blight,6,train,plantvillage,potato_late_blight:113
train/potato_late_blight/9bdce182-987e-4996-8cc8-34694b4e24e9___RS_LB 2837.jpg,potato_late_blight,6,train,plantvillage,potato_late_blight:114
train/potato_late_blight/9c0e8576-642f-47a6-a053-c52e9025b7f6___RS_LB 4134.jpg,potato_late_blight,6,train,plantvillage,potato_late_blight:115
train/potato_late_blight/a10d340a-b35c-4310-be59-caa58bb0d500___RS_LB 5154.jpg,potato_late_blight,6,train,plantvillage,potato_late_blight:119
train/potato_late_blight/a5aabda7-209a-4e1e-966c-de2a1ccc7869___RS_LB 5046.jpg,potato_late_blight,6,train,plantvillage,potato_late_blight:120
train/potato_late_blight/a6623827-bcdc-40ed-81e6-5cde1a1da997___RS_LB 3179.jpg,potato_late_blight,6,train,plantvillage,potato_late_blight:121
train/potato_late_blight/a6b27bfe-0e60-4984-98ca-af4b2316dfff___RS_LB 3881.jpg,potato_late_blight,6,train,plantvillage,potato_late_blight:122
train/potato_late_blight/a6f75dd1-c290-4116-be6a-e3c94e40aa2a___RS_LB 3265.jpg,potato_late_blight,6,train,plantvillage,potato_late_blight:123
train/potato_late_blight/a84f32fc-ec8a-42e9-9f43-9efcf6493199___RS_LB 4884.jpg,potato_late_blight,6,train,plantvillage,potato_late_blight:124
train/potato_late_blight/a8db407c-12cb-460c-991a-8f60d20c06bc___RS_LB 5117.jpg,potato_late_blight,6,train,plantvillage,potato_late_blight:125
train/potato_late_blight/a8f16f61-a090-4b29-9569-5e7d0e17fda5___RS_LB 4460.jpg,potato_late_blight,6,train,plantvillage,potato_late_blight:126
train/potato_late_blight/aaf6fed2-0c7d-47b5-99df-bb6950092fe5___RS_LB 2723.jpg,potato_late_blight,6,train,plantvillage,potato_late_blight:128
train/potato_late_blight/ac35ccac-2c52-4af5-b0e3-3325f45e2c97___RS_LB 2749.jpg,potato_late_blight,6,train,plantvillage,potato_late_blight:129
train/potato_late_blight/ae80781d-725e-486e-9677-4149b0d751ef___RS_LB 5442.jpg,potato_late_blight,6,train,plantvillage,potato_late_blight:130
train/potato_late_blight/afcad9ca-9bd2-4c7b-b034-2b3d0360ac30___RS_LB 2741.jpg,potato_late_blight,6,train,plantvillage,potato_late_blight:131
train/potato_late_blight/b03529cf-21fd-4c94-a948-461a8d17e01c___RS_LB 4828.jpg,potato_late_blight,6,train,plantvillage,potato_late_blight:132
train/potato_late_blight/b0db9fbb-ff7f-4b5c-901c-19c7797c1d4a___RS_LB 2969.jpg,potato_late_blight,6,train,plantvillage,potato_late_blight:133
train/potato_late_blight/b334273e-833f-48fc-b6fb-7d7a31e1a541___RS_LB 4112.jpg,potato_late_blight,6,train,plantvillage,potato_late_blight:134
train/potato_late_blight/b340ff00-3d44-4394-90c5-797dc39f8389___RS_LB 4953.jpg,potato_late_blight,6,train,plantvillage,potato_late_blight:135
train/potato_late_blight/b86274d3-554a-495d-8304-76484e3c4d15___RS_LB 4442.jpg,potato_late_blight,6,train,plantvillage,potato_late_blight:136
train/potato_late_blight/b89a9e11-b184-4b4d-bc56-5f27a2626982___RS_LB 2512.jpg,potato_late_blight,6,train,plantvillage,potato_late_blight:137
train/potato_late_blight/bb19c5f3-2937-4c87-b964-d922088f4b19___RS_LB 4950.jpg,potato_late_blight,6,train,plantvillage,potato_late_blight:138
train/potato_late_blight/bb81b8a0-3d1e-4cef-aeb5-31ac32f1761a___RS_LB 5268.jpg,potato_late_blight,6,train,plantvillage,potato_late_blight:139
train/potato_late_blight/c01daf14-9595-4b10-974d-3452fe133060___RS_LB 4463.jpg,potato_late_blight,6,train,plantvillage,potato_late_blight:142
train/potato_late_blight/c0aeb29d-b504-47b5-aa5f-940a4f3b4e89___RS_LB 2972.jpg,potato_late_blight,6,train,plantvillage,potato_late_blight:143
train/potato_late_blight/c5ff46d5-8f49-409f-b3c1-9a1a25418f47___RS_LB 2596.jpg,potato_late_blight,6,train,plantvillage,potato_late_blight:145
train/potato_late_blight/c7adbae8-04db-489d-b9e6-c12de387d25c___RS_LB 2697.jpg,potato_late_blight,6,train,plantvillage,potato_late_blight:147
train/potato_late_blight/c87b7e98-d4ed-446a-bf9e-47bd454f279b___RS_LB 2860.jpg,potato_late_blight,6,train,plantvillage,potato_late_blight:148
train/potato_late_blight/cdd030ec-609e-4f61-9335-6cf89a6f35d2___RS_LB 2776.jpg,potato_late_blight,6,train,plantvillage,potato_late_blight:151
train/potato_late_blight/ced49a2c-c7b3-4c10-9475-2b004afebff1___RS_LB 4436.jpg,potato_late_blight,6,train,plantvillage,potato_late_blight:152
train/potato_late_blight/d385010f-53c1-4e7d-9fd3-50f0c98dc245___RS_LB 3865.jpg,potato_late_blight,6,train,plantvillage,potato_late_blight:153
train/potato_late_blight/d438f9b3-2952-425e-8c5f-a92a21b35f5f___RS_LB 4470.jpg,potato_late_blight,6,train,plantvillage,potato_late_blight:155
train/potato_late_blight/d4463dcb-ae91-4329-8c6d-6da1eecbaaac___RS_LB 2788.jpg,potato_late_blight,6,train,plantvillage,potato_late_blight:156
train/potato_late_blight/d5bf2575-1e57-4792-81a1-5770e701be1b___RS_LB 3209.jpg,potato_late_blight,6,train,plantvillage,potato_late_blight:157
train/potato_late_blight/d7e7afff-cb91-4209-bf42-ce579f273cce___RS_LB 4468.jpg,potato_late_blight,6,train,plantvillage,potato_late_blight:158
train/potato_late_blight/d7fdf2fa-8a55-4ff5-86a2-ca73c5883e93___RS_LB 4665.jpg,potato_late_blight,6,train,plantvillage,potato_late_blight:159
train/potato_late_blight/d992e6d3-25c9-4bbb-a806-8bc1455e5c40___RS_LB 4968.jpg,potato_late_blight,6,train,plantvillage,potato_late_blight:160
train/potato_late_blight/d99f0d05-6ee3-440c-9dc6-48f7ba2bfc24___RS_LB 2654.jpg,potato_late_blight,6,train,plantvillage,potato_late_blight:161
train/potato_late_blight/dd08ad51-110b-4de0-bfbb-862e53a6165c___RS_LB 4542.jpg,potato_late_blight,6,train,plantvillage,potato_late_blight:163
train/potato_late_blight/de0ae213-3479-4f07-b7f8-d59607a2caa8___RS_LB 2528.jpg,potato_late_blight,6,train,plantvillage,potato_late_blight:164
train/potato_late_blight/df919a28-9f11-42f6-823c-15f70bf1325e___RS_LB 4936.jpg,potato_late_blight,6,train,plantvillage,potato_late_blight:165
train/potato_late_blight/e0460bd7-100c-411f-ae0b-f69bfe360313___RS_LB 5310.jpg,potato_late_blight,6,train,plantvillage,potato_late_blight:166
train/potato_late_blight/e0a085c0-20e4-4e36-87db-49f0b58fa349___RS_LB 4324.jpg,potato_late_blight,6,train,plantvillage,potato_late_blight:167
train/potato_late_blight/e0c879c8-ebf3-43d0-9693-7a747fb5ba75___RS_LB 3956.jpg,potato_late_blight,6,train,plantvillage,potato_late_blight:168
train/potato_late_blight/e19d0007-3013-419d-a46a-0b1919f05cc4___RS_LB 4057.jpg,potato_late_blight,6,train,plantvillage,potato_late_blight:169
train/potato_late_blight/e26ad557-11c8-44fd-aad1-dea51c613742___RS_LB 5115.jpg,potato_late_blight,6,train,plantvillage,potato_late_blight:171
train/potato_late_blight/e28b4ead-09f5-4e34-a162-0e0268f53763___RS_LB 2583.jpg,potato_late_blight,6,train,plantvillage,potato_late_blight:172
train/potato_late_blight/e465af98-028c-4222-b300-d9688b613d89___RS_LB 5137.jpg,potato_late_blight,6,train,plantvillage,potato_late_blight:174
train/potato_late_blight/e4d454e4-c1e4-4597-8e76-77a93465b41d___RS_LB 2868.jpg,potato_late_blight,6,train,plantvillage,potato_late_blight:176
train/potato_late_blight/e9429874-1098-43af-bc38-0acc0b93f4f9___RS_LB 2682.jpg,potato_late_blight,6,train,plantvillage,potato_late_blight:177
train/potato_late_blight/e95f2954-1b68-490d-9684-90b3080676b1___RS_LB 3997.jpg,potato_late_blight,6,train,plantvillage,potato_late_blight:179
train/potato_late_blight/ea350085-28c1-4fc0-9fb9-386536cb971e___RS_LB 4890.jpg,potato_late_blight,6,train,plantvillage,potato_late_blight:180
train/potato_late_blight/eb34280e-0cfb-4166-a9b8-a15892c9ff5c___RS_LB 4450.jpg,potato_late_blight,6,train,plantvillage,potato_late_blight:181
train/potato_late_blight/ec53a246-df50-44c1-a87c-c8296f25f20c___RS_LB 4717.jpg,potato_late_blight,6,train,plantvillage,potato_late_blight:182
train/potato_late_blight/ede8e8be-6d71-466e-918e-44afa1403e30___RS_LB 5455.jpg,potato_late_blight,6,train,plantvillage,potato_late_blight:183
train/potato_late_blight/ef48ec23-0655-43d7-9475-8e73086033a2___RS_LB 5219.jpg,potato_late_blight,6,train,plantvillage,potato_late_blight:184
train/potato_late_blight/f1a2b03a-d724-4f81-a8d7-d7f38f26ea29___RS_LB 3039.jpg,potato_late_blight,6,train,plantvillage,potato_late_blight:185
train/potato_late_blight/f1b1a037-34e4-4016-a0bc-703059820f24___RS_LB 4343.jpg,potato_late_blight,6,train,plantvillage,potato_late_blight:186
train/potato_late_blight/f4e6847d-d381-4849-9ff1-930cfb597d08___RS_LB 5097.jpg,potato_late_blight,6,train,plantvillage,potato_late_blight:188
train/potato_late_blight/f528e881-b237-4797-ab54-0152eb901f53___RS_LB 3854.jpg,potato_late_blight,6,train,plantvillage,potato_late_blight:189
train/potato_late_blight/f973bbe0-ce70-4215-8d5b-9e7adc099261___RS_LB 2507.jpg,potato_late_blight,6,train,plantvillage,potato_late_blight:191
train/potato_late_blight/f9bd5093-1f62-4d00-bb66-7f65ce5c412b___RS_LB 2854.jpg,potato_late_blight,6,train,plantvillage,potato_late_blight:192
train/potato_late_blight/faf67766-afc0-4f41-af0b-a3971fe325c7___RS_LB 4777.jpg,potato_late_blight,6,train,plantvillage,potato_late_blight:193
train/potato_late_blight/fb91b663-6a03-4165-8125-afc96e41ab5c___RS_LB 5130.jpg,potato_late_blight,6,train,plantvillage,potato_late_blight:195
train/potato_late_blight/fd35fb86-6558-40f2-b8ac-6922e2107af5___RS_LB 4095.jpg,potato_late_blight,6,train,plantvillage,potato_late_blight:197
train/potato_late_blight/fd81a3e2-1d3e-4e52-a010-ad1b36a5220d___RS_LB 4067.jpg,potato_late_blight,6,train,plantvillage,potato_late_blight:198
train/rice_brown_spot/100001.jpg,rice_brown_spot,7,train,paddy_doctor,rice_brown_spot:0
train/rice_brown_spot/100009.jpg,rice_brown_spot,7,train,paddy_doctor,rice_brown_spot:1
train/rice_brown_spot/100022.jpg,rice_brown_spot,7,train,paddy_doctor,rice_brown_spot:2
train/rice_brown_spot/100028.jpg,rice_brown_spot,7,train,paddy_doctor,rice_brown_spot:3
train/rice_brown_spot/100035.jpg,rice_brown_spot,7,train,paddy_doctor,rice_brown_spot:4
train/rice_brown_spot/100041.jpg,rice_brown_spot,7,train,paddy_doctor,rice_brown_spot:5
train/rice_brown_spot/100062.jpg,rice_brown_spot,7,train,paddy_doctor,rice_brown_spot:7
train/rice_brown_spot/100064.jpg,rice_brown_spot,7,train,paddy_doctor,rice_brown_spot:8
train/rice_brown_spot/100078.jpg,rice_brown_spot,7,train,paddy_doctor,rice_brown_spot:0
train/rice_brown_spot/100086.jpg,rice_brown_spot,7,train,paddy_doctor,rice_brown_spot:10
train/rice_brown_spot/100093.jpg,rice_brown_spot,7,train,paddy_doctor,rice_brown_spot:11
train/rice_brown_spot/100096.jpg,rice_brown_spot,7,train,paddy_doctor,rice_brown_spot:12
train/rice_brown_spot/100099.jpg,rice_brown_spot,7,train,paddy_doctor,rice_brown_spot:13
train/rice_brown_spot/100142.jpg,rice_brown_spot,7,train,paddy_doctor,rice_brown_spot:14
train/rice_brown_spot/100158.jpg,rice_brown_spot,7,train,paddy_doctor,rice_brown_spot:15
train/rice_brown_spot/100185.jpg,rice_brown_spot,7,train,paddy_doctor,rice_brown_spot:17
train/rice_brown_spot/100191.jpg,rice_brown_spot,7,train,paddy_doctor,rice_brown_spot:18
train/rice_brown_spot/100201.jpg,rice_brown_spot,7,train,paddy_doctor,rice_brown_spot:19
train/rice_brown_spot/100208.jpg,rice_brown_spot,7,train,paddy_doctor,rice_brown_spot:20
train/rice_brown_spot/100232.jpg,rice_brown_spot,7,train,paddy_doctor,rice_brown_spot:23
train/rice_brown_spot/100233.jpg,rice_brown_spot,7,train,paddy_doctor,rice_brown_spot:24
train/rice_brown_spot/100255.jpg,rice_brown_spot,7,train,paddy_doctor,rice_brown_spot:25
train/rice_brown_spot/100269.jpg,rice_brown_spot,7,train,paddy_doctor,rice_brown_spot:27
train/rice_brown_spot/100275.jpg,rice_brown_spot,7,train,paddy_doctor,rice_brown_spot:28
train/rice_brown_spot/100302.jpg,rice_brown_spot,7,train,paddy_doctor,rice_brown_spot:29
train/rice_brown_spot/100320.jpg,rice_brown_spot,7,train,paddy_doctor,rice_brown_spot:30
train/rice_brown_spot/100329.jpg,rice_brown_spot,7,train,paddy_doctor,rice_brown_spot:31
train/rice_brown_spot/100343.jpg,rice_brown_spot,7,train,paddy_doctor,rice_brown_spot:32
train/rice_brown_spot/100361.jpg,rice_brown_spot,7,train,paddy_doctor,rice_brown_spot:34
train/rice_brown_spot/100368.jpg,rice_brown_spot,7,train,paddy_doctor,rice_brown_spot:35
train/rice_brown_spot/100380.jpg,rice_brown_spot,7,train,paddy_doctor,rice_brown_spot:36
train/rice_brown_spot/100384.jpg,rice_brown_spot,7,train,paddy_doctor,rice_brown_spot:37
train/rice_brown_spot/100410.jpg,rice_brown_spot,7,train,paddy_doctor,rice_brown_spot:39
train/rice_brown_spot/100421.jpg,rice_brown_spot,7,train,paddy_doctor,rice_brown_spot:40
train/rice_brown_spot/100451.jpg,rice_brown_spot,7,train,paddy_doctor,rice_brown_spot:42
train/rice_brown_spot/100470.jpg,rice_brown_spot,7,train,paddy_doctor,rice_brown_spot:43
train/rice_brown_spot/100475.jpg,rice_brown_spot,7,train,paddy_doctor,rice_brown_spot:19
train/rice_brown_spot/100489.jpg,rice_brown_spot,7,train,paddy_doctor,rice_brown_spot:45
train/rice_brown_spot/100518.jpg,rice_brown_spot,7,train,paddy_doctor,rice_brown_spot:47
train/rice_brown_spot/100528.jpg,rice_brown_spot,7,train,paddy_doctor,rice_brown_spot:48
train/rice_brown_spot/100532.jpg,rice_brown_spot,7,train,paddy_doctor,rice_brown_spot:49
train/rice_brown_spot/100555.jpg,rice_brown_spot,7,train,paddy_doctor,rice_brown_spot:50
train/rice_brown_spot/100562.jpg,rice_brown_spot,7,train,paddy_doctor,rice_brown_spot:51
train/rice_brown_spot/100567.jpg,rice_brown_spot,7,train,paddy_doctor,rice_brown_spot:54
train/rice_brown_spot/100574.jpg,rice_brown_spot,7,train,paddy_doctor,rice_brown_spot:55
train/rice_brown_spot/100595.jpg,rice_brown_spot,7,train,paddy_doctor,rice_brown_spot:57
train/rice_brown_spot/100608.jpg,rice_brown_spot,7,train,paddy_doctor,rice_brown_spot:58
train/rice_brown_spot/100615.jpg,rice_brown_spot,7,train,paddy_doctor,rice_brown_spot:59
train/rice_brown_spot/100652.jpg,rice_brown_spot,7,train,paddy_doctor,rice_brown_spot:60
train/rice_brown_spot/100656.jpg,rice_brown_spot,7,train,paddy_doctor,rice_brown_spot:61
train/rice_brown_spot/100683.jpg,rice_brown_spot,7,train,paddy_doctor,rice_brown_spot:63
train/rice_brown_spot/100690.jpg,rice_brown_spot,7,train,paddy_doctor,rice_brown_spot:64
train/rice_brown_spot/100692.jpg,rice_brown_spot,7,train,paddy_doctor,rice_brown_spot:65
train/rice_brown_spot/100711.jpg,rice_brown_spot,7,train,paddy_doctor,rice_brown_spot:69
train/rice_brown_spot/100727.jpg,rice_brown_spot,7,train,paddy_doctor,rice_brown_spot:70
train/rice_brown_spot/100730.jpg,rice_brown_spot,7,train,paddy_doctor,rice_brown_spot:71
train/rice_brown_spot/100736.jpg,rice_brown_spot,7,train,paddy_doctor,rice_brown_spot:72
train/rice_brown_spot/100785.jpg,rice_brown_spot,7,train,paddy_doctor,rice_brown_spot:74
train/rice_brown_spot/100815.jpg,rice_brown_spot,7,train,paddy_doctor,rice_brown_spot:75
train/rice_brown_spot/100820.jpg,rice_brown_spot,7,train,paddy_doctor,rice_brown_spot:76
train/rice_brown_spot/100832.jpg,rice_brown_spot,7,train,paddy_doctor,rice_brown_spot:77
train/rice_brown_spot/100864.jpg,rice_brown_spot,7,train,paddy_doctor,rice_brown_spot:82
train/rice_brown_spot/100888.jpg,rice_brown_spot,7,train,paddy_doctor,rice_brown_spot:85
train/rice_brown_spot/100895.jpg,rice_brown_spot,7,train,paddy_doctor,rice_brown_spot:88
train/rice_brown_spot/100897.jpg,rice_brown_spot,7,train,paddy_doctor,rice_brown_spot:89
train/rice_brown_spot/100906.jpg,rice_brown_spot,7,train,paddy_doctor,rice_brown_spot:90
train/rice_brown_spot/100907.jpg,rice_brown_spot,7,train,paddy_doctor,rice_brown_spot:91
train/rice_brown_spot/100926.jpg,rice_brown_spot,7,train,paddy_doctor,rice_brown_spot:93
train/rice_brown_spot/100937.jpg,rice_brown_spot,7,train,paddy_doctor,rice_brown_spot:94
train/rice_brown_spot/100939.jpg,rice_brown_spot,7,train,paddy_doctor,rice_brown_spot:95
train/rice_brown_spot/100953.jpg,rice_brown_spot,7,train,paddy_doctor,rice_brown_spot:96
train/rice_brown_spot/101002.jpg,rice_brown_spot,7,train,paddy_doctor,rice_brown_spot:99
train/rice_brown_spot/101011.jpg,rice_brown_spot,7,train,paddy_doctor,rice_brown_spot:100
train/rice_brown_spot/101017.jpg,rice_brown_spot,7,train,paddy_doctor,rice_brown_spot:102
train/rice_brown_spot/101051.jpg,rice_brown_spot,7,train,paddy_doctor,rice_brown_spot:103
train/rice_brown_spot/101052.jpg,rice_brown_spot,7,train,paddy_doctor,rice_brown_spot:104
train/rice_brown_spot/101072.jpg,rice_brown_spot,7,train,paddy_doctor,rice_brown_spot:106
train/rice_brown_spot/101095.jpg,rice_brown_spot,7,train,paddy_doctor,rice_brown_spot:107
train/rice_brown_spot/101121.jpg,rice_brown_spot,7,train,paddy_doctor,rice_brown_spot:109
train/rice_brown_spot/101145.jpg,rice_brown_spot,7,train,paddy_doctor,rice_brown_spot:111
train/rice_brown_spot/101195.jpg,rice_brown_spot,7,train,paddy_doctor,rice_brown_spot:114
train/rice_brown_spot/101245.jpg,rice_brown_spot,7,train,paddy_doctor,rice_brown_spot:118
train/rice_brown_spot/101265.jpg,rice_brown_spot,7,train,paddy_doctor,rice_brown_spot:120
train/rice_brown_spot/101273.jpg,rice_brown_spot,7,train,paddy_doctor,rice_brown_spot:121
train/rice_brown_spot/101282.jpg,rice_brown_spot,7,train,paddy_doctor,rice_brown_spot:123
train/rice_brown_spot/101283.jpg,rice_brown_spot,7,train,paddy_doctor,rice_brown_spot:124
train/rice_brown_spot/101318.jpg,rice_brown_spot,7,train,paddy_doctor,rice_brown_spot:125
train/rice_brown_spot/101333.jpg,rice_brown_spot,7,train,paddy_doctor,rice_brown_spot:127
train/rice_brown_spot/101336.jpg,rice_brown_spot,7,train,paddy_doctor,rice_brown_spot:128
train/rice_brown_spot/101338.jpg,rice_brown_spot,7,train,paddy_doctor,rice_brown_spot:129
train/rice_brown_spot/101339.jpg,rice_brown_spot,7,train,paddy_doctor,rice_brown_spot:130
train/rice_brown_spot/101341.jpg,rice_brown_spot,7,train,paddy_doctor,rice_brown_spot:102
train/rice_brown_spot/101353.jpg,rice_brown_spot,7,train,paddy_doctor,rice_brown_spot:131
train/rice_brown_spot/101372.jpg,rice_brown_spot,7,train,paddy_doctor,rice_brown_spot:49
train/rice_brown_spot/101386.jpg,rice_brown_spot,7,train,paddy_doctor,rice_brown_spot:135
train/rice_brown_spot/101407.jpg,rice_brown_spot,7,train,paddy_doctor,rice_brown_spot:136
train/rice_brown_spot/101411.jpg,rice_brown_spot,7,train,paddy_doctor,rice_brown_spot:137
train/rice_brown_spot/101436.jpg,rice_brown_spot,7,train,paddy_doctor,rice_brown_spot:138
train/rice_brown_spot/101456.jpg,rice_brown_spot,7,train,paddy_doctor,rice_brown_spot:141
train/rice_brown_spot/101457.jpg,rice_brown_spot,7,train,paddy_doctor,rice_brown_spot:125
train/rice_brown_spot/101478.jpg,rice_brown_spot,7,train,paddy_doctor,rice_brown_spot:142
train/rice_brown_spot/101484.jpg,rice_brown_spot,7,train,paddy_doctor,rice_brown_spot:143
train/rice_brown_spot/101523.jpg,rice_brown_spot,7,train,paddy_doctor,rice_brown_spot:144
train/rice_brown_spot/101535.jpg,rice_brown_spot,7,train,paddy_doctor,rice_brown_spot:146
train/rice_brown_spot/101545.jpg,rice_brown_spot,7,train,paddy_doctor,rice_brown_spot:147
train/rice_brown_spot/101581.jpg,rice_brown_spot,7,train,paddy_doctor,rice_brown_spot:148
train/rice_brown_spot/101583.jpg,rice_brown_spot,7,train,paddy_doctor,rice_brown_spot:149
train/rice_brown_spot/101599.jpg,rice_brown_spot,7,train,paddy_doctor,rice_brown_spot:150
train/rice_brown_spot/101601.jpg,rice_brown_spot,7,train,paddy_doctor,rice_brown_spot:151
train/rice_brown_spot/101607.jpg,rice_brown_spot,7,train,paddy_doctor,rice_brown_spot:152
train/rice_brown_spot/101609.jpg,rice_brown_spot,7,train,paddy_doctor,rice_brown_spot:153
train/rice_brown_spot/101614.jpg,rice_brown_spot,7,train,paddy_doctor,rice_brown_spot:154
train/rice_brown_spot/101635.jpg,rice_brown_spot,7,train,paddy_doctor,rice_brown_spot:155
train/rice_brown_spot/101639.jpg,rice_brown_spot,7,train,paddy_doctor,rice_brown_spot:157
train/rice_brown_spot/101668.jpg,rice_brown_spot,7,train,paddy_doctor,rice_brown_spot:158
train/rice_brown_spot/101674.jpg,rice_brown_spot,7,train,paddy_doctor,rice_brown_spot:159
train/rice_brown_spot/101679.jpg,rice_brown_spot,7,train,paddy_doctor,rice_brown_spot:160
train/rice_brown_spot/101691.jpg,rice_brown_spot,7,train,paddy_doctor,rice_brown_spot:162
train/rice_brown_spot/101700.jpg,rice_brown_spot,7,train,paddy_doctor,rice_brown_spot:163
train/rice_brown_spot/101703.jpg,rice_brown_spot,7,train,paddy_doctor,rice_brown_spot:164
train/rice_brown_spot/101710.jpg,rice_brown_spot,7,train,paddy_doctor,rice_brown_spot:165
train/rice_brown_spot/101713.jpg,rice_brown_spot,7,train,paddy_doctor,rice_brown_spot:166
train/rice_brown_spot/101722.jpg,rice_brown_spot,7,train,paddy_doctor,rice_brown_spot:167
train/rice_brown_spot/101762.jpg,rice_brown_spot,7,train,paddy_doctor,rice_brown_spot:169
train/rice_brown_spot/101795.jpg,rice_brown_spot,7,train,paddy_doctor,rice_brown_spot:171
train/rice_brown_spot/101797.jpg,rice_brown_spot,7,train,paddy_doctor,rice_brown_spot:172
train/rice_brown_spot/101827.jpg,rice_brown_spot,7,train,paddy_doctor,rice_brown_spot:173
train/rice_brown_spot/101853.jpg,rice_brown_spot,7,train,paddy_doctor,rice_brown_spot:175
train/rice_brown_spot/101855.jpg,rice_brown_spot,7,train,paddy_doctor,rice_brown_spot:176
train/rice_brown_spot/101896.jpg,rice_brown_spot,7,train,paddy_doctor,rice_brown_spot:179
train/rice_brown_spot/101908.jpg,rice_brown_spot,7,train,paddy_doctor,rice_brown_spot:75
train/rice_brown_spot/101929.jpg,rice_brown_spot,7,train,paddy_doctor,rice_brown_spot:180
train/rice_brown_spot/101985.jpg,rice_brown_spot,7,train,paddy_doctor,rice_brown_spot:181
train/rice_brown_spot/102030.jpg,rice_brown_spot,7,train,paddy_doctor,rice_brown_spot:182
train/rice_brown_spot/102053.jpg,rice_brown_spot,7,train,paddy_doctor,rice_brown_spot:183
train/rice_brown_spot/102063.jpg,rice_brown_spot,7,train,paddy_doctor,rice_brown_spot:185
train/rice_brown_spot/102064.jpg,rice_brown_spot,7,train,paddy_doctor,rice_brown_spot:186
train/rice_brown_spot/102067.jpg,rice_brown_spot,7,train,paddy_doctor,rice_brown_spot:187
train/rice_brown_spot/102082.jpg,rice_brown_spot,7,train,paddy_doctor,rice_brown_spot:189
train/rice_brown_spot/102123.jpg,rice_brown_spot,7,train,paddy_doctor,rice_brown_spot:191
train/rice_brown_spot/102173.jpg,rice_brown_spot,7,train,paddy_doctor,rice_brown_spot:193
train/rice_brown_spot/102191.jpg,rice_brown_spot,7,train,paddy_doctor,rice_brown_spot:194
train/rice_brown_spot/102212.jpg,rice_brown_spot,7,train,paddy_doctor,rice_brown_spot:129
train/rice_brown_spot/102213.jpg,rice_brown_spot,7,train,paddy_doctor,rice_brown_spot:196
train/rice_brown_spot/102231.jpg,rice_brown_spot,7,train,paddy_doctor,rice_brown_spot:197
train/rice_brown_spot/102240.jpg,rice_brown_spot,7,train,paddy_doctor,rice_brown_spot:198
train/rice_brown_spot/102264.jpg,rice_brown_spot,7,train,paddy_doctor,rice_brown_spot:124
train/rice_brown_spot/102265.jpg,rice_brown_spot,7,train,paddy_doctor,rice_brown_spot:199
train/rice_brown_spot/102271.jpg,rice_brown_spot,7,train,paddy_doctor,rice_brown_spot:201
train/rice_brown_spot/102284.jpg,rice_brown_spot,7,train,paddy_doctor,rice_brown_spot:202
train/rice_brown_spot/102296.jpg,rice_brown_spot,7,train,paddy_doctor,rice_brown_spot:203
train/rice_brown_spot/102303.jpg,rice_brown_spot,7,train,paddy_doctor,rice_brown_spot:204
train/rice_brown_spot/102313.jpg,rice_brown_spot,7,train,paddy_doctor,rice_brown_spot:205
train/rice_brown_spot/102320.jpg,rice_brown_spot,7,train,paddy_doctor,rice_brown_spot:206
train/rice_brown_spot/102347.jpg,rice_brown_spot,7,train,paddy_doctor,rice_brown_spot:207
train/rice_brown_spot/102348.jpg,rice_brown_spot,7,train,paddy_doctor,rice_brown_spot:208
train/rice_brown_spot/102390.jpg,rice_brown_spot,7,train,paddy_doctor,rice_brown_spot:211
train/rice_brown_spot/102400.jpg,rice_brown_spot,7,train,paddy_doctor,rice_brown_spot:212
train/rice_brown_spot/102402.jpg,rice_brown_spot,7,train,paddy_doctor,rice_brown_spot:213
train/rice_brown_spot/102405.jpg,rice_brown_spot,7,train,paddy_doctor,rice_brown_spot:214
train/rice_brown_spot/102415.jpg,rice_brown_spot,7,train,paddy_doctor,rice_brown_spot:11
train/rice_brown_spot/102419.jpg,rice_brown_spot,7,train,paddy_doctor,rice_brown_spot:215
train/rice_brown_spot/102431.jpg,rice_brown_spot,7,train,paddy_doctor,rice_brown_spot:216
train/rice_brown_spot/102459.jpg,rice_brown_spot,7,train,paddy_doctor,rice_brown_spot:218
train/rice_brown_spot/102465.jpg,rice_brown_spot,7,train,paddy_doctor,rice_brown_spot:219
train/rice_brown_spot/102470.jpg,rice_brown_spot,7,train,paddy_doctor,rice_brown_spot:220
train/rice_brown_spot/102476.jpg,rice_brown_spot,7,train,paddy_doctor,rice_brown_spot:221
train/rice_brown_spot/102489.jpg,rice_brown_spot,7,train,paddy_doctor,rice_brown_spot:222
train/rice_brown_spot/102504.jpg,rice_brown_spot,7,train,paddy_doctor,rice_brown_spot:224
train/rice_brown_spot/102525.jpg,rice_brown_spot,7,train,paddy_doctor,rice_brown_spot:226
train/rice_brown_spot/102527.jpg,rice_brown_spot,7,train,paddy_doctor,rice_brown_spot:227
train/rice_brown_spot/102533.jpg,rice_brown_spot,7,train,paddy_doctor,rice_brown_spot:228
train/rice_brown_spot/102542.jpg,rice_brown_spot,7,train,paddy_doctor,rice_brown_spot:229
train/rice_brown_spot/102589.jpg,rice_brown_spot,7,train,paddy_doctor,rice_brown_spot:232
train/rice_brown_spot/102641.jpg,rice_brown_spot,7,train,paddy_doctor,rice_brown_spot:234
train/rice_brown_spot/102658.jpg,rice_brown_spot,7,train,paddy_doctor,rice_brown_spot:237
train/rice_brown_spot/102661.jpg,rice_brown_spot,7,train,paddy_doctor,rice_brown_spot:238
train/rice_brown_spot/102670.jpg,rice_brown_spot,7,train,paddy_doctor,rice_brown_spot:239
train/rice_brown_spot/102731.jpg,rice_brown_spot,7,train,paddy_doctor,rice_brown_spot:241
train/rice_brown_spot/102732.jpg,rice_brown_spot,7,train,paddy_doctor,rice_brown_spot:242
train/rice_brown_spot/102755.jpg,rice_brown_spot,7,train,paddy_doctor,rice_brown_spot:244
train/rice_brown_spot/102777.jpg,rice_brown_spot,7,train,paddy_doctor,rice_brown_spot:245
train/rice_brown_spot/102786.jpg,rice_brown_spot,7,train,paddy_doctor,rice_brown_spot:247
train/rice_brown_spot/102812.jpg,rice_brown_spot,7,train,paddy_doctor,rice_brown_spot:248
train/rice_brown_spot/102827.jpg,rice_brown_spot,7,train,paddy_doctor,rice_brown_spot:95
train/rice_brown_spot/102857.jpg,rice_brown_spot,7,train,paddy_doctor,rice_brown_spot:249
train/rice_brown_spot/102859.jpg,rice_brown_spot,7,train,paddy_doctor,rice_brown_spot:250
train/rice_brown_spot/102864.jpg,rice_brown_spot,7,train,paddy_doctor,rice_brown_spot:251
train/rice_brown_spot/102917.jpg,rice_brown_spot,7,train,paddy_doctor,rice_brown_spot:252
train/rice_brown_spot/102932.jpg,rice_brown_spot,7,train,paddy_doctor,rice_brown_spot:253
train/rice_brown_spot/102934.jpg,rice_brown_spot,7,train,paddy_doctor,rice_brown_spot:254
train/rice_brown_spot/102936.jpg,rice_brown_spot,7,train,paddy_doctor,rice_brown_spot:255
train/rice_brown_spot/102938.jpg,rice_brown_spot,7,train,paddy_doctor,rice_brown_spot:256
train/rice_brown_spot/102939.jpg,rice_brown_spot,7,train,paddy_doctor,rice_brown_spot:257
train/rice_brown_spot/102959.jpg,rice_brown_spot,7,train,paddy_doctor,rice_brown_spot:260
train/rice_brown_spot/102961.jpg,rice_brown_spot,7,train,paddy_doctor,rice_brown_spot:261
train/rice_brown_spot/102992.jpg,rice_brown_spot,7,train,paddy_doctor,rice_brown_spot:198
train/rice_brown_spot/103004.jpg,rice_brown_spot,7,train,paddy_doctor,rice_brown_spot:263
train/rice_brown_spot/103025.jpg,rice_brown_spot,7,train,paddy_doctor,rice_brown_spot:265
train/rice_brown_spot/103031.jpg,rice_brown_spot,7,train,paddy_doctor,rice_brown_spot:266
train/rice_brown_spot/103037.jpg,rice_brown_spot,7,train,paddy_doctor,rice_brown_spot:267
train/rice_brown_spot/103041.jpg,rice_brown_spot,7,train,paddy_doctor,rice_brown_spot:269
train/rice_brown_spot/103069.jpg,rice_brown_spot,7,train,paddy_doctor,rice_brown_spot:271
train/rice_brown_spot/103084.jpg,rice_brown_spot,7,train,paddy_doctor,rice_brown_spot:272
train/rice_brown_spot/103099.jpg,rice_brown_spot,7,train,paddy_doctor,rice_brown_spot:274
train/rice_brown_spot/103104.jpg,rice_brown_spot,7,train,paddy_doctor,rice_brown_spot:275
train/rice_brown_spot/103116.jpg,rice_brown_spot,7,train,paddy_doctor,rice_brown_spot:276
train/rice_brown_spot/103120.jpg,rice_brown_spot,7,train,paddy_doctor,rice_brown_spot:277
train/rice_brown_spot/103128.jpg,rice_brown_spot,7,train,paddy_doctor,rice_brown_spot:279
train/rice_brown_spot/103146.jpg,rice_brown_spot,7,train,paddy_doctor,rice_brown_spot:280
train/rice_brown_spot/103152.jpg,rice_brown_spot,7,train,paddy_doctor,rice_brown_spot:281
train/rice_brown_spot/103154.jpg,rice_brown_spot,7,train,paddy_doctor,rice_brown_spot:282
train/rice_brown_spot/103189.jpg,rice_brown_spot,7,train,paddy_doctor,rice_brown_spot:284
train/rice_brown_spot/103235.jpg,rice_brown_spot,7,train,paddy_doctor,rice_brown_spot:287
train/rice_brown_spot/103267.jpg,rice_brown_spot,7,train,paddy_doctor,rice_brown_spot:203
train/rice_brown_spot/103279.jpg,rice_brown_spot,7,train,paddy_doctor,rice_brown_spot:288
train/rice_brown_spot/103294.jpg,rice_brown_spot,7,train,paddy_doctor,rice_brown_spot:289
train/rice_brown_spot/103296.jpg,rice_brown_spot,7,train,paddy_doctor,rice_brown_spot:290
train/rice_brown_spot/103334.jpg,rice_brown_spot,7,train,paddy_doctor,rice_brown_spot:291
train/rice_brown_spot/103338.jpg,rice_brown_spot,7,train,paddy_doctor,rice_brown_spot:292
train/rice_brown_spot/103415.jpg,rice_brown_spot,7,train,paddy_doctor,rice_brown_spot:295
train/rice_brown_spot/103425.jpg,rice_brown_spot,7,train,paddy_doctor,rice_brown_spot:296
train/rice_brown_spot/103438.jpg,rice_brown_spot,7,train,paddy_doctor,rice_brown_spot:297
train/rice_brown_spot/103446.jpg,rice_brown_spot,7,train,paddy_doctor,rice_brown_spot:298
train/rice_brown_spot/103448.jpg,rice_brown_spot,7,train,paddy_doctor,rice_brown_spot:299
train/rice_brown_spot/103456.jpg,rice_brown_spot,7,train,paddy_doctor,rice_brown_spot:300
train/rice_brown_spot/103476.jpg,rice_brown_spot,7,train,paddy_doctor,rice_brown_spot:301
train/rice_brown_spot/103482.jpg,rice_brown_spot,7,train,paddy_doctor,rice_brown_spot:302
train/rice_brown_spot/103489.jpg,rice_brown_spot,7,train,paddy_doctor,rice_brown_spot:303
train/rice_brown_spot/103492.jpg,rice_brown_spot,7,train,paddy_doctor,rice_brown_spot:304
train/rice_brown_spot/103495.jpg,rice_brown_spot,7,train,paddy_doctor,rice_brown_spot:305
train/rice_brown_spot/103508.jpg,rice_brown_spot,7,train,paddy_doctor,rice_brown_spot:307
train/rice_brown_spot/103509.jpg,rice_brown_spot,7,train,paddy_doctor,rice_brown_spot:308
train/rice_brown_spot/103518.jpg,rice_brown_spot,7,train,paddy_doctor,rice_brown_spot:309
train/rice_brown_spot/103560.jpg,rice_brown_spot,7,train,paddy_doctor,rice_brown_spot:114
train/rice_brown_spot/103569.jpg,rice_brown_spot,7,train,paddy_doctor,rice_brown_spot:310
train/rice_brown_spot/103576.jpg,rice_brown_spot,7,train,paddy_doctor,rice_brown_spot:311
train/rice_brown_spot/103584.jpg,rice_brown_spot,7,train,paddy_doctor,rice_brown_spot:313
train/rice_brown_spot/103592.jpg,rice_brown_spot,7,train,paddy_doctor,rice_brown_spot:314
train/rice_brown_spot/103595.jpg,rice_brown_spot,7,train,paddy_doctor,rice_brown_spot:315
train/rice_brown_spot/103601.jpg,rice_brown_spot,7,train,paddy_doctor,rice_brown_spot:317
train/rice_brown_spot/103610.jpg,rice_brown_spot,7,train,paddy_doctor,rice_brown_spot:318
train/rice_brown_spot/103630.jpg,rice_brown_spot,7,train,paddy_doctor,rice_brown_spot:320
train/rice_brown_spot/103633.jpg,rice_brown_spot,7,train,paddy_doctor,rice_brown_spot:321
train/rice_brown_spot/103635.jpg,rice_brown_spot,7,train,paddy_doctor,rice_brown_spot:322
train/rice_brown_spot/103670.jpg,rice_brown_spot,7,train,paddy_doctor,rice_brown_spot:150
train/rice_brown_spot/103683.jpg,rice_brown_spot,7,train,paddy_doctor,rice_brown_spot:324
train/rice_brown_spot/103687.jpg,rice_brown_spot,7,train,paddy_doctor,rice_brown_spot:325
train/rice_brown_spot/103688.jpg,rice_brown_spot,7,train,paddy_doctor,rice_brown_spot:326
train/rice_brown_spot/103700.jpg,rice_brown_spot,7,train,paddy_doctor,rice_brown_spot:327
train/rice_brown_spot/103726.jpg,rice_brown_spot,7,train,paddy_doctor,rice_brown_spot:136
train/rice_brown_spot/103743.jpg,rice_brown_spot,7,train,paddy_doctor,rice_brown_spot:331
train/rice_brown_spot/103750.jpg,rice_brown_spot,7,train,paddy_doctor,rice_brown_spot:332
train/rice_brown_spot/103762.jpg,rice_brown_spot,7,train,paddy_doctor,rice_brown_spot:114
train/rice_brown_spot/103778.jpg,rice_brown_spot,7,train,paddy_doctor,rice_brown_spot:39
train/rice_brown_spot/103781.jpg,rice_brown_spot,7,train,paddy_doctor,rice_brown_spot:333
train/rice_brown_spot/103787.jpg,rice_brown_spot,7,train,paddy_doctor,rice_brown_spot:334
train/rice_brown_spot/103808.jpg,rice_brown_spot,7,train,paddy_doctor,rice_brown_spot:337
train/rice_brown_spot/103838.jpg,rice_brown_spot,7,train,paddy_doctor,rice_brown_spot:340
train/rice_brown_spot/103884.jpg,rice_brown_spot,7,train,paddy_doctor,rice_brown_spot:342
train/rice_brown_spot/103892.jpg,rice_brown_spot,7,train,paddy_doctor,rice_brown_spot:344
train/rice_brown_spot/103897.jpg,rice_brown_spot,7,train,paddy_doctor,rice_brown_spot:345
train/rice_brown_spot/103915.jpg,rice_brown_spot,7,train,paddy_doctor,rice_brown_spot:181
train/rice_brown_spot/103930.jpg,rice_brown_spot,7,train,paddy_doctor,rice_brown_spot:348
train/rice_brown_spot/103965.jpg,rice_brown_spot,7,train,paddy_doctor,rice_brown_spot:350
train/rice_brown_spot/103991.jpg,rice_brown_spot,7,train,paddy_doctor,rice_brown_spot:351
train/rice_brown_spot/103995.jpg,rice_brown_spot,7,train,paddy_doctor,rice_brown_spot:352
train/rice_brown_spot/104002.jpg,rice_brown_spot,7,train,paddy_doctor,rice_brown_spot:353
train/rice_brown_spot/104004.jpg,rice_brown_spot,7,train,paddy_doctor,rice_brown_spot:355
train/rice_brown_spot/104011.jpg,rice_brown_spot,7,train,paddy_doctor,rice_brown_spot:356
train/rice_brown_spot/104014.jpg,rice_brown_spot,7,train,paddy_doctor,rice_brown_spot:357
train/rice_brown_spot/104033.jpg,rice_brown_spot,7,train,paddy_doctor,rice_brown_spot:0
train/rice_brown_spot/104066.jpg,rice_brown_spot,7,train,paddy_doctor,rice_brown_spot:361
train/rice_brown_spot/104067.jpg,rice_brown_spot,7,train,paddy_doctor,rice_brown_spot:362
train/rice_brown_spot/104084.jpg,rice_brown_spot,7,train,paddy_doctor,rice_brown_spot:363
train/rice_brown_spot/104093.jpg,rice_brown_spot,7,train,paddy_doctor,rice_brown_spot:305
train/rice_brown_spot/104104.jpg,rice_brown_spot,7,train,paddy_doctor,rice_brown_spot:364
train/rice_brown_spot/104129.jpg,rice_brown_spot,7,train,paddy_doctor,rice_brown_spot:365
train/rice_brown_spot/104157.jpg,rice_brown_spot,7,train,paddy_doctor,rice_brown_spot:367
train/rice_brown_spot/104167.jpg,rice_brown_spot,7,train,paddy_doctor,rice_brown_spot:370
train/rice_brown_spot/104201.jpg,rice_brown_spot,7,train,paddy_doctor,rice_brown_spot:371
train/rice_brown_spot/104204.jpg,rice_brown_spot,7,train,paddy_doctor,rice_brown_spot:372
train/rice_brown_spot/104212.jpg,rice_brown_spot,7,train,paddy_doctor,rice_brown_spot:136
train/rice_brown_spot/104227.jpg,rice_brown_spot,7,train,paddy_doctor,rice_brown_spot:373
train/rice_brown_spot/104238.jpg,rice_brown_spot,7,train,paddy_doctor,rice_brown_spot:374
train/rice_brown_spot/104243.jpg,rice_brown_spot,7,train,paddy_doctor,rice_brown_spot:375
train/rice_brown_spot/104247.jpg,rice_brown_spot,7,train,paddy_doctor,rice_brown_spot:42
train/rice_brown_spot/104250.jpg,rice_brown_spot,7,train,paddy_doctor,rice_brown_spot:376
train/rice_brown_spot/104257.jpg,rice_brown_spot,7,train,paddy_doctor,rice_brown_spot:13
train/rice_brown_spot/104274.jpg,rice_brown_spot,7,train,paddy_doctor,rice_brown_spot:377
train/rice_brown_spot/104322.jpg,rice_brown_spot,7,train,paddy_doctor,rice_brown_spot:43
train/rice_brown_spot/104350.jpg,rice_brown_spot,7,train,paddy_doctor,rice_brown_spot:23
train/rice_brown_spot/104353.jpg,rice_brown_spot,7,train,paddy_doctor,rice_brown_spot:121
train/rice_brown_spot/104358.jpg,rice_brown_spot,7,train,paddy_doctor,rice_brown_spot:378
train/rice_brown_spot/104373.jpg,rice_brown_spot,7,train,paddy_doctor,rice_brown_spot:185
train/rice_brown_spot/104398.jpg,rice_brown_spot,7,train,paddy_doctor,rice_brown_spot:379
train/rice_brown_spot/104426.jpg,rice_brown_spot,7,train,paddy_doctor,rice_brown_spot:380
train/rice_brown_spot/104493.jpg,rice_brown_spot,7,train,paddy_doctor,rice_brown_spot:381
train/rice_brown_spot/104499.jpg,rice_brown_spot,7,train,paddy_doctor,rice_brown_spot:382
train/rice_brown_spot/104506.jpg,rice_brown_spot,7,train,paddy_doctor,rice_brown_spot:384
train/rice_brown_spot/104511.jpg,rice_brown_spot,7,train,paddy_doctor,rice_brown_spot:149
train/rice_brown_spot/104522.jpg,rice_brown_spot,7,train,paddy_doctor,rice_brown_spot:386
train/rice_brown_spot/104554.jpg,rice_brown_spot,7,train,paddy_doctor,rice_brown_spot:388
train/rice_brown_spot/104560.jpg,rice_brown_spot,7,train,paddy_doctor,rice_brown_spot:390
train/rice_brown_spot/104564.jpg,rice_brown_spot,7,train,paddy_doctor,rice_brown_spot:391
train/rice_brown_spot/104597.jpg,rice_brown_spot,7,train,paddy_doctor,rice_brown_spot:395
train/rice_brown_spot/104603.jpg,rice_brown_spot,7,train,paddy_doctor,rice_brown_spot:396
train/rice_brown_spot/104604.jpg,rice_brown_spot,7,train,paddy_doctor,rice_brown_spot:397
train/rice_brown_spot/104623.jpg,rice_brown_spot,7,train,paddy_doctor,rice_brown_spot:398
train/rice_brown_spot/104624.jpg,rice_brown_spot,7,train,paddy_doctor,rice_brown_spot:399
train/rice_brown_spot/104625.jpg,rice_brown_spot,7,train,paddy_doctor,rice_brown_spot:400
train/rice_brown_spot/104627.jpg,rice_brown_spot,7,train,paddy_doctor,rice_brown_spot:401
train/rice_brown_spot/104632.jpg,rice_brown_spot,7,train,paddy_doctor,rice_brown_spot:402
train/rice_brown_spot/104640.jpg,rice_brown_spot,7,train,paddy_doctor,rice_brown_spot:403
train/rice_brown_spot/104642.jpg,rice_brown_spot,7,train,paddy_doctor,rice_brown_spot:404
train/rice_brown_spot/104671.jpg,rice_brown_spot,7,train,paddy_doctor,rice_brown_spot:406
train/rice_brown_spot/104675.jpg,rice_brown_spot,7,train,paddy_doctor,rice_brown_spot:203
train/rice_brown_spot/104686.jpg,rice_brown_spot,7,train,paddy_doctor,rice_brown_spot:407
train/rice_brown_spot/104689.jpg,rice_brown_spot,7,train,paddy_doctor,rice_brown_spot:408
train/rice_brown_spot/104695.jpg,rice_brown_spot,7,train,paddy_doctor,rice_brown_spot:409
train/rice_brown_spot/104700.jpg,rice_brown_spot,7,train,paddy_doctor,rice_brown_spot:207
train/rice_brown_spot/104709.jpg,rice_brown_spot,7,train,paddy_doctor,rice_brown_spot:410
train/rice_brown_spot/104750.jpg,rice_brown_spot,7,train,paddy_doctor,rice_brown_spot:149
train/rice_brown_spot/104771.jpg,rice_brown_spot,7,train,paddy_doctor,rice_brown_spot:412
train/rice_brown_spot/104772.jpg,rice_brown_spot,7,train,paddy_doctor,rice_brown_spot:413
train/rice_brown_spot/104774.jpg,rice_brown_spot,7,train,paddy_doctor,rice_brown_spot:414
train/rice_brown_spot/104786.jpg,rice_brown_spot,7,train,paddy_doctor,rice_brown_spot:415
train/rice_brown_spot/104796.jpg,rice_brown_spot,7,train,paddy_doctor,rice_brown_spot:416
train/rice_brown_spot/104817.jpg,rice_brown_spot,7,train,paddy_doctor,rice_brown_spot:417
train/rice_brown_spot/104818.jpg,rice_brown_spot,7,train,paddy_doctor,rice_brown_spot:418
train/rice_brown_spot/104821.jpg,rice_brown_spot,7,train,paddy_doctor,rice_brown_spot:419
train/rice_brown_spot/104852.jpg,rice_brown_spot,7,train,paddy_doctor,rice_brown_spot:421
train/rice_brown_spot/104862.jpg,rice_brown_spot,7,train,paddy_doctor,rice_brown_spot:256
train/rice_brown_spot/104876.jpg,rice_brown_spot,7,train,paddy_doctor,rice_brown_spot:422
train/rice_brown_spot/104886.jpg,rice_brown_spot,7,train,paddy_doctor,rice_brown_spot:136
train/rice_brown_spot/104887.jpg,rice_brown_spot,7,train,paddy_doctor,rice_brown_spot:423
train/rice_brown_spot/104923.jpg,rice_brown_spot,7,train,paddy_doctor,rice_brown_spot:426
train/rice_brown_spot/104932.jpg,rice_brown_spot,7,train,paddy_doctor,rice_brown_spot:428
train/rice_brown_spot/104950.jpg,rice_brown_spot,7,train,paddy_doctor,rice_brown_spot:430
train/rice_brown_spot/104952.jpg,rice_brown_spot,7,train,paddy_doctor,rice_brown_spot:431
train/rice_brown_spot/104954.jpg,rice_brown_spot,7,train,paddy_doctor,rice_brown_spot:432
train/rice_brown_spot/104962.jpg,rice_brown_spot,7,train,paddy_doctor,rice_brown_spot:433
train/rice_brown_spot/104984.jpg,rice_brown_spot,7,train,paddy_doctor,rice_brown_spot:435
train/rice_brown_spot/104987.jpg,rice_brown_spot,7,train,paddy_doctor,rice_brown_spot:436
train/rice_brown_spot/105003.jpg,rice_brown_spot,7,train,paddy_doctor,rice_brown_spot:438
train/rice_brown_spot/105090.jpg,rice_brown_spot,7,train,paddy_doctor,rice_brown_spot:442
train/rice_brown_spot/105101.jpg,rice_brown_spot,7,train,paddy_doctor,rice_brown_spot:443
train/rice_brown_spot/105126.jpg,rice_brown_spot,7,train,paddy_doctor,rice_brown_spot:444
train/rice_brown_spot/105163.jpg,rice_brown_spot,7,train,paddy_doctor,rice_brown_spot:445
train/rice_brown_spot/105169.jpg,rice_brown_spot,7,train,paddy_doctor,rice_brown_spot:446
train/rice_brown_spot/105176.jpg,rice_brown_spot,7,train,paddy_doctor,rice_brown_spot:448
train/rice_brown_spot/105182.jpg,rice_brown_spot,7,train,paddy_doctor,rice_brown_spot:449
train/rice_brown_spot/105194.jpg,rice_brown_spot,7,train,paddy_doctor,rice_brown_spot:450
train/rice_brown_spot/105207.jpg,rice_brown_spot,7,train,paddy_doctor,rice_brown_spot:451
train/rice_brown_spot/105214.jpg,rice_brown_spot,7,train,paddy_doctor,rice_brown_spot:453
train/rice_brown_spot/105244.jpg,rice_brown_spot,7,train,paddy_doctor,rice_brown_spot:455
train/rice_brown_spot/105245.jpg,rice_brown_spot,7,train,paddy_doctor,rice_brown_spot:279
train/rice_brown_spot/105248.jpg,rice_brown_spot,7,train,paddy_doctor,rice_brown_spot:456
train/rice_brown_spot/105253.jpg,rice_brown_spot,7,train,paddy_doctor,rice_brown_spot:457
train/rice_brown_spot/105266.jpg,rice_brown_spot,7,train,paddy_doctor,rice_brown_spot:458
train/rice_brown_spot/105270.jpg,rice_brown_spot,7,train,paddy_doctor,rice_brown_spot:459
train/rice_brown_spot/105281.jpg,rice_brown_spot,7,train,paddy_doctor,rice_brown_spot:460
train/rice_brown_spot/105319.jpg,rice_brown_spot,7,train,paddy_doctor,rice_brown_spot:277
train/rice_brown_spot/105344.jpg,rice_brown_spot,7,train,paddy_doctor,rice_brown_spot:23
train/rice_brown_spot/105353.jpg,rice_brown_spot,7,train,paddy_doctor,rice_brown_spot:463
train/rice_brown_spot/105385.jpg,rice_brown_spot,7,train,paddy_doctor,rice_brown_spot:465
train/rice_brown_spot/105387.jpg,rice_brown_spot,7,train,paddy_doctor,rice_brown_spot:466
train/rice_brown_spot/105399.jpg,rice_brown_spot,7,train,paddy_doctor,rice_brown_spot:467
train/rice_brown_spot/105402.jpg,rice_brown_spot,7,train,paddy_doctor,rice_brown_spot:468
train/rice_brown_spot/105422.jpg,rice_brown_spot,7,train,paddy_doctor,rice_brown_spot:413
train/rice_brown_spot/105427.jpg,rice_brown_spot,7,train,paddy_doctor,rice_brown_spot:130
train/rice_brown_spot/105474.jpg,rice_brown_spot,7,train,paddy_doctor,rice_brown_spot:472
train/rice_brown_spot/105480.jpg,rice_brown_spot,7,train,paddy_doctor,rice_brown_spot:474
train/rice_brown_spot/105516.jpg,rice_brown_spot,7,train,paddy_doctor,rice_brown_spot:476
train/rice_brown_spot/105551.jpg,rice_brown_spot,7,train,paddy_doctor,rice_brown_spot:477
train/rice_brown_spot/105557.jpg,rice_brown_spot,7,train,paddy_doctor,rice_brown_spot:478
train/rice_brown_spot/105582.jpg,rice_brown_spot,7,train,paddy_doctor,rice_brown_spot:143
train/rice_brown_spot/105590.jpg,rice_brown_spot,7,train,paddy_doctor,rice_brown_spot:481
train/rice_brown_spot/105609.jpg,rice_brown_spot,7,train,paddy_doctor,rice_brown_spot:11
train/rice_brown_spot/105631.jpg,rice_brown_spot,7,train,paddy_doctor,rice_brown_spot:483
train/rice_brown_spot/105637.jpg,rice_brown_spot,7,train,paddy_doctor,rice_brown_spot:484
train/rice_brown_spot/105639.jpg,rice_brown_spot,7,train,paddy_doctor,rice_brown_spot:486
train/rice_brown_spot/105649.jpg,rice_brown_spot,7,train,paddy_doctor,rice_brown_spot:488
train/rice_brown_spot/105668.jpg,rice_brown_spot,7,train,paddy_doctor,rice_brown_spot:489
train/rice_brown_spot/105698.jpg,rice_brown_spot,7,train,paddy_doctor,rice_brown_spot:490
train/rice_brown_spot/105739.jpg,rice_brown_spot,7,train,paddy_doctor,rice_brown_spot:491
train/rice_brown_spot/105758.jpg,rice_brown_spot,7,train,paddy_doctor,rice_brown_spot:218
train/rice_brown_spot/105763.jpg,rice_brown_spot,7,train,paddy_doctor,rice_brown_spot:477
train/rice_brown_spot/105771.jpg,rice_brown_spot,7,train,paddy_doctor,rice_brown_spot:492
train/rice_brown_spot/105787.jpg,rice_brown_spot,7,train,paddy_doctor,rice_brown_spot:494
train/rice_brown_spot/105788.jpg,rice_brown_spot,7,train,paddy_doctor,rice_brown_spot:495
train/rice_brown_spot/105800.jpg,rice_brown_spot,7,train,paddy_doctor,rice_brown_spot:496
train/rice_brown_spot/105846.jpg,rice_brown_spot,7,train,paddy_doctor,rice_brown_spot:499
train/rice_brown_spot/105859.jpg,rice_brown_spot,7,train,paddy_doctor,rice_brown_spot:500
train/rice_brown_spot/105868.jpg,rice_brown_spot,7,train,paddy_doctor,rice_brown_spot:501
train/rice_brown_spot/105873.jpg,rice_brown_spot,7,train,paddy_doctor,rice_brown_spot:502
train/rice_brown_spot/105885.jpg,rice_brown_spot,7,train,paddy_doctor,rice_brown_spot:503
train/rice_brown_spot/105900.jpg,rice_brown_spot,7,train,paddy_doctor,rice_brown_spot:506
train/rice_brown_spot/105916.jpg,rice_brown_spot,7,train,paddy_doctor,rice_brown_spot:488
train/rice_brown_spot/105921.jpg,rice_brown_spot,7,train,paddy_doctor,rice_brown_spot:507
train/rice_brown_spot/105926.jpg,rice_brown_spot,7,train,paddy_doctor,rice_brown_spot:508
train/rice_brown_spot/105949.jpg,rice_brown_spot,7,train,paddy_doctor,rice_brown_spot:220
train/rice_brown_spot/105966.jpg,rice_brown_spot,7,train,paddy_doctor,rice_brown_spot:510
train/rice_brown_spot/105968.jpg,rice_brown_spot,7,train,paddy_doctor,rice_brown_spot:511
train/rice_brown_spot/105969.jpg,rice_brown_spot,7,train,paddy_doctor,rice_brown_spot:442
train/rice_brown_spot/106006.jpg,rice_brown_spot,7,train,paddy_doctor,rice_brown_spot:514
train/rice_brown_spot/106008.jpg,rice_brown_spot,7,train,paddy_doctor,rice_brown_spot:309
train/rice_brown_spot/106021.jpg,rice_brown_spot,7,train,paddy_doctor,rice_brown_spot:516
train/rice_brown_spot/106030.jpg,rice_brown_spot,7,train,paddy_doctor,rice_brown_spot:414
train/rice_brown_spot/106071.jpg,rice_brown_spot,7,train,paddy_doctor,rice_brown_spot:353
train/rice_brown_spot/106076.jpg,rice_brown_spot,7,train,paddy_doctor,rice_brown_spot:518
train/rice_brown_spot/106079.jpg,rice_brown_spot,7,train,paddy_doctor,rice_brown_spot:350
train/rice_brown_spot/106090.jpg,rice_brown_spot,7,train,paddy_doctor,rice_brown_spot:261
train/rice_brown_spot/106115.jpg,rice_brown_spot,7,train,paddy_doctor,rice_brown_spot:521
train/rice_brown_spot/106133.jpg,rice_brown_spot,7,train,paddy_doctor,rice_brown_spot:438
train/rice_brown_spot/106150.jpg,rice_brown_spot,7,train,paddy_doctor,rice_brown_spot:318
train/rice_brown_spot/106157.jpg,rice_brown_spot,7,train,paddy_doctor,rice_brown_spot:523
train/rice_brown_spot/106236.jpg,rice_brown_spot,7,train,paddy_doctor,rice_brown_spot:528
train/rice_brown_spot/106238.jpg,rice_brown_spot,7,train,paddy_doctor,rice_brown_spot:529
train/rice_brown_spot/106248.jpg,rice_brown_spot,7,train,paddy_doctor,rice_brown_spot:530
train/rice_brown_spot/106259.jpg,rice_brown_spot,7,train,paddy_doctor,rice_brown_spot:257
train/rice_brown_spot/106289.jpg,rice_brown_spot,7,train,paddy_doctor,rice_brown_spot:531
train/rice_brown_spot/106312.jpg,rice_brown_spot,7,train,paddy_doctor,rice_brown_spot:532
train/rice_brown_spot/106320.jpg,rice_brown_spot,7,train,paddy_doctor,rice_brown_spot:295
train/rice_brown_spot/106321.jpg,rice_brown_spot,7,train,paddy_doctor,rice_brown_spot:534
train/rice_brown_spot/106336.jpg,rice_brown_spot,7,train,paddy_doctor,rice_brown_spot:535
train/rice_brown_spot/106343.jpg,rice_brown_spot,7,train,paddy_doctor,rice_brown_spot:536
train/rice_brown_spot/106362.jpg,rice_brown_spot,7,train,paddy_doctor,rice_brown_spot:537
train/rice_brown_spot/106399.jpg,rice_brown_spot,7,train,paddy_doctor,rice_brown_spot:380
train/rice_brown_spot/106403.jpg,rice_brown_spot,7,train,paddy_doctor,rice_brown_spot:540
train/rice_brown_spot/106415.jpg,rice_brown_spot,7,train,paddy_doctor,rice_brown_spot:541
train/rice_brown_spot/106421.jpg,rice_brown_spot,7,train,paddy_doctor,rice_brown_spot:542
train/rice_brown_spot/106424.jpg,rice_brown_spot,7,train,paddy_doctor,rice_brown_spot:414
train/rice_brown_spot/106457.jpg,rice_brown_spot,7,train,paddy_doctor,rice_brown_spot:544
train/rice_brown_spot/106476.jpg,rice_brown_spot,7,train,paddy_doctor,rice_brown_spot:545
train/rice_brown_spot/106483.jpg,rice_brown_spot,7,train,paddy_doctor,rice_brown_spot:547
train/rice_brown_spot/106497.jpg,rice_brown_spot,7,train,paddy_doctor,rice_brown_spot:548
train/rice_brown_spot/106503.jpg,rice_brown_spot,7,train,paddy_doctor,rice_brown_spot:549
train/rice_brown_spot/106547.jpg,rice_brown_spot,7,train,paddy_doctor,rice_brown_spot:154
train/rice_brown_spot/106549.jpg,rice_brown_spot,7,train,paddy_doctor,rice_brown_spot:551
train/rice_brown_spot/106570.jpg,rice_brown_spot,7,train,paddy_doctor,rice_brown_spot:552
train/rice_brown_spot/106582.jpg,rice_brown_spot,7,train,paddy_doctor,rice_brown_spot:554
train/rice_brown_spot/106595.jpg,rice_brown_spot,7,train,paddy_doctor,rice_brown_spot:555
train/rice_brown_spot/106596.jpg,rice_brown_spot,7,train,paddy_doctor,rice_brown_spot:556
train/rice_brown_spot/106606.jpg,rice_brown_spot,7,train,paddy_doctor,rice_brown_spot:557
train/rice_brown_spot/106627.jpg,rice_brown_spot,7,train,paddy_doctor,rice_brown_spot:72
train/rice_brown_spot/106655.jpg,rice_brown_spot,7,train,paddy_doctor,rice_brown_spot:559
train/rice_brown_spot/106682.jpg,rice_brown_spot,7,train,paddy_doctor,rice_brown_spot:565
train/rice_brown_spot/106725.jpg,rice_brown_spot,7,train,paddy_doctor,rice_brown_spot:566
train/rice_brown_spot/106774.jpg,rice_brown_spot,7,train,paddy_doctor,rice_brown_spot:568
train/rice_brown_spot/106796.jpg,rice_brown_spot,7,train,paddy_doctor,rice_brown_spot:571
train/rice_brown_spot/106810.jpg,rice_brown_spot,7,train,paddy_doctor,rice_brown_spot:530
train/rice_brown_spot/106833.jpg,rice_brown_spot,7,train,paddy_doctor,rice_brown_spot:572
train/rice_brown_spot/106840.jpg,rice_brown_spot,7,train,paddy_doctor,rice_brown_spot:390
train/rice_brown_spot/106857.jpg,rice_brown_spot,7,train,paddy_doctor,rice_brown_spot:574
train/rice_brown_spot/106860.jpg,rice_brown_spot,7,train,paddy_doctor,rice_brown_spot:575
train/rice_brown_spot/106868.jpg,rice_brown_spot,7,train,paddy_doctor,rice_brown_spot:143
train/rice_brown_spot/106869.jpg,rice_brown_spot,7,train,paddy_doctor,rice_brown_spot:576
train/rice_brown_spot/106885.jpg,rice_brown_spot,7,train,paddy_doctor,rice_brown_spot:577
train/rice_brown_spot/106890.jpg,rice_brown_spot,7,train,paddy_doctor,rice_brown_spot:578
train/rice_brown_spot/106894.jpg,rice_brown_spot,7,train,paddy_doctor,rice_brown_spot:580
train/rice_brown_spot/106910.jpg,rice_brown_spot,7,train,paddy_doctor,rice_brown_spot:581
train/rice_brown_spot/106948.jpg,rice_brown_spot,7,train,paddy_doctor,rice_brown_spot:446
train/rice_brown_spot/106952.jpg,rice_brown_spot,7,train,paddy_doctor,rice_brown_spot:47
train/rice_brown_spot/106957.jpg,rice_brown_spot,7,train,paddy_doctor,rice_brown_spot:582
train/rice_brown_spot/106962.jpg,rice_brown_spot,7,train,paddy_doctor,rice_brown_spot:583
train/rice_brown_spot/107005.jpg,rice_brown_spot,7,train,paddy_doctor,rice_brown_spot:556
train/rice_brown_spot/107017.jpg,rice_brown_spot,7,train,paddy_doctor,rice_brown_spot:584
train/rice_brown_spot/107022.jpg,rice_brown_spot,7,train,paddy_doctor,rice_brown_spot:585
train/rice_brown_spot/107033.jpg,rice_brown_spot,7,train,paddy_doctor,rice_brown_spot:586
train/rice_brown_spot/107040.jpg,rice_brown_spot,7,train,paddy_doctor,rice_brown_spot:587
train/rice_brown_spot/107072.jpg,rice_brown_spot,7,train,paddy_doctor,rice_brown_spot:588
train/rice_brown_spot/107088.jpg,rice_brown_spot,7,train,paddy_doctor,rice_brown_spot:450
train/rice_brown_spot/107093.jpg,rice_brown_spot,7,train,paddy_doctor,rice_brown_spot:590
train/rice_brown_spot/107126.jpg,rice_brown_spot,7,train,paddy_doctor,rice_brown_spot:591
train/rice_brown_spot/107133.jpg,rice_brown_spot,7,train,paddy_doctor,rice_brown_spot:592
train/rice_brown_spot/107135.jpg,rice_brown_spot,7,train,paddy_doctor,rice_brown_spot:593
train/rice_brown_spot/107137.jpg,rice_brown_spot,7,train,paddy_doctor,rice_brown_spot:594
train/rice_brown_spot/107140.jpg,rice_brown_spot,7,train,paddy_doctor,rice_brown_spot:595
train/rice_brown_spot/107142.jpg,rice_brown_spot,7,train,paddy_doctor,rice_brown_spot:269
train/rice_brown_spot/107189.jpg,rice_brown_spot,7,train,paddy_doctor,rice_brown_spot:596
train/rice_brown_spot/107220.jpg,rice_brown_spot,7,train,paddy_doctor,rice_brown_spot:599
train/rice_brown_spot/107247.jpg,rice_brown_spot,7,train,paddy_doctor,rice_brown_spot:603
train/rice_brown_spot/107264.jpg,rice_brown_spot,7,train,paddy_doctor,rice_brown_spot:449
train/rice_brown_spot/107288.jpg,rice_brown_spot,7,train,paddy_doctor,rice_brown_spot:606
train/rice_brown_spot/107321.jpg,rice_brown_spot,7,train,paddy_doctor,rice_brown_spot:609
train/rice_brown_spot/107359.jpg,rice_brown_spot,7,train,paddy_doctor,rice_brown_spot:514
train/rice_brown_spot/107361.jpg,rice_brown_spot,7,train,paddy_doctor,rice_brown_spot:591
train/rice_brown_spot/107362.jpg,rice_brown_spot,7,train,paddy_doctor,rice_brown_spot:257
train/rice_brown_spot/107393.jpg,rice_brown_spot,7,train,paddy_doctor,rice_brown_spot:610
train/rice_brown_spot/107396.jpg,rice_brown_spot,7,train,paddy_doctor,rice_brown_spot:277
train/rice_brown_spot/107413.jpg,rice_brown_spot,7,train,paddy_doctor,rice_brown_spot:220
train/rice_brown_spot/107433.jpg,rice_brown_spot,7,train,paddy_doctor,rice_brown_spot:75
train/rice_brown_spot/107446.jpg,rice_brown_spot,7,train,paddy_doctor,rice_brown_spot:203
train/rice_brown_spot/107453.jpg,rice_brown_spot,7,train,paddy_doctor,rice_brown_spot:350
train/rice_brown_spot/107464.jpg,rice_brown_spot,7,train,paddy_doctor,rice_brown_spot:614
train/rice_brown_spot/107469.jpg,rice_brown_spot,7,train,paddy_doctor,rice_brown_spot:615
train/rice_brown_spot/107492.jpg,rice_brown_spot,7,train,paddy_doctor,rice_brown_spot:610
train/rice_brown_spot/107511.jpg,rice_brown_spot,7,train,paddy_doctor,rice_brown_spot:617
train/rice_brown_spot/107520.jpg,rice_brown_spot,7,train,paddy_doctor,rice_brown_spot:618
train/rice_brown_spot/107531.jpg,rice_brown_spot,7,train,paddy_doctor,rice_brown_spot:260
train/rice_brown_spot/107535.jpg,rice_brown_spot,7,train,paddy_doctor,rice_brown_spot:619
train/rice_brown_spot/107539.jpg,rice_brown_spot,7,train,paddy_doctor,rice_brown_spot:537
train/rice_brown_spot/107558.jpg,rice_brown_spot,7,train,paddy_doctor,rice_brown_spot:620
train/rice_brown_spot/107584.jpg,rice_brown_spot,7,train,paddy_doctor,rice_brown_spot:51
train/rice_brown_spot/107589.jpg,rice_brown_spot,7,train,paddy_doctor,rice_brown_spot:621
train/rice_brown_spot/107591.jpg,rice_brown_spot,7,train,paddy_doctor,rice_brown_spot:269
train/rice_brown_spot/107616.jpg,rice_brown_spot,7,train,paddy_doctor,rice_brown_spot:623
train/rice_brown_spot/107624.jpg,rice_brown_spot,7,train,paddy_doctor,rice_brown_spot:624
train/rice_brown_spot/107654.jpg,rice_brown_spot,7,train,paddy_doctor,rice_brown_spot:626
train/rice_brown_spot/107688.jpg,rice_brown_spot,7,train,paddy_doctor,rice_brown_spot:28
train/rice_brown_spot/107690.jpg,rice_brown_spot,7,train,paddy_doctor,rice_brown_spot:630
train/rice_brown_spot/107699.jpg,rice_brown_spot,7,train,paddy_doctor,rice_brown_spot:631
train/rice_brown_spot/107709.jpg,rice_brown_spot,7,train,paddy_doctor,rice_brown_spot:633
train/rice_brown_spot/107720.jpg,rice_brown_spot,7,train,paddy_doctor,rice_brown_spot:634
train/rice_brown_spot/107740.jpg,rice_brown_spot,7,train,paddy_doctor,rice_brown_spot:637
train/rice_brown_spot/107762.jpg,rice_brown_spot,7,train,paddy_doctor,rice_brown_spot:638
train/rice_brown_spot/107795.jpg,rice_brown_spot,7,train,paddy_doctor,rice_brown_spot:640
train/rice_brown_spot/107821.jpg,rice_brown_spot,7,train,paddy_doctor,rice_brown_spot:644
train/rice_brown_spot/107848.jpg,rice_brown_spot,7,train,paddy_doctor,rice_brown_spot:645
train/rice_brown_spot/107870.jpg,rice_brown_spot,7,train,paddy_doctor,rice_brown_spot:39
train/rice_brown_spot/107871.jpg,rice_brown_spot,7,train,paddy_doctor,rice_brown_spot:203
train/rice_brown_spot/107874.jpg,rice_brown_spot,7,train,paddy_doctor,rice_brown_spot:647
train/rice_brown_spot/107893.jpg,rice_brown_spot,7,train,paddy_doctor,rice_brown_spot:290
train/rice_brown_spot/107923.jpg,rice_brown_spot,7,train,paddy_doctor,rice_brown_spot:649
train/rice_brown_spot/107932.jpg,rice_brown_spot,7,train,paddy_doctor,rice_brown_spot:650
train/rice_brown_spot/107941.jpg,rice_brown_spot,7,train,paddy_doctor,rice_brown_spot:651
train/rice_brown_spot/107948.jpg,rice_brown_spot,7,train,paddy_doctor,rice_brown_spot:652
train/rice_brown_spot/107972.jpg,rice_brown_spot,7,train,paddy_doctor,rice_brown_spot:653
train/rice_brown_spot/107995.jpg,rice_brown_spot,7,train,paddy_doctor,rice_brown_spot:655
train/rice_brown_spot/108077.jpg,rice_brown_spot,7,train,paddy_doctor,rice_brown_spot:75
train/rice_brown_spot/108087.jpg,rice_brown_spot,7,train,paddy_doctor,rice_brown_spot:88
train/rice_brown_spot/108107.jpg,rice_brown_spot,7,train,paddy_doctor,rice_brown_spot:659
train/rice_brown_spot/108116.jpg,rice_brown_spot,7,train,paddy_doctor,rice_brown_spot:459
train/rice_brown_spot/108120.jpg,rice_brown_spot,7,train,paddy_doctor,rice_brown_spot:661
train/rice_brown_spot/108131.jpg,rice_brown_spot,7,train,paddy_doctor,rice_brown_spot:662
train/rice_brown_spot/108132.jpg,rice_brown_spot,7,train,paddy_doctor,rice_brown_spot:663
train/rice_brown_spot/108156.jpg,rice_brown_spot,7,train,paddy_doctor,rice_brown_spot:666
train/rice_brown_spot/108168.jpg,rice_brown_spot,7,train,paddy_doctor,rice_brown_spot:667
train/rice_brown_spot/108186.jpg,rice_brown_spot,7,train,paddy_doctor,rice_brown_spot:668
train/rice_brown_spot/108214.jpg,rice_brown_spot,7,train,paddy_doctor,rice_brown_spot:57
train/rice_brown_spot/108235.jpg,rice_brown_spot,7,train,paddy_doctor,rice_brown_spot:671
train/rice_brown_spot/108258.jpg,rice_brown_spot,7,train,paddy_doctor,rice_brown_spot:675
train/rice_brown_spot/108274.jpg,rice_brown_spot,7,train,paddy_doctor,rice_brown_spot:676
train/rice_brown_spot/108277.jpg,rice_brown_spot,7,train,paddy_doctor,rice_brown_spot:677
train/rice_brown_spot/108295.jpg,rice_brown_spot,7,train,paddy_doctor,rice_brown_spot:681
train/rice_brown_spot/108301.jpg,rice_brown_spot,7,train,paddy_doctor,rice_brown_spot:682
train/rice_brown_spot/108311.jpg,rice_brown_spot,7,train,paddy_doctor,rice_brown_spot:683
train/rice_brown_spot/108318.jpg,rice_brown_spot,7,train,paddy_doctor,rice_brown_spot:257
train/rice_brown_spot/108346.jpg,rice_brown_spot,7,train,paddy_doctor,rice_brown_spot:568
train/rice_brown_spot/108365.jpg,rice_brown_spot,7,train,paddy_doctor,rice_brown_spot:687
train/rice_brown_spot/108386.jpg,rice_brown_spot,7,train,paddy_doctor,rice_brown_spot:688
train/rice_brown_spot/108409.jpg,rice_brown_spot,7,train,paddy_doctor,rice_brown_spot:689
train/rice_brown_spot/108464.jpg,rice_brown_spot,7,train,paddy_doctor,rice_brown_spot:691
train/rice_brown_spot/108546.jpg,rice_brown_spot,7,train,paddy_doctor,rice_brown_spot:694
train/rice_brown_spot/108557.jpg,rice_brown_spot,7,train,paddy_doctor,rice_brown_spot:695
train/rice_brown_spot/108573.jpg,rice_brown_spot,7,train,paddy_doctor,rice_brown_spot:698
train/rice_brown_spot/108587.jpg,rice_brown_spot,7,train,paddy_doctor,rice_brown_spot:700
train/rice_brown_spot/108596.jpg,rice_brown_spot,7,train,paddy_doctor,rice_brown_spot:701
train/rice_brown_spot/108604.jpg,rice_brown_spot,7,train,paddy_doctor,rice_brown_spot:295
train/rice_brown_spot/108647.jpg,rice_brown_spot,7,train,paddy_doctor,rice_brown_spot:703
train/rice_brown_spot/108661.jpg,rice_brown_spot,7,train,paddy_doctor,rice_brown_spot:705
train/rice_brown_spot/108664.jpg,rice_brown_spot,7,train,paddy_doctor,rice_brown_spot:687
train/rice_brown_spot/108687.jpg,rice_brown_spot,7,train,paddy_doctor,rice_brown_spot:706
train/rice_brown_spot/108691.jpg,rice_brown_spot,7,train,paddy_doctor,rice_brown_spot:707
train/rice_brown_spot/108713.jpg,rice_brown_spot,7,train,paddy_doctor,rice_brown_spot:708
train/rice_brown_spot/108721.jpg,rice_brown_spot,7,train,paddy_doctor,rice_brown_spot:91
train/rice_brown_spot/108739.jpg,rice_brown_spot,7,train,paddy_doctor,rice_brown_spot:709
train/rice_brown_spot/108745.jpg,rice_brown_spot,7,train,paddy_doctor,rice_brown_spot:51
train/rice_brown_spot/108807.jpg,rice_brown_spot,7,train,paddy_doctor,rice_brown_spot:428
train/rice_brown_spot/108808.jpg,rice_brown_spot,7,train,paddy_doctor,rice_brown_spot:582
train/rice_brown_spot/108816.jpg,rice_brown_spot,7,train,paddy_doctor,rice_brown_spot:712
train/rice_brown_spot/108820.jpg,rice_brown_spot,7,train,paddy_doctor,rice_brown_spot:713
train/rice_brown_spot/108823.jpg,rice_brown_spot,7,train,paddy_doctor,rice_brown_spot:362
train/rice_brown_spot/108838.jpg,rice_brown_spot,7,train,paddy_doctor,rice_brown_spot:714
train/rice_brown_spot/108843.jpg,rice_brown_spot,7,train,paddy_doctor,rice_brown_spot:715
train/rice_brown_spot/108845.jpg,rice_brown_spot,7,train,paddy_doctor,rice_brown_spot:716
train/rice_brown_spot/108865.jpg,rice_brown_spot,7,train,paddy_doctor,rice_brown_spot:718
train/rice_brown_spot/108871.jpg,rice_brown_spot,7,train,paddy_doctor,rice_brown_spot:719
train/rice_brown_spot/108879.jpg,rice_brown_spot,7,train,paddy_doctor,rice_brown_spot:720
train/rice_brown_spot/108897.jpg,rice_brown_spot,7,train,paddy_doctor,rice_brown_spot:721
train/rice_brown_spot/108921.jpg,rice_brown_spot,7,train,paddy_doctor,rice_brown_spot:722
train/rice_brown_spot/108978.jpg,rice_brown_spot,7,train,paddy_doctor,rice_brown_spot:490
train/rice_brown_spot/108980.jpg,rice_brown_spot,7,train,paddy_doctor,rice_brown_spot:725
train/rice_brown_spot/108985.jpg,rice_brown_spot,7,train,paddy_doctor,rice_brown_spot:726
train/rice_brown_spot/108994.jpg,rice_brown_spot,7,train,paddy_doctor,rice_brown_spot:727
train/rice_brown_spot/108998.jpg,rice_brown_spot,7,train,paddy_doctor,rice_brown_spot:377
train/rice_brown_spot/109001.jpg,rice_brown_spot,7,train,paddy_doctor,rice_brown_spot:728
train/rice_brown_spot/109013.jpg,rice_brown_spot,7,train,paddy_doctor,rice_brown_spot:75
train/rice_brown_spot/109028.jpg,rice_brown_spot,7,train,paddy_doctor,rice_brown_spot:731
train/rice_brown_spot/109036.jpg,rice_brown_spot,7,train,paddy_doctor,rice_brown_spot:732
train/rice_brown_spot/109095.jpg,rice_brown_spot,7,train,paddy_doctor,rice_brown_spot:734
train/rice_brown_spot/109112.jpg,rice_brown_spot,7,train,paddy_doctor,rice_brown_spot:735
train/rice_brown_spot/109113.jpg,rice_brown_spot,7,train,paddy_doctor,rice_brown_spot:736
train/rice_brown_spot/109123.jpg,rice_brown_spot,7,train,paddy_doctor,rice_brown_spot:467
train/rice_brown_spot/109194.jpg,rice_brown_spot,7,train,paddy_doctor,rice_brown_spot:114
train/rice_brown_spot/109202.jpg,rice_brown_spot,7,train,paddy_doctor,rice_brown_spot:740
train/rice_brown_spot/109204.jpg,rice_brown_spot,7,train,paddy_doctor,rice_brown_spot:741
train/rice_brown_spot/109208.jpg,rice_brown_spot,7,train,paddy_doctor,rice_brown_spot:742
train/rice_brown_spot/109224.jpg,rice_brown_spot,7,train,paddy_doctor,rice_brown_spot:744
train/rice_brown_spot/109235.jpg,rice_brown_spot,7,train,paddy_doctor,rice_brown_spot:745
train/rice_brown_spot/109247.jpg,rice_brown_spot,7,train,paddy_doctor,rice_brown_spot:740
train/rice_brown_spot/109254.jpg,rice_brown_spot,7,train,paddy_doctor,rice_brown_spot:746
train/rice_brown_spot/109258.jpg,rice_brown_spot,7,train,paddy_doctor,rice_brown_spot:747
train/rice_brown_spot/109259.jpg,rice_brown_spot,7,train,paddy_doctor,rice_brown_spot:748
train/rice_brown_spot/109273.jpg,rice_brown_spot,7,train,paddy_doctor,rice_brown_spot:121
train/rice_brown_spot/109284.jpg,rice_brown_spot,7,train,paddy_doctor,rice_brown_spot:750
train/rice_brown_spot/109323.jpg,rice_brown_spot,7,train,paddy_doctor,rice_brown_spot:477
train/rice_brown_spot/109337.jpg,rice_brown_spot,7,train,paddy_doctor,rice_brown_spot:396
train/rice_brown_spot/109368.jpg,rice_brown_spot,7,train,paddy_doctor,rice_brown_spot:753
train/rice_brown_spot/109380.jpg,rice_brown_spot,7,train,paddy_doctor,rice_brown_spot:617
train/rice_brown_spot/109405.jpg,rice_brown_spot,7,train,paddy_doctor,rice_brown_spot:760
train/rice_brown_spot/109412.jpg,rice_brown_spot,7,train,paddy_doctor,rice_brown_spot:714
train/rice_brown_spot/109419.jpg,rice_brown_spot,7,train,paddy_doctor,rice_brown_spot:761
train/rice_brown_spot/109420.jpg,rice_brown_spot,7,train,paddy_doctor,rice_brown_spot:762
train/rice_brown_spot/109435.jpg,rice_brown_spot,7,train,paddy_doctor,rice_brown_spot:763
train/rice_brown_spot/109448.jpg,rice_brown_spot,7,train,paddy_doctor,rice_brown_spot:445
train/rice_brown_spot/109469.jpg,rice_brown_spot,7,train,paddy_doctor,rice_brown_spot:765
train/rice_brown_spot/109492.jpg,rice_brown_spot,7,train,paddy_doctor,rice_brown_spot:768
train/rice_brown_spot/109494.jpg,rice_brown_spot,7,train,paddy_doctor,rice_brown_spot:575
train/rice_brown_spot/109539.jpg,rice_brown_spot,7,train,paddy_doctor,rice_brown_spot:771
train/rice_brown_spot/109552.jpg,rice_brown_spot,7,train,paddy_doctor,rice_brown_spot:772
train/rice_brown_spot/109567.jpg,rice_brown_spot,7,train,paddy_doctor,rice_brown_spot:774
train/rice_brown_spot/109569.jpg,rice_brown_spot,7,train,paddy_doctor,rice_brown_spot:13
train/rice_brown_spot/109596.jpg,rice_brown_spot,7,train,paddy_doctor,rice_brown_spot:141
train/rice_brown_spot/109627.jpg,rice_brown_spot,7,train,paddy_doctor,rice_brown_spot:65
train/rice_brown_spot/109648.jpg,rice_brown_spot,7,train,paddy_doctor,rice_brown_spot:726
train/rice_brown_spot/109694.jpg,rice_brown_spot,7,train,paddy_doctor,rice_brown_spot:227
train/rice_brown_spot/109696.jpg,rice_brown_spot,7,train,paddy_doctor,rice_brown_spot:783
train/rice_brown_spot/109726.jpg,rice_brown_spot,7,train,paddy_doctor,rice_brown_spot:785
train/rice_brown_spot/109734.jpg,rice_brown_spot,7,train,paddy_doctor,rice_brown_spot:25
train/rice_brown_spot/109746.jpg,rice_brown_spot,7,train,paddy_doctor,rice_brown_spot:787
train/rice_brown_spot/109763.jpg,rice_brown_spot,7,train,paddy_doctor,rice_brown_spot:71
train/rice_brown_spot/109765.jpg,rice_brown_spot,7,train,paddy_doctor,rice_brown_spot:789
train/rice_brown_spot/109810.jpg,rice_brown_spot,7,train,paddy_doctor,rice_brown_spot:791
train/rice_brown_spot/109816.jpg,rice_brown_spot,7,train,paddy_doctor,rice_brown_spot:792
train/rice_brown_spot/109817.jpg,rice_brown_spot,7,train,paddy_doctor,rice_brown_spot:793
train/rice_brown_spot/109845.jpg,rice_brown_spot,7,train,paddy_doctor,rice_brown_spot:269
train/rice_brown_spot/109846.jpg,rice_brown_spot,7,train,paddy_doctor,rice_brown_spot:797
train/rice_brown_spot/109859.jpg,rice_brown_spot,7,train,paddy_doctor,rice_brown_spot:798
train/rice_brown_spot/109863.jpg,rice_brown_spot,7,train,paddy_doctor,rice_brown_spot:799
train/rice_brown_spot/109875.jpg,rice_brown_spot,7,train,paddy_doctor,rice_brown_spot:800
train/rice_brown_spot/109907.jpg,rice_brown_spot,7,train,paddy_doctor,rice_brown_spot:801
train/rice_brown_spot/109941.jpg,rice_brown_spot,7,train,paddy_doctor,rice_brown_spot:802
train/rice_brown_spot/109949.jpg,rice_brown_spot,7,train,paddy_doctor,rice_brown_spot:804
train/rice_brown_spot/109964.jpg,rice_brown_spot,7,train,paddy_doctor,rice_brown_spot:805
train/rice_brown_spot/109970.jpg,rice_brown_spot,7,train,paddy_doctor,rice_brown_spot:806
train/rice_brown_spot/109980.jpg,rice_brown_spot,7,train,paddy_doctor,rice_brown_spot:807
train/rice_brown_spot/110004.jpg,rice_brown_spot,7,train,paddy_doctor,rice_brown_spot:809
train/rice_brown_spot/110020.jpg,rice_brown_spot,7,train,paddy_doctor,rice_brown_spot:810
train/rice_brown_spot/110034.jpg,rice_brown_spot,7,train,paddy_doctor,rice_brown_spot:801
train/rice_brown_spot/110038.jpg,rice_brown_spot,7,train,paddy_doctor,rice_brown_spot:812
train/rice_brown_spot/110044.jpg,rice_brown_spot,7,train,paddy_doctor,rice_brown_spot:813
train/rice_brown_spot/110047.jpg,rice_brown_spot,7,train,paddy_doctor,rice_brown_spot:814
train/rice_brown_spot/110068.jpg,rice_brown_spot,7,train,paddy_doctor,rice_brown_spot:518
train/rice_brown_spot/110088.jpg,rice_brown_spot,7,train,paddy_doctor,rice_brown_spot:816
train/rice_brown_spot/110091.jpg,rice_brown_spot,7,train,paddy_doctor,rice_brown_spot:817
train/rice_brown_spot/110094.jpg,rice_brown_spot,7,train,paddy_doctor,rice_brown_spot:547
train/rice_brown_spot/110128.jpg,rice_brown_spot,7,train,paddy_doctor,rice_brown_spot:819
train/rice_brown_spot/110141.jpg,rice_brown_spot,7,train,paddy_doctor,rice_brown_spot:618
train/rice_brown_spot/110147.jpg,rice_brown_spot,7,train,paddy_doctor,rice_brown_spot:412
train/rice_brown_spot/110157.jpg,rice_brown_spot,7,train,paddy_doctor,rice_brown_spot:250
train/rice_brown_spot/110160.jpg,rice_brown_spot,7,train,paddy_doctor,rice_brown_spot:821
train/rice_brown_spot/110177.jpg,rice_brown_spot,7,train,paddy_doctor,rice_brown_spot:823
train/rice_brown_spot/110202.jpg,rice_brown_spot,7,train,paddy_doctor,rice_brown_spot:824
train/rice_brown_spot/110211.jpg,rice_brown_spot,7,train,paddy_doctor,rice_brown_spot:826
train/rice_brown_spot/110216.jpg,rice_brown_spot,7,train,paddy_doctor,rice_brown_spot:659
train/rice_brown_spot/110229.jpg,rice_brown_spot,7,train,paddy_doctor,rice_brown_spot:827
train/rice_brown_spot/110240.jpg,rice_brown_spot,7,train,paddy_doctor,rice_brown_spot:828
train/rice_brown_spot/110252.jpg,rice_brown_spot,7,train,paddy_doctor,rice_brown_spot:829
train/rice_brown_spot/110257.jpg,rice_brown_spot,7,train,paddy_doctor,rice_brown_spot:8
train/rice_brown_spot/110309.jpg,rice_brown_spot,7,train,paddy_doctor,rice_brown_spot:832
train/rice_brown_spot/110371.jpg,rice_brown_spot,7,train,paddy_doctor,rice_brown_spot:835
train/rice_brown_spot/110388.jpg,rice_brown_spot,7,train,paddy_doctor,rice_brown_spot:379
train/rice_brown_spot/110391.jpg,rice_brown_spot,7,train,paddy_doctor,rice_brown_spot:836
train/rice_healthy/100002.jpg,rice_healthy,8,train,paddy_doctor,rice_healthy:0
train/rice_healthy/100007.jpg,rice_healthy,8,train,paddy_doctor,rice_healthy:1
train/rice_healthy/100018.jpg,rice_healthy,8,train,paddy_doctor,rice_healthy:2
train/rice_healthy/100025.jpg,rice_healthy,8,train,paddy_doctor,rice_healthy:3
train/rice_healthy/100044.jpg,rice_healthy,8,train,paddy_doctor,rice_healthy:4
train/rice_healthy/100065.jpg,rice_healthy,8,train,paddy_doctor,rice_healthy:6
train/rice_healthy/100069.jpg,rice_healthy,8,train,paddy_doctor,rice_healthy:8
train/rice_healthy/100082.jpg,rice_healthy,8,train,paddy_doctor,rice_healthy:11
train/rice_healthy/100109.jpg,rice_healthy,8,train,paddy_doctor,rice_healthy:14
train/rice_healthy/100110.jpg,rice_healthy,8,train,paddy_doctor,rice_healthy:15
train/rice_healthy/100112.jpg,rice_healthy,8,train,paddy_doctor,rice_healthy:17
train/rice_healthy/100130.jpg,rice_healthy,8,train,paddy_doctor,rice_healthy:19
train/rice_healthy/100131.jpg,rice_healthy,8,train,paddy_doctor,rice_healthy:20
train/rice_healthy/100135.jpg,rice_healthy,8,train,paddy_doctor,rice_healthy:21
train/rice_healthy/100144.jpg,rice_healthy,8,train,paddy_doctor,rice_healthy:22
train/rice_healthy/100149.jpg,rice_healthy,8,train,paddy_doctor,rice_healthy:23
train/rice_healthy/100152.jpg,rice_healthy,8,train,paddy_doctor,rice_healthy:24
train/rice_healthy/100153.jpg,rice_healthy,8,train,paddy_doctor,rice_healthy:25
train/rice_healthy/100155.jpg,rice_healthy,8,train,paddy_doctor,rice_healthy:26
train/rice_healthy/100165.jpg,rice_healthy,8,train,paddy_doctor,rice_healthy:27
train/rice_healthy/100171.jpg,rice_healthy,8,train,paddy_doctor,rice_healthy:29
train/rice_healthy/100172.jpg,rice_healthy,8,train,paddy_doctor,rice_healthy:30
train/rice_healthy/100186.jpg,rice_healthy,8,train,paddy_doctor,rice_healthy:33
train/rice_healthy/100189.jpg,rice_healthy,8,train,paddy_doctor,rice_healthy:35
train/rice_healthy/100192.jpg,rice_healthy,8,train,paddy_doctor,rice_healthy:36
train/rice_healthy/100195.jpg,rice_healthy,8,train,paddy_doctor,rice_healthy:37
train/rice_healthy/100210.jpg,rice_healthy,8,train,paddy_doctor,rice_healthy:39
train/rice_healthy/100216.jpg,rice_healthy,8,train,paddy_doctor,rice_healthy:40
train/rice_healthy/100236.jpg,rice_healthy,8,train,paddy_doctor,rice_healthy:41
train/rice_healthy/100240.jpg,rice_healthy,8,train,paddy_doctor,rice_healthy:42
train/rice_healthy/100246.jpg,rice_healthy,8,train,paddy_doctor,rice_healthy:43
train/rice_healthy/100253.jpg,rice_healthy,8,train,paddy_doctor,rice_healthy:44
train/rice_healthy/100256.jpg,rice_healthy,8,train,paddy_doctor,rice_healthy:45
train/rice_healthy/100267.jpg,rice_healthy,8,train,paddy_doctor,rice_healthy:46
train/rice_healthy/100273.jpg,rice_healthy,8,train,paddy_doctor,rice_healthy:48
train/rice_healthy/100283.jpg,rice_healthy,8,train,paddy_doctor,rice_healthy:50
train/rice_healthy/100285.jpg,rice_healthy,8,train,paddy_doctor,rice_healthy:51
train/rice_healthy/100298.jpg,rice_healthy,8,train,paddy_doctor,rice_healthy:52
train/rice_healthy/100306.jpg,rice_healthy,8,train,paddy_doctor,rice_healthy:53
train/rice_healthy/100315.jpg,rice_healthy,8,train,paddy_doctor,rice_healthy:54
train/rice_healthy/100319.jpg,rice_healthy,8,train,paddy_doctor,rice_healthy:55
train/rice_healthy/100322.jpg,rice_healthy,8,train,paddy_doctor,rice_healthy:56
train/rice_healthy/100325.jpg,rice_healthy,8,train,paddy_doctor,rice_healthy:58
train/rice_healthy/100332.jpg,rice_healthy,8,train,paddy_doctor,rice_healthy:59
train/rice_healthy/100335.jpg,rice_healthy,8,train,paddy_doctor,rice_healthy:60
train/rice_healthy/100344.jpg,rice_healthy,8,train,paddy_doctor,rice_healthy:61
train/rice_healthy/100360.jpg,rice_healthy,8,train,paddy_doctor,rice_healthy:62
train/rice_healthy/100369.jpg,rice_healthy,8,train,paddy_doctor,rice_healthy:63
train/rice_healthy/100376.jpg,rice_healthy,8,train,paddy_doctor,rice_healthy:65
train/rice_healthy/100381.jpg,rice_healthy,8,train,paddy_doctor,rice_healthy:66
train/rice_healthy/100387.jpg,rice_healthy,8,train,paddy_doctor,rice_healthy:67
train/rice_healthy/100392.jpg,rice_healthy,8,train,paddy_doctor,rice_healthy:68
train/rice_healthy/100400.jpg,rice_healthy,8,train,paddy_doctor,rice_healthy:70
train/rice_healthy/100404.jpg,rice_healthy,8,train,paddy_doctor,rice_healthy:71
train/rice_healthy/100406.jpg,rice_healthy,8,train,paddy_doctor,rice_healthy:72
train/rice_healthy/100415.jpg,rice_healthy,8,train,paddy_doctor,rice_healthy:73
train/rice_healthy/100418.jpg,rice_healthy,8,train,paddy_doctor,rice_healthy:75
train/rice_healthy/100419.jpg,rice_healthy,8,train,paddy_doctor,rice_healthy:76
train/rice_healthy/100426.jpg,rice_healthy,8,train,paddy_doctor,rice_healthy:78
train/rice_healthy/100428.jpg,rice_healthy,8,train,paddy_doctor,rice_healthy:79
train/rice_healthy/100433.jpg,rice_healthy,8,train,paddy_doctor,rice_healthy:80
train/rice_healthy/100441.jpg,rice_healthy,8,train,paddy_doctor,rice_healthy:81
train/rice_healthy/100456.jpg,rice_healthy,8,train,paddy_doctor,rice_healthy:83
train/rice_healthy/100463.jpg,rice_healthy,8,train,paddy_doctor,rice_healthy:85
train/rice_healthy/100481.jpg,rice_healthy,8,train,paddy_doctor,rice_healthy:88
train/rice_healthy/100492.jpg,rice_healthy,8,train,paddy_doctor,rice_healthy:89
train/rice_healthy/100496.jpg,rice_healthy,8,train,paddy_doctor,rice_healthy:91
train/rice_healthy/100507.jpg,rice_healthy,8,train,paddy_doctor,rice_healthy:94
train/rice_healthy/100515.jpg,rice_healthy,8,train,paddy_doctor,rice_healthy:96
train/rice_healthy/100525.jpg,rice_healthy,8,train,paddy_doctor,rice_healthy:98
train/rice_healthy/100530.jpg,rice_healthy,8,train,paddy_doctor,rice_healthy:99
train/rice_healthy/100544.jpg,rice_healthy,8,train,paddy_doctor,rice_healthy:101
train/rice_healthy/100547.jpg,rice_healthy,8,train,paddy_doctor,rice_healthy:102
train/rice_healthy/100583.jpg,rice_healthy,8,train,paddy_doctor,rice_healthy:105
train/rice_healthy/100585.jpg,rice_healthy,8,train,paddy_doctor,rice_healthy:106
train/rice_healthy/100602.jpg,rice_healthy,8,train,paddy_doctor,rice_healthy:1
train/rice_healthy/100603.jpg,rice_healthy,8,train,paddy_doctor,rice_healthy:107
train/rice_healthy/100609.jpg,rice_healthy,8,train,paddy_doctor,rice_healthy:108
train/rice_healthy/100616.jpg,rice_healthy,8,train,paddy_doctor,rice_healthy:109
train/rice_healthy/100628.jpg,rice_healthy,8,train,paddy_doctor,rice_healthy:110
train/rice_healthy/100630.jpg,rice_healthy,8,train,paddy_doctor,rice_healthy:111
train/rice_healthy/100633.jpg,rice_healthy,8,train,paddy_doctor,rice_healthy:112
train/rice_healthy/100637.jpg,rice_healthy,8,train,paddy_doctor,rice_healthy:113
train/rice_healthy/100640.jpg,rice_healthy,8,train,paddy_doctor,rice_healthy:114
train/rice_healthy/100663.jpg,rice_healthy,8,train,paddy_doctor,rice_healthy:116
train/rice_healthy/100664.jpg,rice_healthy,8,train,paddy_doctor,rice_healthy:117
train/rice_healthy/100666.jpg,rice_healthy,8,train,paddy_doctor,rice_healthy:118
train/rice_healthy/100669.jpg,rice_healthy,8,train,paddy_doctor,rice_healthy:119
train/rice_healthy/100691.jpg,rice_healthy,8,train,paddy_doctor,rice_healthy:120
train/rice_healthy/100697.jpg,rice_healthy,8,train,paddy_doctor,rice_healthy:123
train/rice_healthy/100708.jpg,rice_healthy,8,train,paddy_doctor,rice_healthy:124
train/rice_healthy/100716.jpg,rice_healthy,8,train,paddy_doctor,rice_healthy:125
train/rice_healthy/100729.jpg,rice_healthy,8,train,paddy_doctor,rice_healthy:126
train/rice_healthy/100732.jpg,rice_healthy,8,train,paddy_doctor,rice_healthy:127
train/rice_healthy/100737.jpg,rice_healthy,8,train,paddy_doctor,rice_healthy:128
train/rice_healthy/100741.jpg,rice_healthy,8,train,paddy_doctor,rice_healthy:129
train/rice_healthy/100759.jpg,rice_healthy,8,train,paddy_doctor,rice_healthy:131
train/rice_healthy/100762.jpg,rice_healthy,8,train,paddy_doctor,rice_healthy:132
train/rice_healthy/100768.jpg,rice_healthy,8,train,paddy_doctor,rice_healthy:133
train/rice_healthy/100776.jpg,rice_healthy,8,train,paddy_doctor,rice_healthy:134
train/rice_healthy/100781.jpg,rice_healthy,8,train,paddy_doctor,rice_healthy:136
train/rice_healthy/100793.jpg,rice_healthy,8,train,paddy_doctor,rice_healthy:138
train/rice_healthy/100794.jpg,rice_healthy,8,train,paddy_doctor,rice_healthy:139
train/rice_healthy/100802.jpg,rice_healthy,8,train,paddy_doctor,rice_healthy:140
train/rice_healthy/100808.jpg,rice_healthy,8,train,paddy_doctor,rice_healthy:141
train/rice_healthy/100810.jpg,rice_healthy,8,train,paddy_doctor,rice_healthy:142
train/rice_healthy/100816.jpg,rice_healthy,8,train,paddy_doctor,rice_healthy:143
train/rice_healthy/100817.jpg,rice_healthy,8,train,paddy_doctor,rice_healthy:144
train/rice_healthy/100835.jpg,rice_healthy,8,train,paddy_doctor,rice_healthy:145
train/rice_healthy/100844.jpg,rice_healthy,8,train,paddy_doctor,rice_healthy:146
train/rice_healthy/100861.jpg,rice_healthy,8,train,paddy_doctor,rice_healthy:147
train/rice_healthy/100884.jpg,rice_healthy,8,train,paddy_doctor,rice_healthy:148
train/rice_healthy/100912.jpg,rice_healthy,8,train,paddy_doctor,rice_healthy:150
train/rice_healthy/100917.jpg,rice_healthy,8,train,paddy_doctor,rice_healthy:151
train/rice_healthy/100919.jpg,rice_healthy,8,train,paddy_doctor,rice_healthy:152
train/rice_healthy/100920.jpg,rice_healthy,8,train,paddy_doctor,rice_healthy:153
train/rice_healthy/100928.jpg,rice_healthy,8,train,paddy_doctor,rice_healthy:154
train/rice_healthy/100929.jpg,rice_healthy,8,train,paddy_doctor,rice_healthy:155
train/rice_healthy/100930.jpg,rice_healthy,8,train,paddy_doctor,rice_healthy:156
train/rice_healthy/100933.jpg,rice_healthy,8,train,paddy_doctor,rice_healthy:54
train/rice_healthy/100943.jpg,rice_healthy,8,train,paddy_doctor,rice_healthy:157
train/rice_healthy/100958.jpg,rice_healthy,8,train,paddy_doctor,rice_healthy:158
train/rice_healthy/100959.jpg,rice_healthy,8,train,paddy_doctor,rice_healthy:159
train/rice_healthy/100962.jpg,rice_healthy,8,train,paddy_doctor,rice_healthy:160
train/rice_healthy/100976.jpg,rice_healthy,8,train,paddy_doctor,rice_healthy:162
train/rice_healthy/100985.jpg,rice_healthy,8,train,paddy_doctor,rice_healthy:163
train/rice_healthy/100994.jpg,rice_healthy,8,train,paddy_doctor,rice_healthy:165
train/rice_healthy/101029.jpg,rice_healthy,8,train,paddy_doctor,rice_healthy:168
train/rice_healthy/101030.jpg,rice_healthy,8,train,paddy_doctor,rice_healthy:169
train/rice_healthy/101041.jpg,rice_healthy,8,train,paddy_doctor,rice_healthy:170
train/rice_healthy/101043.jpg,rice_healthy,8,train,paddy_doctor,rice_healthy:171
train/rice_healthy/101044.jpg,rice_healthy,8,train,paddy_doctor,rice_healthy:172
train/rice_healthy/101055.jpg,rice_healthy,8,train,paddy_doctor,rice_healthy:174
train/rice_healthy/101077.jpg,rice_healthy,8,train,paddy_doctor,rice_healthy:175
train/rice_healthy/101081.jpg,rice_healthy,8,train,paddy_doctor,rice_healthy:176
train/rice_healthy/101088.jpg,rice_healthy,8,train,paddy_doctor,rice_healthy:177
train/rice_healthy/101090.jpg,rice_healthy,8,train,paddy_doctor,rice_healthy:178
train/rice_healthy/101092.jpg,rice_healthy,8,train,paddy_doctor,rice_healthy:179
train/rice_healthy/101093.jpg,rice_healthy,8,train,paddy_doctor,rice_healthy:180
train/rice_healthy/101094.jpg,rice_healthy,8,train,paddy_doctor,rice_healthy:181
train/rice_healthy/101098.jpg,rice_healthy,8,train,paddy_doctor,rice_healthy:182
train/rice_healthy/101107.jpg,rice_healthy,8,train,paddy_doctor,rice_healthy:183
train/rice_healthy/101109.jpg,rice_healthy,8,train,paddy_doctor,rice_healthy:184
train/rice_healthy/101111.jpg,rice_healthy,8,train,paddy_doctor,rice_healthy:185
train/rice_healthy/101112.jpg,rice_healthy,8,train,paddy_doctor,rice_healthy:186
train/rice_healthy/101115.jpg,rice_healthy,8,train,paddy_doctor,rice_healthy:187
train/rice_healthy/101144.jpg,rice_healthy,8,train,paddy_doctor,rice_healthy:192
train/rice_healthy/101146.jpg,rice_healthy,8,train,paddy_doctor,rice_healthy:193
train/rice_healthy/101159.jpg,rice_healthy,8,train,paddy_doctor,rice_healthy:194
train/rice_healthy/101174.jpg,rice_healthy,8,train,paddy_doctor,rice_healthy:197
train/rice_healthy/101175.jpg,rice_healthy,8,train,paddy_doctor,rice_healthy:198
train/rice_healthy/101180.jpg,rice_healthy,8,train,paddy_doctor,rice_healthy:199
train/rice_healthy/101197.jpg,rice_healthy,8,train,paddy_doctor,rice_healthy:200
train/rice_healthy/101204.jpg,rice_healthy,8,train,paddy_doctor,rice_healthy:202
train/rice_healthy/101219.jpg,rice_healthy,8,train,paddy_doctor,rice_healthy:203
train/rice_healthy/101231.jpg,rice_healthy,8,train,paddy_doctor,rice_healthy:204
train/rice_healthy/101234.jpg,rice_healthy,8,train,paddy_doctor,rice_healthy:206
train/rice_healthy/101241.jpg,rice_healthy,8,train,paddy_doctor,rice_healthy:207
train/rice_healthy/101247.jpg,rice_healthy,8,train,paddy_doctor,rice_healthy:208
train/rice_healthy/101256.jpg,rice_healthy,8,train,paddy_doctor,rice_healthy:209
train/rice_healthy/101269.jpg,rice_healthy,8,train,paddy_doctor,rice_healthy:210
train/rice_healthy/101272.jpg,rice_healthy,8,train,paddy_doctor,rice_healthy:211
train/rice_healthy/101291.jpg,rice_healthy,8,train,paddy_doctor,rice_healthy:213
train/rice_healthy/101293.jpg,rice_healthy,8,train,paddy_doctor,rice_healthy:214
train/rice_healthy/101300.jpg,rice_healthy,8,train,paddy_doctor,rice_healthy:215
train/rice_healthy/101307.jpg,rice_healthy,8,train,paddy_doctor,rice_healthy:217
train/rice_healthy/101311.jpg,rice_healthy,8,train,paddy_doctor,rice_healthy:218
train/rice_healthy/101331.jpg,rice_healthy,8,train,paddy_doctor,rice_healthy:221
train/rice_healthy/101345.jpg,rice_healthy,8,train,paddy_doctor,rice_healthy:222
train/rice_healthy/101348.jpg,rice_healthy,8,train,paddy_doctor,rice_healthy:224
train/rice_healthy/101366.jpg,rice_healthy,8,train,paddy_doctor,rice_healthy:226
train/rice_healthy/101367.jpg,rice_healthy,8,train,paddy_doctor,rice_healthy:227
train/rice_healthy/101368.jpg,rice_healthy,8,train,paddy_doctor,rice_healthy:228
train/rice_healthy/101398.jpg,rice_healthy,8,train,paddy_doctor,rice_healthy:232
train/rice_healthy/101410.jpg,rice_healthy,8,train,paddy_doctor,rice_healthy:233
train/rice_healthy/101412.jpg,rice_healthy,8,train,paddy_doctor,rice_healthy:206
train/rice_healthy/101414.jpg,rice_healthy,8,train,paddy_doctor,rice_healthy:234
train/rice_healthy/101426.jpg,rice_healthy,8,train,paddy_doctor,rice_healthy:236
train/rice_healthy/101433.jpg,rice_healthy,8,train,paddy_doctor,rice_healthy:237
train/rice_healthy/101441.jpg,rice_healthy,8,train,paddy_doctor,rice_healthy:239
train/rice_healthy/101462.jpg,rice_healthy,8,train,paddy_doctor,rice_healthy:241
train/rice_healthy/101464.jpg,rice_healthy,8,train,paddy_doctor,rice_healthy:242
train/rice_healthy/101466.jpg,rice_healthy,8,train,paddy_doctor,rice_healthy:243
train/rice_healthy/101470.jpg,rice_healthy,8,train,paddy_doctor,rice_healthy:244
train/rice_healthy/101489.jpg,rice_healthy,8,train,paddy_doctor,rice_healthy:245
train/rice_healthy/101529.jpg,rice_healthy,8,train,paddy_doctor,rice_healthy:247
train/rice_healthy/101542.jpg,rice_healthy,8,train,paddy_doctor,rice_healthy:248
train/rice_healthy/101562.jpg,rice_healthy,8,train,paddy_doctor,rice_healthy:251
train/rice_healthy/101564.jpg,rice_healthy,8,train,paddy_doctor,rice_healthy:253
train/rice_healthy/101566.jpg,rice_healthy,8,train,paddy_doctor,rice_healthy:254
train/rice_healthy/101570.jpg,rice_healthy,8,train,paddy_doctor,rice_healthy:255
train/rice_healthy/101575.jpg,rice_healthy,8,train,paddy_doctor,rice_healthy:256
train/rice_healthy/101577.jpg,rice_healthy,8,train,paddy_doctor,rice_healthy:257
train/rice_healthy/101587.jpg,rice_healthy,8,train,paddy_doctor,rice_healthy:259
train/rice_healthy/101591.jpg,rice_healthy,8,train,paddy_doctor,rice_healthy:260
train/rice_healthy/101602.jpg,rice_healthy,8,train,paddy_doctor,rice_healthy:261
train/rice_healthy/101606.jpg,rice_healthy,8,train,paddy_doctor,rice_healthy:262
train/rice_healthy/101613.jpg,rice_healthy,8,train,paddy_doctor,rice_healthy:264
train/rice_healthy/101616.jpg,rice_healthy,8,train,paddy_doctor,rice_healthy:265
train/rice_healthy/101623.jpg,rice_healthy,8,train,paddy_doctor,rice_healthy:266
train/rice_healthy/101626.jpg,rice_healthy,8,train,paddy_doctor,rice_healthy:268
train/rice_healthy/101633.jpg,rice_healthy,8,train,paddy_doctor,rice_healthy:218
train/rice_healthy/101634.jpg,rice_healthy,8,train,paddy_doctor,rice_healthy:269
train/rice_healthy/101648.jpg,rice_healthy,8,train,paddy_doctor,rice_healthy:270
train/rice_healthy/101656.jpg,rice_healthy,8,train,paddy_doctor,rice_healthy:271
train/rice_healthy/101667.jpg,rice_healthy,8,train,paddy_doctor,rice_healthy:272
train/rice_healthy/101673.jpg,rice_healthy,8,train,paddy_doctor,rice_healthy:273
train/rice_healthy/101677.jpg,rice_healthy,8,train,paddy_doctor,rice_healthy:275
train/rice_healthy/101680.jpg,rice_healthy,8,train,paddy_doctor,rice_healthy:276
train/rice_healthy/101681.jpg,rice_healthy,8,train,paddy_doctor,rice_healthy:277
train/rice_healthy/101685.jpg,rice_healthy,8,train,paddy_doctor,rice_healthy:278
train/rice_healthy/101701.jpg,rice_healthy,8,train,paddy_doctor,rice_healthy:282
train/rice_healthy/101711.jpg,rice_healthy,8,train,paddy_doctor,rice_healthy:283
train/rice_healthy/101716.jpg,rice_healthy,8,train,paddy_doctor,rice_healthy:284
train/rice_healthy/101728.jpg,rice_healthy,8,train,paddy_doctor,rice_healthy:285
train/rice_healthy/101729.jpg,rice_healthy,8,train,paddy_doctor,rice_healthy:255
train/rice_healthy/101741.jpg,rice_healthy,8,train,paddy_doctor,rice_healthy:286
train/rice_healthy/101744.jpg,rice_healthy,8,train,paddy_doctor,rice_healthy:287
train/rice_healthy/101753.jpg,rice_healthy,8,train,paddy_doctor,rice_healthy:105
train/rice_healthy/101775.jpg,rice_healthy,8,train,paddy_doctor,rice_healthy:289
train/rice_healthy/101779.jpg,rice_healthy,8,train,paddy_doctor,rice_healthy:290
train/rice_healthy/101782.jpg,rice_healthy,8,train,paddy_doctor,rice_healthy:291
train/rice_healthy/101789.jpg,rice_healthy,8,train,paddy_doctor,rice_healthy:292
train/rice_healthy/101807.jpg,rice_healthy,8,train,paddy_doctor,rice_healthy:294
train/rice_healthy/101825.jpg,rice_healthy,8,train,paddy_doctor,rice_healthy:296
train/rice_healthy/101829.jpg,rice_healthy,8,train,paddy_doctor,rice_healthy:297
train/rice_healthy/101831.jpg,rice_healthy,8,train,paddy_doctor,rice_healthy:298
train/rice_healthy/101834.jpg,rice_healthy,8,train,paddy_doctor,rice_healthy:299
train/rice_healthy/101837.jpg,rice_healthy,8,train,paddy_doctor,rice_healthy:300
train/rice_healthy/101841.jpg,rice_healthy,8,train,paddy_doctor,rice_healthy:301
train/rice_healthy/101850.jpg,rice_healthy,8,train,paddy_doctor,rice_healthy:303
train/rice_healthy/101856.jpg,rice_healthy,8,train,paddy_doctor,rice_healthy:304
train/rice_healthy/101860.jpg,rice_healthy,8,train,paddy_doctor,rice_healthy:305
train/rice_healthy/101894.jpg,rice_healthy,8,train,paddy_doctor,rice_healthy:306
train/rice_healthy/101913.jpg,rice_healthy,8,train,paddy_doctor,rice_healthy:99
train/rice_healthy/101919.jpg,rice_healthy,8,train,paddy_doctor,rice_healthy:308
train/rice_healthy/101936.jpg,rice_healthy,8,train,paddy_doctor,rice_healthy:309
train/rice_healthy/101958.jpg,rice_healthy,8,train,paddy_doctor,rice_healthy:311
train/rice_healthy/101967.jpg,rice_healthy,8,train,paddy_doctor,rice_healthy:314
train/rice_healthy/101974.jpg,rice_healthy,8,train,paddy_doctor,rice_healthy:315
train/rice_healthy/101977.jpg,rice_healthy,8,train,paddy_doctor,rice_healthy:316
train/rice_healthy/101998.jpg,rice_healthy,8,train,paddy_doctor,rice_healthy:318
train/rice_healthy/101999.jpg,rice_healthy,8,train,paddy_doctor,rice_healthy:319
train/rice_healthy/102006.jpg,rice_healthy,8,train,paddy_doctor,rice_healthy:320
train/rice_healthy/102015.jpg,rice_healthy,8,train,paddy_doctor,rice_healthy:321
train/rice_healthy/102068.jpg,rice_healthy,8,train,paddy_doctor,rice_healthy:325
train/rice_healthy/102083.jpg,rice_healthy,8,train,paddy_doctor,rice_healthy:328
train/rice_healthy/102084.jpg,rice_healthy,8,train,paddy_doctor,rice_healthy:105
train/rice_healthy/102107.jpg,rice_healthy,8,train,paddy_doctor,rice_healthy:329
train/rice_healthy/102113.jpg,rice_healthy,8,train,paddy_doctor,rice_healthy:330
train/rice_healthy/102116.jpg,rice_healthy,8,train,paddy_doctor,rice_healthy:331
train/rice_healthy/102126.jpg,rice_healthy,8,train,paddy_doctor,rice_healthy:333
train/rice_healthy/102139.jpg,rice_healthy,8,train,paddy_doctor,rice_healthy:335
train/rice_healthy/102150.jpg,rice_healthy,8,train,paddy_doctor,rice_healthy:337
train/rice_healthy/102164.jpg,rice_healthy,8,train,paddy_doctor,rice_healthy:338
train/rice_healthy/102182.jpg,rice_healthy,8,train,paddy_doctor,rice_healthy:340
train/rice_healthy/102187.jpg,rice_healthy,8,train,paddy_doctor,rice_healthy:341
train/rice_healthy/102194.jpg,rice_healthy,8,train,paddy_doctor,rice_healthy:342
train/rice_healthy/102195.jpg,rice_healthy,8,train,paddy_doctor,rice_healthy:343
train/rice_healthy/102204.jpg,rice_healthy,8,train,paddy_doctor,rice_healthy:345
train/rice_healthy/102208.jpg,rice_healthy,8,train,paddy_doctor,rice_healthy:346
train/rice_healthy/102222.jpg,rice_healthy,8,train,paddy_doctor,rice_healthy:347
train/rice_healthy/102242.jpg,rice_healthy,8,train,paddy_doctor,rice_healthy:349
train/rice_healthy/102243.jpg,rice_healthy,8,train,paddy_doctor,rice_healthy:350
train/rice_healthy/102247.jpg,rice_healthy,8,train,paddy_doctor,rice_healthy:351
train/rice_healthy/102249.jpg,rice_healthy,8,train,paddy_doctor,rice_healthy:352
train/rice_healthy/102251.jpg,rice_healthy,8,train,paddy_doctor,rice_healthy:353
train/rice_healthy/102258.jpg,rice_healthy,8,train,paddy_doctor,rice_healthy:355
train/rice_healthy/102267.jpg,rice_healthy,8,train,paddy_doctor,rice_healthy:356
train/rice_healthy/102270.jpg,rice_healthy,8,train,paddy_doctor,rice_healthy:357
train/rice_healthy/102279.jpg,rice_healthy,8,train,paddy_doctor,rice_healthy:359
train/rice_healthy/102281.jpg,rice_healthy,8,train,paddy_doctor,rice_healthy:360
train/rice_healthy/102287.jpg,rice_healthy,8,train,paddy_doctor,rice_healthy:361
train/rice_healthy/102292.jpg,rice_healthy,8,train,paddy_doctor,rice_healthy:363
train/rice_healthy/102304.jpg,rice_healthy,8,train,paddy_doctor,rice_healthy:366
train/rice_healthy/102315.jpg,rice_healthy,8,train,paddy_doctor,rice_healthy:367
train/rice_healthy/102332.jpg,rice_healthy,8,train,paddy_doctor,rice_healthy:370
train/rice_healthy/102340.jpg,rice_healthy,8,train,paddy_doctor,rice_healthy:371
train/rice_healthy/102342.jpg,rice_healthy,8,train,paddy_doctor,rice_healthy:372
train/rice_healthy/102345.jpg,rice_healthy,8,train,paddy_doctor,rice_healthy:373
train/rice_healthy/102354.jpg,rice_healthy,8,train,paddy_doctor,rice_healthy:374
train/rice_healthy/102357.jpg,rice_healthy,8,train,paddy_doctor,rice_healthy:375
train/rice_healthy/102362.jpg,rice_healthy,8,train,paddy_doctor,rice_healthy:377
train/rice_healthy/102367.jpg,rice_healthy,8,train,paddy_doctor,rice_healthy:378
train/rice_healthy/102369.jpg,rice_healthy,8,train,paddy_doctor,rice_healthy:379
train/rice_healthy/102370.jpg,rice_healthy,8,train,paddy_doctor,rice_healthy:380
train/rice_healthy/102377.jpg,rice_healthy,8,train,paddy_doctor,rice_healthy:383
train/rice_healthy/102379.jpg,rice_healthy,8,train,paddy_doctor,rice_healthy:384
train/rice_healthy/102385.jpg,rice_healthy,8,train,paddy_doctor,rice_healthy:387
train/rice_healthy/102397.jpg,rice_healthy,8,train,paddy_doctor,rice_healthy:388
train/rice_healthy/102403.jpg,rice_healthy,8,train,paddy_doctor,rice_healthy:389
train/rice_healthy/102410.jpg,rice_healthy,8,train,paddy_doctor,rice_healthy:390
train/rice_healthy/102411.jpg,rice_healthy,8,train,paddy_doctor,rice_healthy:391
train/rice_healthy/102422.jpg,rice_healthy,8,train,paddy_doctor,rice_healthy:392
train/rice_healthy/102438.jpg,rice_healthy,8,train,paddy_doctor,rice_healthy:396
train/rice_healthy/102440.jpg,rice_healthy,8,train,paddy_doctor,rice_healthy:51
train/rice_healthy/102441.jpg,rice_healthy,8,train,paddy_doctor,rice_healthy:397
train/rice_healthy/102445.jpg,rice_healthy,8,train,paddy_doctor,rice_healthy:399
train/rice_healthy/102451.jpg,rice_healthy,8,train,paddy_doctor,rice_healthy:80
train/rice_healthy/102471.jpg,rice_healthy,8,train,paddy_doctor,rice_healthy:400
train/rice_healthy/102486.jpg,rice_healthy,8,train,paddy_doctor,rice_healthy:402
train/rice_healthy/102496.jpg,rice_healthy,8,train,paddy_doctor,rice_healthy:403
train/rice_healthy/102503.jpg,rice_healthy,8,train,paddy_doctor,rice_healthy:404
train/rice_healthy/102510.jpg,rice_healthy,8,train,paddy_doctor,rice_healthy:405
train/rice_healthy/102522.jpg,rice_healthy,8,train,paddy_doctor,rice_healthy:407
train/rice_healthy/102526.jpg,rice_healthy,8,train,paddy_doctor,rice_healthy:408
train/rice_healthy/102534.jpg,rice_healthy,8,train,paddy_doctor,rice_healthy:409
train/rice_healthy/102537.jpg,rice_healthy,8,train,paddy_doctor,rice_healthy:410
train/rice_healthy/102543.jpg,rice_healthy,8,train,paddy_doctor,rice_healthy:411
train/rice_healthy/102552.jpg,rice_healthy,8,train,paddy_doctor,rice_healthy:412
train/rice_healthy/102561.jpg,rice_healthy,8,train,paddy_doctor,rice_healthy:414
train/rice_healthy/102572.jpg,rice_healthy,8,train,paddy_doctor,rice_healthy:416
train/rice_healthy/102576.jpg,rice_healthy,8,train,paddy_doctor,rice_healthy:417
train/rice_healthy/102580.jpg,rice_healthy,8,train,paddy_doctor,rice_healthy:419
train/rice_healthy/102581.jpg,rice_healthy,8,train,paddy_doctor,rice_healthy:420
train/rice_healthy/102584.jpg,rice_healthy,8,train,paddy_doctor,rice_healthy:421
train/rice_healthy/102594.jpg,rice_healthy,8,train,paddy_doctor,rice_healthy:423
train/rice_healthy/102598.jpg,rice_healthy,8,train,paddy_doctor,rice_healthy:424
train/rice_healthy/102602.jpg,rice_healthy,8,train,paddy_doctor,rice_healthy:425
train/rice_healthy/102605.jpg,rice_healthy,8,train,paddy_doctor,rice_healthy:426
train/rice_healthy/102622.jpg,rice_healthy,8,train,paddy_doctor,rice_healthy:428
train/rice_healthy/102626.jpg,rice_healthy,8,train,paddy_doctor,rice_healthy:429
train/rice_healthy/102637.jpg,rice_healthy,8,train,paddy_doctor,rice_healthy:430
train/rice_healthy/102642.jpg,rice_healthy,8,train,paddy_doctor,rice_healthy:431
train/rice_healthy/102650.jpg,rice_healthy,8,train,paddy_doctor,rice_healthy:432
train/rice_healthy/102652.jpg,rice_healthy,8,train,paddy_doctor,rice_healthy:434
train/rice_healthy/102653.jpg,rice_healthy,8,train,paddy_doctor,rice_healthy:435
train/rice_healthy/102662.jpg,rice_healthy,8,train,paddy_doctor,rice_healthy:165
train/rice_healthy/102680.jpg,rice_healthy,8,train,paddy_doctor,rice_healthy:436
train/rice_healthy/102683.jpg,rice_healthy,8,train,paddy_doctor,rice_healthy:437
train/rice_healthy/102690.jpg,rice_healthy,8,train,paddy_doctor,rice_healthy:439
train/rice_healthy/102700.jpg,rice_healthy,8,train,paddy_doctor,rice_healthy:443
train/rice_healthy/102701.jpg,rice_healthy,8,train,paddy_doctor,rice_healthy:444
train/rice_healthy/102707.jpg,rice_healthy,8,train,paddy_doctor,rice_healthy:445
train/rice_healthy/102721.jpg,rice_healthy,8,train,paddy_doctor,rice_healthy:449
train/rice_healthy/102723.jpg,rice_healthy,8,train,paddy_doctor,rice_healthy:450
train/rice_healthy/102725.jpg,rice_healthy,8,train,paddy_doctor,rice_healthy:451
train/rice_healthy/102749.jpg,rice_healthy,8,train,paddy_doctor,rice_healthy:44
train/rice_healthy/102763.jpg,rice_healthy,8,train,paddy_doctor,rice_healthy:454
train/rice_healthy/102772.jpg,rice_healthy,8,train,paddy_doctor,rice_healthy:455
train/rice_healthy/102787.jpg,rice_healthy,8,train,paddy_doctor,rice_healthy:270
train/rice_healthy/102804.jpg,rice_healthy,8,train,paddy_doctor,rice_healthy:457
train/rice_healthy/102805.jpg,rice_healthy,8,train,paddy_doctor,rice_healthy:458
train/rice_healthy/102809.jpg,rice_healthy,8,train,paddy_doctor,rice_healthy:459
train/rice_healthy/102810.jpg,rice_healthy,8,train,paddy_doctor,rice_healthy:460
train/rice_healthy/102814.jpg,rice_healthy,8,train,paddy_doctor,rice_healthy:461
train/rice_healthy/102824.jpg,rice_healthy,8,train,paddy_doctor,rice_healthy:462
train/rice_healthy/102826.jpg,rice_healthy,8,train,paddy_doctor,rice_healthy:463
train/rice_healthy/102831.jpg,rice_healthy,8,train,paddy_doctor,rice_healthy:464
train/rice_healthy/102843.jpg,rice_healthy,8,train,paddy_doctor,rice_healthy:465
train/rice_healthy/102852.jpg,rice_healthy,8,train,paddy_doctor,rice_healthy:466
train/rice_healthy/102854.jpg,rice_healthy,8,train,paddy_doctor,rice_healthy:467
train/rice_healthy/102862.jpg,rice_healthy,8,train,paddy_doctor,rice_healthy:468
train/rice_healthy/102873.jpg,rice_healthy,8,train,paddy_doctor,rice_healthy:469
train/rice_healthy/102884.jpg,rice_healthy,8,train,paddy_doctor,rice_healthy:472
train/rice_healthy/102887.jpg,rice_healthy,8,train,paddy_doctor,rice_healthy:473
train/rice_healthy/102888.jpg,rice_healthy,8,train,paddy_doctor,rice_healthy:474
train/rice_healthy/102928.jpg,rice_healthy,8,train,paddy_doctor,rice_healthy:477
train/rice_healthy/102930.jpg,rice_healthy,8,train,paddy_doctor,rice_healthy:478
train/rice_healthy/102950.jpg,rice_healthy,8,train,paddy_doctor,rice_healthy:480
train/rice_healthy/102963.jpg,rice_healthy,8,train,paddy_doctor,rice_healthy:481
train/rice_healthy/102976.jpg,rice_healthy,8,train,paddy_doctor,rice_healthy:484
train/rice_healthy/102988.jpg,rice_healthy,8,train,paddy_doctor,rice_healthy:486
train/rice_healthy/102999.jpg,rice_healthy,8,train,paddy_doctor,rice_healthy:488
train/rice_healthy/103006.jpg,rice_healthy,8,train,paddy_doctor,rice_healthy:489
train/rice_healthy/103010.jpg,rice_healthy,8,train,paddy_doctor,rice_healthy:491
train/rice_healthy/103011.jpg,rice_healthy,8,train,paddy_doctor,rice_healthy:492
train/rice_healthy/103028.jpg,rice_healthy,8,train,paddy_doctor,rice_healthy:495
train/rice_healthy/103053.jpg,rice_healthy,8,train,paddy_doctor,rice_healthy:498
train/rice_healthy/103058.jpg,rice_healthy,8,train,paddy_doctor,rice_healthy:500
train/rice_healthy/103061.jpg,rice_healthy,8,train,paddy_doctor,rice_healthy:501
train/rice_healthy/103082.jpg,rice_healthy,8,train,paddy_doctor,rice_healthy:503
train/rice_healthy/103093.jpg,rice_healthy,8,train,paddy_doctor,rice_healthy:505
train/rice_healthy/103109.jpg,rice_healthy,8,train,paddy_doctor,rice_healthy:508
train/rice_healthy/103112.jpg,rice_healthy,8,train,paddy_doctor,rice_healthy:509
train/rice_healthy/103113.jpg,rice_healthy,8,train,paddy_doctor,rice_healthy:510
train/rice_healthy/103122.jpg,rice_healthy,8,train,paddy_doctor,rice_healthy:512
train/rice_healthy/103125.jpg,rice_healthy,8,train,paddy_doctor,rice_healthy:513
train/rice_healthy/103132.jpg,rice_healthy,8,train,paddy_doctor,rice_healthy:515
train/rice_healthy/103134.jpg,rice_healthy,8,train,paddy_doctor,rice_healthy:516
train/rice_healthy/103137.jpg,rice_healthy,8,train,paddy_doctor,rice_healthy:517
train/rice_healthy/103156.jpg,rice_healthy,8,train,paddy_doctor,rice_healthy:518
train/rice_healthy/103162.jpg,rice_healthy,8,train,paddy_doctor,rice_healthy:519
train/rice_healthy/103167.jpg,rice_healthy,8,train,paddy_doctor,rice_healthy:520
train/rice_healthy/103173.jpg,rice_healthy,8,train,paddy_doctor,rice_healthy:523
train/rice_healthy/103175.jpg,rice_healthy,8,train,paddy_doctor,rice_healthy:454
train/rice_healthy/103179.jpg,rice_healthy,8,train,paddy_doctor,rice_healthy:524
train/rice_healthy/103192.jpg,rice_healthy,8,train,paddy_doctor,rice_healthy:526
train/rice_healthy/103194.jpg,rice_healthy,8,train,paddy_doctor,rice_healthy:527
train/rice_healthy/103199.jpg,rice_healthy,8,train,paddy_doctor,rice_healthy:528
train/rice_healthy/103209.jpg,rice_healthy,8,train,paddy_doctor,rice_healthy:99
train/rice_healthy/103213.jpg,rice_healthy,8,train,paddy_doctor,rice_healthy:529
train/rice_healthy/103221.jpg,rice_healthy,8,train,paddy_doctor,rice_healthy:530
train/rice_healthy/103228.jpg,rice_healthy,8,train,paddy_doctor,rice_healthy:531
train/rice_healthy/103229.jpg,rice_healthy,8,train,paddy_doctor,rice_healthy:532
train/rice_healthy/103244.jpg,rice_healthy,8,train,paddy_doctor,rice_healthy:533
train/rice_healthy/103264.jpg,rice_healthy,8,train,paddy_doctor,rice_healthy:536
train/rice_healthy/103265.jpg,rice_healthy,8,train,paddy_doctor,rice_healthy:537
train/rice_healthy/103270.jpg,rice_healthy,8,train,paddy_doctor,rice_healthy:538
train/rice_healthy/103303.jpg,rice_healthy,8,train,paddy_doctor,rice_healthy:101
train/rice_healthy/103304.jpg,rice_healthy,8,train,paddy_doctor,rice_healthy:300
train/rice_healthy/103309.jpg,rice_healthy,8,train,paddy_doctor,rice_healthy:545
train/rice_healthy/103310.jpg,rice_healthy,8,train,paddy_doctor,rice_healthy:546
train/rice_healthy/103318.jpg,rice_healthy,8,train,paddy_doctor,rice_healthy:547
train/rice_healthy/103340.jpg,rice_healthy,8,train,paddy_doctor,rice_healthy:550
train/rice_healthy/103346.jpg,rice_healthy,8,train,paddy_doctor,rice_healthy:551
train/rice_healthy/103353.jpg,rice_healthy,8,train,paddy_doctor,rice_healthy:552
train/rice_healthy/103361.jpg,rice_healthy,8,train,paddy_doctor,rice_healthy:553
train/rice_healthy/103370.jpg,rice_healthy,8,train,paddy_doctor,rice_healthy:554
train/rice_healthy/103381.jpg,rice_healthy,8,train,paddy_doctor,rice_healthy:556
train/rice_healthy/103387.jpg,rice_healthy,8,train,paddy_doctor,rice_healthy:557
train/rice_healthy/103391.jpg,rice_healthy,8,train,paddy_doctor,rice_healthy:558
train/rice_healthy/103397.jpg,rice_healthy,8,train,paddy_doctor,rice_healthy:560
train/rice_healthy/103400.jpg,rice_healthy,8,train,paddy_doctor,rice_healthy:561
train/rice_healthy/103401.jpg,rice_healthy,8,train,paddy_doctor,rice_healthy:562
train/rice_healthy/103417.jpg,rice_healthy,8,train,paddy_doctor,rice_healthy:563
train/rice_healthy/103418.jpg,rice_healthy,8,train,paddy_doctor,rice_healthy:564
train/rice_healthy/103419.jpg,rice_healthy,8,train,paddy_doctor,rice_healthy:565
train/rice_healthy/103430.jpg,rice_healthy,8,train,paddy_doctor,rice_healthy:567
train/rice_healthy/103462.jpg,rice_healthy,8,train,paddy_doctor,rice_healthy:569
train/rice_healthy/103501.jpg,rice_healthy,8,train,paddy_doctor,rice_healthy:571
train/rice_healthy/103510.jpg,rice_healthy,8,train,paddy_doctor,rice_healthy:573
train/rice_healthy/103516.jpg,rice_healthy,8,train,paddy_doctor,rice_healthy:574
train/rice_healthy/103521.jpg,rice_healthy,8,train,paddy_doctor,rice_healthy:575
train/rice_healthy/103531.jpg,rice_healthy,8,train,paddy_doctor,rice_healthy:563
train/rice_healthy/103535.jpg,rice_healthy,8,train,paddy_doctor,rice_healthy:578
train/rice_healthy/103545.jpg,rice_healthy,8,train,paddy_doctor,rice_healthy:581
train/rice_healthy/103564.jpg,rice_healthy,8,train,paddy_doctor,rice_healthy:583
train/rice_healthy/103567.jpg,rice_healthy,8,train,paddy_doctor,rice_healthy:584
train/rice_healthy/103579.jpg,rice_healthy,8,train,paddy_doctor,rice_healthy:586
train/rice_healthy/103593.jpg,rice_healthy,8,train,paddy_doctor,rice_healthy:587
train/rice_healthy/103626.jpg,rice_healthy,8,train,paddy_doctor,rice_healthy:590
train/rice_healthy/103664.jpg,rice_healthy,8,train,paddy_doctor,rice_healthy:593
train/rice_healthy/103701.jpg,rice_healthy,8,train,paddy_doctor,rice_healthy:595
train/rice_healthy/103704.jpg,rice_healthy,8,train,paddy_doctor,rice_healthy:596
train/rice_healthy/103707.jpg,rice_healthy,8,train,paddy_doctor,rice_healthy:23
train/rice_healthy/103721.jpg,rice_healthy,8,train,paddy_doctor,rice_healthy:597
train/rice_healthy/103723.jpg,rice_healthy,8,train,paddy_doctor,rice_healthy:598
train/rice_healthy/103736.jpg,rice_healthy,8,train,paddy_doctor,rice_healthy:329
train/rice_healthy/103744.jpg,rice_healthy,8,train,paddy_doctor,rice_healthy:600
train/rice_healthy/103751.jpg,rice_healthy,8,train,paddy_doctor,rice_healthy:602
train/rice_healthy/103754.jpg,rice_healthy,8,train,paddy_doctor,rice_healthy:603
train/rice_healthy/103757.jpg,rice_healthy,8,train,paddy_doctor,rice_healthy:604
train/rice_healthy/103759.jpg,rice_healthy,8,train,paddy_doctor,rice_healthy:605
train/rice_healthy/103763.jpg,rice_healthy,8,train,paddy_doctor,rice_healthy:606
train/rice_healthy/103774.jpg,rice_healthy,8,train,paddy_doctor,rice_healthy:607
train/rice_healthy/103801.jpg,rice_healthy,8,train,paddy_doctor,rice_healthy:608
train/rice_healthy/103803.jpg,rice_healthy,8,train,paddy_doctor,rice_healthy:609
train/rice_healthy/103814.jpg,rice_healthy,8,train,paddy_doctor,rice_healthy:610
train/rice_healthy/103846.jpg,rice_healthy,8,train,paddy_doctor,rice_healthy:613
train/rice_healthy/103847.jpg,rice_healthy,8,train,paddy_doctor,rice_healthy:614
train/rice_healthy/103849.jpg,rice_healthy,8,train,paddy_doctor,rice_healthy:616
train/rice_healthy/103853.jpg,rice_healthy,8,train,paddy_doctor,rice_healthy:617
train/rice_healthy/103859.jpg,rice_healthy,8,train,paddy_doctor,rice_healthy:619
train/rice_healthy/103870.jpg,rice_healthy,8,train,paddy_doctor,rice_healthy:620
train/rice_healthy/103871.jpg,rice_healthy,8,train,paddy_doctor,rice_healthy:621
train/rice_healthy/103876.jpg,rice_healthy,8,train,paddy_doctor,rice_healthy:622
train/rice_healthy/103879.jpg,rice_healthy,8,train,paddy_doctor,rice_healthy:623
train/rice_healthy/103880.jpg,rice_healthy,8,train,paddy_doctor,rice_healthy:624
train/rice_healthy/103883.jpg,rice_healthy,8,train,paddy_doctor,rice_healthy:625
train/rice_healthy/103887.jpg,rice_healthy,8,train,paddy_doctor,rice_healthy:626
train/rice_healthy/103890.jpg,rice_healthy,8,train,paddy_doctor,rice_healthy:627
train/rice_healthy/103895.jpg,rice_healthy,8,train,paddy_doctor,rice_healthy:629
train/rice_healthy/103896.jpg,rice_healthy,8,train,paddy_doctor,rice_healthy:630
train/rice_healthy/103904.jpg,rice_healthy,8,train,paddy_doctor,rice_healthy:631
train/rice_healthy/103909.jpg,rice_healthy,8,train,paddy_doctor,rice_healthy:632
train/rice_healthy/103916.jpg,rice_healthy,8,train,paddy_doctor,rice_healthy:633
train/rice_healthy/103918.jpg,rice_healthy,8,train,paddy_doctor,rice_healthy:634
train/rice_healthy/103922.jpg,rice_healthy,8,train,paddy_doctor,rice_healthy:635
train/rice_healthy/103924.jpg,rice_healthy,8,train,paddy_doctor,rice_healthy:255
train/rice_healthy/103926.jpg,rice_healthy,8,train,paddy_doctor,rice_healthy:636
train/rice_healthy/103937.jpg,rice_healthy,8,train,paddy_doctor,rice_healthy:637
train/rice_healthy/103941.jpg,rice_healthy,8,train,paddy_doctor,rice_healthy:638
train/rice_healthy/103946.jpg,rice_healthy,8,train,paddy_doctor,rice_healthy:639
train/rice_healthy/103956.jpg,rice_healthy,8,train,paddy_doctor,rice_healthy:641
train/rice_healthy/103960.jpg,rice_healthy,8,train,paddy_doctor,rice_healthy:642
train/rice_healthy/103961.jpg,rice_healthy,8,train,paddy_doctor,rice_healthy:643
train/rice_healthy/103982.jpg,rice_healthy,8,train,paddy_doctor,rice_healthy:644
train/rice_healthy/103993.jpg,rice_healthy,8,train,paddy_doctor,rice_healthy:646
train/rice_healthy/104001.jpg,rice_healthy,8,train,paddy_doctor,rice_healthy:647
train/rice_healthy/104010.jpg,rice_healthy,8,train,paddy_doctor,rice_healthy:648
train/rice_healthy/104019.jpg,rice_healthy,8,train,paddy_doctor,rice_healthy:650
train/rice_healthy/104025.jpg,rice_healthy,8,train,paddy_doctor,rice_healthy:651
train/rice_healthy/104028.jpg,rice_healthy,8,train,paddy_doctor,rice_healthy:652
train/rice_healthy/104044.jpg,rice_healthy,8,train,paddy_doctor,rice_healthy:653
train/rice_healthy/104047.jpg,rice_healthy,8,train,paddy_doctor,rice_healthy:654
train/rice_healthy/104051.jpg,rice_healthy,8,train,paddy_doctor,rice_healthy:655
train/rice_healthy/104078.jpg,rice_healthy,8,train,paddy_doctor,rice_healthy:659
train/rice_healthy/104087.jpg,rice_healthy,8,train,paddy_doctor,rice_healthy:661
train/rice_healthy/104103.jpg,rice_healthy,8,train,paddy_doctor,rice_healthy:663
train/rice_healthy/104107.jpg,rice_healthy,8,train,paddy_doctor,rice_healthy:664
train/rice_healthy/104130.jpg,rice_healthy,8,train,paddy_doctor,rice_healthy:665
train/rice_healthy/104134.jpg,rice_healthy,8,train,paddy_doctor,rice_healthy:666
train/rice_healthy/104137.jpg,rice_healthy,8,train,paddy_doctor,rice_healthy:667
train/rice_healthy/104142.jpg,rice_healthy,8,train,paddy_doctor,rice_healthy:668
train/rice_healthy/104151.jpg,rice_healthy,8,train,paddy_doctor,rice_healthy:669
train/rice_healthy/104164.jpg,rice_healthy,8,train,paddy_doctor,rice_healthy:672
train/rice_healthy/104169.jpg,rice_healthy,8,train,paddy_doctor,rice_healthy:674
train/rice_healthy/104178.jpg,rice_healthy,8,train,paddy_doctor,rice_healthy:676
train/rice_healthy/104183.jpg,rice_healthy,8,train,paddy_doctor,rice_healthy:677
train/rice_healthy/104211.jpg,rice_healthy,8,train,paddy_doctor,rice_healthy:679
train/rice_healthy/104213.jpg,rice_healthy,8,train,paddy_doctor,rice_healthy:680
train/rice_healthy/104218.jpg,rice_healthy,8,train,paddy_doctor,rice_healthy:255
train/rice_healthy/104241.jpg,rice_healthy,8,train,paddy_doctor,rice_healthy:681
train/rice_healthy/104252.jpg,rice_healthy,8,train,paddy_doctor,rice_healthy:682
train/rice_healthy/104254.jpg,rice_healthy,8,train,paddy_doctor,rice_healthy:683
train/rice_healthy/104265.jpg,rice_healthy,8,train,paddy_doctor,rice_healthy:685
train/rice_healthy/104277.jpg,rice_healthy,8,train,paddy_doctor,rice_healthy:686
train/rice_healthy/104284.jpg,rice_healthy,8,train,paddy_doctor,rice_healthy:687
train/rice_healthy/104286.jpg,rice_healthy,8,train,paddy_doctor,rice_healthy:688
train/rice_healthy/104290.jpg,rice_healthy,8,train,paddy_doctor,rice_healthy:689
train/rice_healthy/104295.jpg,rice_healthy,8,train,paddy_doctor,rice_healthy:692
train/rice_healthy/104319.jpg,rice_healthy,8,train,paddy_doctor,rice_healthy:695
train/rice_healthy/104326.jpg,rice_healthy,8,train,paddy_doctor,rice_healthy:697
train/rice_healthy/104337.jpg,rice_healthy,8,train,paddy_doctor,rice_healthy:698
train/rice_healthy/104344.jpg,rice_healthy,8,train,paddy_doctor,rice_healthy:699
train/rice_healthy/104378.jpg,rice_healthy,8,train,paddy_doctor,rice_healthy:702
train/rice_healthy/104379.jpg,rice_healthy,8,train,paddy_doctor,rice_healthy:703
train/rice_healthy/104386.jpg,rice_healthy,8,train,paddy_doctor,rice_healthy:704
train/rice_healthy/104388.jpg,rice_healthy,8,train,paddy_doctor,rice_healthy:705
train/rice_healthy/104411.jpg,rice_healthy,8,train,paddy_doctor,rice_healthy:1
train/rice_healthy/104443.jpg,rice_healthy,8,train,paddy_doctor,rice_healthy:710
train/rice_healthy/104449.jpg,rice_healthy,8,train,paddy_doctor,rice_healthy:711
train/rice_healthy/104450.jpg,rice_healthy,8,train,paddy_doctor,rice_healthy:712
train/rice_healthy/104451.jpg,rice_healthy,8,train,paddy_doctor,rice_healthy:146
train/rice_healthy/104467.jpg,rice_healthy,8,train,paddy_doctor,rice_healthy:715
train/rice_healthy/104471.jpg,rice_healthy,8,train,paddy_doctor,rice_healthy:716
train/rice_healthy/104480.jpg,rice_healthy,8,train,paddy_doctor,rice_healthy:717
train/rice_healthy/104481.jpg,rice_healthy,8,train,paddy_doctor,rice_healthy:718
train/rice_healthy/104484.jpg,rice_healthy,8,train,paddy_doctor,rice_healthy:128
train/rice_healthy/104490.jpg,rice_healthy,8,train,paddy_doctor,rice_healthy:720
train/rice_healthy/104497.jpg,rice_healthy,8,train,paddy_doctor,rice_healthy:721
train/rice_healthy/104509.jpg,rice_healthy,8,train,paddy_doctor,rice_healthy:722
train/rice_healthy/104520.jpg,rice_healthy,8,train,paddy_doctor,rice_healthy:723
train/rice_healthy/104529.jpg,rice_healthy,8,train,paddy_doctor,rice_healthy:725
train/rice_healthy/104533.jpg,rice_healthy,8,train,paddy_doctor,rice_healthy:726
train/rice_healthy/104534.jpg,rice_healthy,8,train,paddy_doctor,rice_healthy:727
train/rice_healthy/104544.jpg,rice_healthy,8,train,paddy_doctor,rice_healthy:729
train/rice_healthy/104546.jpg,rice_healthy,8,train,paddy_doctor,rice_healthy:272
train/rice_healthy/104552.jpg,rice_healthy,8,train,paddy_doctor,rice_healthy:731
train/rice_healthy/104556.jpg,rice_healthy,8,train,paddy_doctor,rice_healthy:732
train/rice_healthy/104570.jpg,rice_healthy,8,train,paddy_doctor,rice_healthy:733
train/rice_healthy/104583.jpg,rice_healthy,8,train,paddy_doctor,rice_healthy:99
train/rice_healthy/104585.jpg,rice_healthy,8,train,paddy_doctor,rice_healthy:734
train/rice_healthy/104598.jpg,rice_healthy,8,train,paddy_doctor,rice_healthy:736
train/rice_healthy/104602.jpg,rice_healthy,8,train,paddy_doctor,rice_healthy:738
train/rice_healthy/104613.jpg,rice_healthy,8,train,paddy_doctor,rice_healthy:739
train/rice_healthy/104634.jpg,rice_healthy,8,train,paddy_doctor,rice_healthy:741
train/rice_healthy/104644.jpg,rice_healthy,8,train,paddy_doctor,rice_healthy:742
train/rice_healthy/104653.jpg,rice_healthy,8,train,paddy_doctor,rice_healthy:743
train/rice_healthy/104656.jpg,rice_healthy,8,train,paddy_doctor,rice_healthy:744
train/rice_healthy/104668.jpg,rice_healthy,8,train,paddy_doctor,rice_healthy:745
train/rice_healthy/104669.jpg,rice_healthy,8,train,paddy_doctor,rice_healthy:746
train/rice_healthy/104670.jpg,rice_healthy,8,train,paddy_doctor,rice_healthy:747
train/rice_healthy/104687.jpg,rice_healthy,8,train,paddy_doctor,rice_healthy:449
train/rice_healthy/104701.jpg,rice_healthy,8,train,paddy_doctor,rice_healthy:751
train/rice_healthy/104703.jpg,rice_healthy,8,train,paddy_doctor,rice_healthy:716
train/rice_healthy/104708.jpg,rice_healthy,8,train,paddy_doctor,rice_healthy:752
train/rice_healthy/104714.jpg,rice_healthy,8,train,paddy_doctor,rice_healthy:753
train/rice_healthy/104722.jpg,rice_healthy,8,train,paddy_doctor,rice_healthy:754
train/rice_healthy/104727.jpg,rice_healthy,8,train,paddy_doctor,rice_healthy:755
train/rice_healthy/104728.jpg,rice_healthy,8,train,paddy_doctor,rice_healthy:756
train/rice_healthy/104749.jpg,rice_healthy,8,train,paddy_doctor,rice_healthy:758
train/rice_healthy/104755.jpg,rice_healthy,8,train,paddy_doctor,rice_healthy:760
train/rice_healthy/104758.jpg,rice_healthy,8,train,paddy_doctor,rice_healthy:761
train/rice_healthy/104767.jpg,rice_healthy,8,train,paddy_doctor,rice_healthy:762
train/rice_healthy/104792.jpg,rice_healthy,8,train,paddy_doctor,rice_healthy:767
train/rice_healthy/104802.jpg,rice_healthy,8,train,paddy_doctor,rice_healthy:768
train/rice_healthy/104805.jpg,rice_healthy,8,train,paddy_doctor,rice_healthy:769
train/rice_healthy/104810.jpg,rice_healthy,8,train,paddy_doctor,rice_healthy:771
train/rice_healthy/104814.jpg,rice_healthy,8,train,paddy_doctor,rice_healthy:772
train/rice_healthy/104829.jpg,rice_healthy,8,train,paddy_doctor,rice_healthy:774
train/rice_healthy/104840.jpg,rice_healthy,8,train,paddy_doctor,rice_healthy:775
train/rice_healthy/104846.jpg,rice_healthy,8,train,paddy_doctor,rice_healthy:776
train/rice_healthy/104848.jpg,rice_healthy,8,train,paddy_doctor,rice_healthy:777
train/rice_healthy/104850.jpg,rice_healthy,8,train,paddy_doctor,rice_healthy:141
train/rice_healthy/104854.jpg,rice_healthy,8,train,paddy_doctor,rice_healthy:779
train/rice_healthy/104857.jpg,rice_healthy,8,train,paddy_doctor,rice_healthy:780
train/rice_healthy/104858.jpg,rice_healthy,8,train,paddy_doctor,rice_healthy:781
train/rice_healthy/104860.jpg,rice_healthy,8,train,paddy_doctor,rice_healthy:782
train/rice_healthy/104865.jpg,rice_healthy,8,train,paddy_doctor,rice_healthy:98
train/rice_healthy/104874.jpg,rice_healthy,8,train,paddy_doctor,rice_healthy:783
train/rice_healthy/104875.jpg,rice_healthy,8,train,paddy_doctor,rice_healthy:784
train/rice_healthy/104879.jpg,rice_healthy,8,train,paddy_doctor,rice_healthy:287
train/rice_healthy/104883.jpg,rice_healthy,8,train,paddy_doctor,rice_healthy:785
train/rice_healthy/104884.jpg,rice_healthy,8,train,paddy_doctor,rice_healthy:183
train/rice_healthy/104889.jpg,rice_healthy,8,train,paddy_doctor,rice_healthy:786
train/rice_healthy/104896.jpg,rice_healthy,8,train,paddy_doctor,rice_healthy:788
train/rice_healthy/104897.jpg,rice_healthy,8,train,paddy_doctor,rice_healthy:431
train/rice_healthy/104906.jpg,rice_healthy,8,train,paddy_doctor,rice_healthy:789
train/rice_healthy/104911.jpg,rice_healthy,8,train,paddy_doctor,rice_healthy:722
train/rice_healthy/104953.jpg,rice_healthy,8,train,paddy_doctor,rice_healthy:792
train/rice_healthy/104958.jpg,rice_healthy,8,train,paddy_doctor,rice_healthy:793
train/rice_healthy/104961.jpg,rice_healthy,8,train,paddy_doctor,rice_healthy:794
train/rice_healthy/104963.jpg,rice_healthy,8,train,paddy_doctor,rice_healthy:795
train/rice_healthy/104964.jpg,rice_healthy,8,train,paddy_doctor,rice_healthy:796
train/rice_healthy/104966.jpg,rice_healthy,8,train,paddy_doctor,rice_healthy:797
train/rice_healthy/104977.jpg,rice_healthy,8,train,paddy_doctor,rice_healthy:798
train/rice_healthy/104978.jpg,rice_healthy,8,train,paddy_doctor,rice_healthy:799
train/rice_healthy/104982.jpg,rice_healthy,8,train,paddy_doctor,rice_healthy:800
train/rice_healthy/104983.jpg,rice_healthy,8,train,paddy_doctor,rice_healthy:801
train/rice_healthy/104990.jpg,rice_healthy,8,train,paddy_doctor,rice_healthy:802
train/rice_healthy/104992.jpg,rice_healthy,8,train,paddy_doctor,rice_healthy:803
train/rice_healthy/105019.jpg,rice_healthy,8,train,paddy_doctor,rice_healthy:806
train/rice_healthy/105032.jpg,rice_healthy,8,train,paddy_doctor,rice_healthy:807
train/rice_healthy/105050.jpg,rice_healthy,8,train,paddy_doctor,rice_healthy:809
train/rice_healthy/105055.jpg,rice_healthy,8,train,paddy_doctor,rice_healthy:632
train/rice_healthy/105067.jpg,rice_healthy,8,train,paddy_doctor,rice_healthy:811
train/rice_healthy/105092.jpg,rice_healthy,8,train,paddy_doctor,rice_healthy:814
train/rice_healthy/105099.jpg,rice_healthy,8,train,paddy_doctor,rice_healthy:815
train/rice_healthy/105106.jpg,rice_healthy,8,train,paddy_doctor,rice_healthy:816
train/rice_healthy/105114.jpg,rice_healthy,8,train,paddy_doctor,rice_healthy:817
train/rice_healthy/105119.jpg,rice_healthy,8,train,paddy_doctor,rice_healthy:818
train/rice_healthy/105134.jpg,rice_healthy,8,train,paddy_doctor,rice_healthy:820
train/rice_healthy/105140.jpg,rice_healthy,8,train,paddy_doctor,rice_healthy:821
train/rice_healthy/105141.jpg,rice_healthy,8,train,paddy_doctor,rice_healthy:822
train/rice_healthy/105143.jpg,rice_healthy,8,train,paddy_doctor,rice_healthy:824
train/rice_healthy/105147.jpg,rice_healthy,8,train,paddy_doctor,rice_healthy:826
train/rice_healthy/105154.jpg,rice_healthy,8,train,paddy_doctor,rice_healthy:827
train/rice_healthy/105161.jpg,rice_healthy,8,train,paddy_doctor,rice_healthy:780
train/rice_healthy/105167.jpg,rice_healthy,8,train,paddy_doctor,rice_healthy:828
train/rice_healthy/105183.jpg,rice_healthy,8,train,paddy_doctor,rice_healthy:165
train/rice_healthy/105185.jpg,rice_healthy,8,train,paddy_doctor,rice_healthy:829
train/rice_healthy/105213.jpg,rice_healthy,8,train,paddy_doctor,rice_healthy:834
train/rice_healthy/105237.jpg,rice_healthy,8,train,paddy_doctor,rice_healthy:165
train/rice_healthy/105241.jpg,rice_healthy,8,train,paddy_doctor,rice_healthy:835
train/rice_healthy/105263.jpg,rice_healthy,8,train,paddy_doctor,rice_healthy:838
train/rice_healthy/105268.jpg,rice_healthy,8,train,paddy_doctor,rice_healthy:839
train/rice_healthy/105279.jpg,rice_healthy,8,train,paddy_doctor,rice_healthy:840
train/rice_healthy/105284.jpg,rice_healthy,8,train,paddy_doctor,rice_healthy:841
train/rice_healthy/105289.jpg,rice_healthy,8,train,paddy_doctor,rice_healthy:842
train/rice_healthy/105290.jpg,rice_healthy,8,train,paddy_doctor,rice_healthy:843
train/rice_healthy/105299.jpg,rice_healthy,8,train,paddy_doctor,rice_healthy:844
train/rice_healthy/105301.jpg,rice_healthy,8,train,paddy_doctor,rice_healthy:845
train/rice_healthy/105315.jpg,rice_healthy,8,train,paddy_doctor,rice_healthy:847
train/rice_healthy/105317.jpg,rice_healthy,8,train,paddy_doctor,rice_healthy:848
train/rice_healthy/105320.jpg,rice_healthy,8,train,paddy_doctor,rice_healthy:849
train/rice_healthy/105327.jpg,rice_healthy,8,train,paddy_doctor,rice_healthy:850
train/rice_healthy/105341.jpg,rice_healthy,8,train,paddy_doctor,rice_healthy:854
train/rice_healthy/105361.jpg,rice_healthy,8,train,paddy_doctor,rice_healthy:153
train/rice_healthy/105417.jpg,rice_healthy,8,train,paddy_doctor,rice_healthy:861
train/rice_healthy/105433.jpg,rice_healthy,8,train,paddy_doctor,rice_healthy:864
train/rice_healthy/105441.jpg,rice_healthy,8,train,paddy_doctor,rice_healthy:865
train/rice_healthy/105442.jpg,rice_healthy,8,train,paddy_doctor,rice_healthy:866
train/rice_healthy/105450.jpg,rice_healthy,8,train,paddy_doctor,rice_healthy:869
train/rice_healthy/105460.jpg,rice_healthy,8,train,paddy_doctor,rice_healthy:871
train/rice_healthy/105461.jpg,rice_healthy,8,train,paddy_doctor,rice_healthy:872
train/rice_healthy/105485.jpg,rice_healthy,8,train,paddy_doctor,rice_healthy:875
train/rice_healthy/105492.jpg,rice_healthy,8,train,paddy_doctor,rice_healthy:876
train/rice_healthy/105496.jpg,rice_healthy,8,train,paddy_doctor,rice_healthy:877
train/rice_healthy/105500.jpg,rice_healthy,8,train,paddy_doctor,rice_healthy:879
train/rice_healthy/105501.jpg,rice_healthy,8,train,paddy_doctor,rice_healthy:880
train/rice_healthy/105508.jpg,rice_healthy,8,train,paddy_doctor,rice_healthy:881
train/rice_healthy/105510.jpg,rice_healthy,8,train,paddy_doctor,rice_healthy:882
train/rice_healthy/105523.jpg,rice_healthy,8,train,paddy_doctor,rice_healthy:883
train/rice_healthy/105534.jpg,rice_healthy,8,train,paddy_doctor,rice_healthy:884
train/rice_healthy/105537.jpg,rice_healthy,8,train,paddy_doctor,rice_healthy:885
train/rice_healthy/105542.jpg,rice_healthy,8,train,paddy_doctor,rice_healthy:886
train/rice_healthy/105545.jpg,rice_healthy,8,train,paddy_doctor,rice_healthy:887
train/rice_healthy/105548.jpg,rice_healthy,8,train,paddy_doctor,rice_healthy:888
train/rice_healthy/105553.jpg,rice_healthy,8,train,paddy_doctor,rice_healthy:889
train/rice_healthy/105559.jpg,rice_healthy,8,train,paddy_doctor,rice_healthy:890
train/rice_healthy/105560.jpg,rice_healthy,8,train,paddy_doctor,rice_healthy:891
train/rice_healthy/105592.jpg,rice_healthy,8,train,paddy_doctor,rice_healthy:893
train/rice_healthy/105596.jpg,rice_healthy,8,train,paddy_doctor,rice_healthy:894
train/rice_healthy/105606.jpg,rice_healthy,8,train,paddy_doctor,rice_healthy:895
train/rice_healthy/105616.jpg,rice_healthy,8,train,paddy_doctor,rice_healthy:896
train/rice_healthy/105627.jpg,rice_healthy,8,train,paddy_doctor,rice_healthy:620
train/rice_healthy/105629.jpg,rice_healthy,8,train,paddy_doctor,rice_healthy:897
train/rice_healthy/105632.jpg,rice_healthy,8,train,paddy_doctor,rice_healthy:898
train/rice_healthy/105633.jpg,rice_healthy,8,train,paddy_doctor,rice_healthy:899
train/rice_healthy/105636.jpg,rice_healthy,8,train,paddy_doctor,rice_healthy:900
train/rice_healthy/105647.jpg,rice_healthy,8,train,paddy_doctor,rice_healthy:901
train/rice_healthy/105652.jpg,rice_healthy,8,train,paddy_doctor,rice_healthy:309
train/rice_healthy/105673.jpg,rice_healthy,8,train,paddy_doctor,rice_healthy:905
train/rice_healthy/105676.jpg,rice_healthy,8,train,paddy_doctor,rice_healthy:906
train/rice_healthy/105690.jpg,rice_healthy,8,train,paddy_doctor,rice_healthy:907
train/rice_healthy/105700.jpg,rice_healthy,8,train,paddy_doctor,rice_healthy:909
train/rice_healthy/105705.jpg,rice_healthy,8,train,paddy_doctor,rice_healthy:911
train/rice_healthy/105716.jpg,rice_healthy,8,train,paddy_doctor,rice_healthy:913
train/rice_healthy/105727.jpg,rice_healthy,8,train,paddy_doctor,rice_healthy:915
train/rice_healthy/105735.jpg,rice_healthy,8,train,paddy_doctor,rice_healthy:916
train/rice_healthy/105736.jpg,rice_healthy,8,train,paddy_doctor,rice_healthy:917
train/rice_healthy/105764.jpg,rice_healthy,8,train,paddy_doctor,rice_healthy:165
train/rice_healthy/105766.jpg,rice_healthy,8,train,paddy_doctor,rice_healthy:270
train/rice_healthy/105770.jpg,rice_healthy,8,train,paddy_doctor,rice_healthy:919
train/rice_healthy/105775.jpg,rice_healthy,8,train,paddy_doctor,rice_healthy:920
train/rice_healthy/105782.jpg,rice_healthy,8,train,paddy_doctor,rice_healthy:921
train/rice_healthy/105795.jpg,rice_healthy,8,train,paddy_doctor,rice_healthy:922
train/rice_healthy/105801.jpg,rice_healthy,8,train,paddy_doctor,rice_healthy:923
train/rice_healthy/105805.jpg,rice_healthy,8,train,paddy_doctor,rice_healthy:792
train/rice_healthy/105806.jpg,rice_healthy,8,train,paddy_doctor,rice_healthy:924
train/rice_healthy/105807.jpg,rice_healthy,8,train,paddy_doctor,rice_healthy:925
train/rice_healthy/105814.jpg,rice_healthy,8,train,paddy_doctor,rice_healthy:926
train/rice_healthy/105816.jpg,rice_healthy,8,train,paddy_doctor,rice_healthy:927
train/rice_healthy/105822.jpg,rice_healthy,8,train,paddy_doctor,rice_healthy:929
train/rice_healthy/105827.jpg,rice_healthy,8,train,paddy_doctor,rice_healthy:931
train/rice_healthy/105829.jpg,rice_healthy,8,train,paddy_doctor,rice_healthy:932
train/rice_healthy/105832.jpg,rice_healthy,8,train,paddy_doctor,rice_healthy:933
train/rice_healthy/105841.jpg,rice_healthy,8,train,paddy_doctor,rice_healthy:264
train/rice_healthy/105843.jpg,rice_healthy,8,train,paddy_doctor,rice_healthy:727
train/rice_healthy/105849.jpg,rice_healthy,8,train,paddy_doctor,rice_healthy:936
train/rice_healthy/105856.jpg,rice_healthy,8,train,paddy_doctor,rice_healthy:218
train/rice_healthy/105866.jpg,rice_healthy,8,train,paddy_doctor,rice_healthy:938
train/rice_healthy/105880.jpg,rice_healthy,8,train,paddy_doctor,rice_healthy:941
train/rice_healthy/105899.jpg,rice_healthy,8,train,paddy_doctor,rice_healthy:165
train/rice_healthy/105904.jpg,rice_healthy,8,train,paddy_doctor,rice_healthy:942
train/rice_healthy/105905.jpg,rice_healthy,8,train,paddy_doctor,rice_healthy:943
train/rice_healthy/105907.jpg,rice_healthy,8,train,paddy_doctor,rice_healthy:944
train/rice_healthy/105909.jpg,rice_healthy,8,train,paddy_doctor,rice_healthy:945
train/rice_healthy/105914.jpg,rice_healthy,8,train,paddy_doctor,rice_healthy:17
train/rice_healthy/105927.jpg,rice_healthy,8,train,paddy_doctor,rice_healthy:784
train/rice_healthy/105942.jpg,rice_healthy,8,train,paddy_doctor,rice_healthy:949
train/rice_healthy/105951.jpg,rice_healthy,8,train,paddy_doctor,rice_healthy:950
train/rice_healthy/105954.jpg,rice_healthy,8,train,paddy_doctor,rice_healthy:951
train/rice_healthy/105958.jpg,rice_healthy,8,train,paddy_doctor,rice_healthy:952
train/rice_healthy/105971.jpg,rice_healthy,8,train,paddy_doctor,rice_healthy:954
train/rice_healthy/106001.jpg,rice_healthy,8,train,paddy_doctor,rice_healthy:956
train/rice_healthy/106012.jpg,rice_healthy,8,train,paddy_doctor,rice_healthy:957
train/rice_healthy/106018.jpg,rice_healthy,8,train,paddy_doctor,rice_healthy:775
train/rice_healthy/106020.jpg,rice_healthy,8,train,paddy_doctor,rice_healthy:959
train/rice_healthy/106022.jpg,rice_healthy,8,train,paddy_doctor,rice_healthy:960
train/rice_healthy/106031.jpg,rice_healthy,8,train,paddy_doctor,rice_healthy:962
train/rice_healthy/106032.jpg,rice_healthy,8,train,paddy_doctor,rice_healthy:820
train/rice_healthy/106035.jpg,rice_healthy,8,train,paddy_doctor,rice_healthy:58
train/rice_healthy/106051.jpg,rice_healthy,8,train,paddy_doctor,rice_healthy:629
train/rice_healthy/106065.jpg,rice_healthy,8,train,paddy_doctor,rice_healthy:968
train/rice_healthy/106074.jpg,rice_healthy,8,train,paddy_doctor,rice_healthy:970
train/rice_healthy/106114.jpg,rice_healthy,8,train,paddy_doctor,rice_healthy:973
train/rice_healthy/106136.jpg,rice_healthy,8,train,paddy_doctor,rice_healthy:974
train/rice_healthy/106137.jpg,rice_healthy,8,train,paddy_doctor,rice_healthy:975
train/rice_healthy/106143.jpg,rice_healthy,8,train,paddy_doctor,rice_healthy:218
train/rice_healthy/106149.jpg,rice_healthy,8,train,paddy_doctor,rice_healthy:626
train/rice_healthy/106152.jpg,rice_healthy,8,train,paddy_doctor,rice_healthy:976
train/rice_healthy/106161.jpg,rice_healthy,8,train,paddy_doctor,rice_healthy:978
train/rice_healthy/106177.jpg,rice_healthy,8,train,paddy_doctor,rice_healthy:981
train/rice_healthy/106181.jpg,rice_healthy,8,train,paddy_doctor,rice_healthy:982
train/rice_healthy/106186.jpg,rice_healthy,8,train,paddy_doctor,rice_healthy:626
train/rice_healthy/106187.jpg,rice_healthy,8,train,paddy_doctor,rice_healthy:984
train/rice_healthy/106192.jpg,rice_healthy,8,train,paddy_doctor,rice_healthy:985
train/rice_healthy/106193.jpg,rice_healthy,8,train,paddy_doctor,rice_healthy:986
train/rice_healthy/106194.jpg,rice_healthy,8,train,paddy_doctor,rice_healthy:987
train/rice_healthy/106217.jpg,rice_healthy,8,train,paddy_doctor,rice_healthy:990
train/rice_healthy/106221.jpg,rice_healthy,8,train,paddy_doctor,rice_healthy:992
train/rice_healthy/106224.jpg,rice_healthy,8,train,paddy_doctor,rice_healthy:633
train/rice_healthy/106235.jpg,rice_healthy,8,train,paddy_doctor,rice_healthy:993
train/rice_healthy/106244.jpg,rice_healthy,8,train,paddy_doctor,rice_healthy:994
train/rice_healthy/106250.jpg,rice_healthy,8,train,paddy_doctor,rice_healthy:995
train/rice_healthy/106260.jpg,rice_healthy,8,train,paddy_doctor,rice_healthy:996
train/rice_healthy/106265.jpg,rice_healthy,8,train,paddy_doctor,rice_healthy:146
train/rice_healthy/106274.jpg,rice_healthy,8,train,paddy_doctor,rice_healthy:997
train/rice_healthy/106278.jpg,rice_healthy,8,train,paddy_doctor,rice_healthy:998
train/rice_healthy/106282.jpg,rice_healthy,8,train,paddy_doctor,rice_healthy:999
train/rice_healthy/106297.jpg,rice_healthy,8,train,paddy_doctor,rice_healthy:1002
train/rice_healthy/106298.jpg,rice_healthy,8,train,paddy_doctor,rice_healthy:1003
train/rice_healthy/106308.jpg,rice_healthy,8,train,paddy_doctor,rice_healthy:1005
train/rice_healthy/106311.jpg,rice_healthy,8,train,paddy_doctor,rice_healthy:1006
train/rice_healthy/106327.jpg,rice_healthy,8,train,paddy_doctor,rice_healthy:1008
train/rice_healthy/106328.jpg,rice_healthy,8,train,paddy_doctor,rice_healthy:1009
train/rice_healthy/106330.jpg,rice_healthy,8,train,paddy_doctor,rice_healthy:1010
train/rice_healthy/106333.jpg,rice_healthy,8,train,paddy_doctor,rice_healthy:1012
train/rice_healthy/106335.jpg,rice_healthy,8,train,paddy_doctor,rice_healthy:1013
train/rice_healthy/106363.jpg,rice_healthy,8,train,paddy_doctor,rice_healthy:1014
train/rice_healthy/106366.jpg,rice_healthy,8,train,paddy_doctor,rice_healthy:1015
train/rice_healthy/106371.jpg,rice_healthy,8,train,paddy_doctor,rice_healthy:1016
train/rice_healthy/106374.jpg,rice_healthy,8,train,paddy_doctor,rice_healthy:1017
train/rice_healthy/106377.jpg,rice_healthy,8,train,paddy_doctor,rice_healthy:1019
train/rice_healthy/106385.jpg,rice_healthy,8,train,paddy_doctor,rice_healthy:1020
train/rice_healthy/106393.jpg,rice_healthy,8,train,paddy_doctor,rice_healthy:1023
train/rice_healthy/106401.jpg,rice_healthy,8,train,paddy_doctor,rice_healthy:1025
train/rice_healthy/106402.jpg,rice_healthy,8,train,paddy_doctor,rice_healthy:1026
train/rice_healthy/106410.jpg,rice_healthy,8,train,paddy_doctor,rice_healthy:255
train/rice_healthy/106417.jpg,rice_healthy,8,train,paddy_doctor,rice_healthy:1028
train/rice_healthy/106441.jpg,rice_healthy,8,train,paddy_doctor,rice_healthy:1030
train/rice_healthy/106444.jpg,rice_healthy,8,train,paddy_doctor,rice_healthy:1031
train/rice_healthy/106456.jpg,rice_healthy,8,train,paddy_doctor,rice_healthy:1033
train/rice_healthy/106463.jpg,rice_healthy,8,train,paddy_doctor,rice_healthy:1034
train/rice_healthy/106469.jpg,rice_healthy,8,train,paddy_doctor,rice_healthy:1036
train/rice_healthy/106474.jpg,rice_healthy,8,train,paddy_doctor,rice_healthy:1037
train/rice_healthy/106479.jpg,rice_healthy,8,train,paddy_doctor,rice_healthy:101
train/rice_healthy/106490.jpg,rice_healthy,8,train,paddy_doctor,rice_healthy:1038
train/rice_healthy/106498.jpg,rice_healthy,8,train,paddy_doctor,rice_healthy:1039
train/rice_healthy/106502.jpg,rice_healthy,8,train,paddy_doctor,rice_healthy:1040
train/rice_healthy/106505.jpg,rice_healthy,8,train,paddy_doctor,rice_healthy:1041
train/rice_healthy/106525.jpg,rice_healthy,8,train,paddy_doctor,rice_healthy:1044
train/rice_healthy/106537.jpg,rice_healthy,8,train,paddy_doctor,rice_healthy:1046
train/rice_healthy/106543.jpg,rice_healthy,8,train,paddy_doctor,rice_healthy:1047
train/rice_healthy/106551.jpg,rice_healthy,8,train,paddy_doctor,rice_healthy:1048
train/rice_healthy/106563.jpg,rice_healthy,8,train,paddy_doctor,rice_healthy:1049
train/rice_healthy/106581.jpg,rice_healthy,8,train,paddy_doctor,rice_healthy:1052
train/rice_healthy/106591.jpg,rice_healthy,8,train,paddy_doctor,rice_healthy:1053
train/rice_healthy/106614.jpg,rice_healthy,8,train,paddy_doctor,rice_healthy:1056
train/rice_healthy/106616.jpg,rice_healthy,8,train,paddy_doctor,rice_healthy:954
train/rice_healthy/106618.jpg,rice_healthy,8,train,paddy_doctor,rice_healthy:1057
train/rice_healthy/106628.jpg,rice_healthy,8,train,paddy_doctor,rice_healthy:1060
train/rice_healthy/106632.jpg,rice_healthy,8,train,paddy_doctor,rice_healthy:1061
train/rice_healthy/106658.jpg,rice_healthy,8,train,paddy_doctor,rice_healthy:1064
train/rice_healthy/106659.jpg,rice_healthy,8,train,paddy_doctor,rice_healthy:1065
train/rice_healthy/106662.jpg,rice_healthy,8,train,paddy_doctor,rice_healthy:1066
train/rice_healthy/106683.jpg,rice_healthy,8,train,paddy_doctor,rice_healthy:98
train/rice_healthy/106688.jpg,rice_healthy,8,train,paddy_doctor,rice_healthy:1068
train/rice_healthy/106690.jpg,rice_healthy,8,train,paddy_doctor,rice_healthy:1069
train/rice_healthy/106694.jpg,rice_healthy,8,train,paddy_doctor,rice_healthy:1070
train/rice_healthy/106697.jpg,rice_healthy,8,train,paddy_doctor,rice_healthy:1071
train/rice_healthy/106700.jpg,rice_healthy,8,train,paddy_doctor,rice_healthy:1072
train/rice_healthy/106711.jpg,rice_healthy,8,train,paddy_doctor,rice_healthy:1075
train/rice_healthy/106714.jpg,rice_healthy,8,train,paddy_doctor,rice_healthy:1076
train/rice_healthy/106722.jpg,rice_healthy,8,train,paddy_doctor,rice_healthy:1078
train/rice_healthy/106735.jpg,rice_healthy,8,train,paddy_doctor,rice_healthy:1079
train/rice_healthy/106752.jpg,rice_healthy,8,train,paddy_doctor,rice_healthy:1082
train/rice_healthy/106758.jpg,rice_healthy,8,train,paddy_doctor,rice_healthy:1084
train/rice_healthy/106795.jpg,rice_healthy,8,train,paddy_doctor,rice_healthy:1088
train/rice_healthy/106802.jpg,rice_healthy,8,train,paddy_doctor,rice_healthy:1091
train/rice_healthy/106806.jpg,rice_healthy,8,train,paddy_doctor,rice_healthy:1092
train/rice_healthy/106814.jpg,rice_healthy,8,train,paddy_doctor,rice_healthy:1093
train/rice_healthy/106821.jpg,rice_healthy,8,train,paddy_doctor,rice_healthy:1094
train/rice_healthy/106844.jpg,rice_healthy,8,train,paddy_doctor,rice_healthy:1096
train/rice_healthy/106852.jpg,rice_healthy,8,train,paddy_doctor,rice_healthy:1097
train/rice_healthy/106859.jpg,rice_healthy,8,train,paddy_doctor,rice_healthy:1098
train/rice_healthy/106865.jpg,rice_healthy,8,train,paddy_doctor,rice_healthy:1099
train/rice_healthy/106870.jpg,rice_healthy,8,train,paddy_doctor,rice_healthy:1100
train/rice_healthy/106871.jpg,rice_healthy,8,train,paddy_doctor,rice_healthy:1101
train/rice_healthy/106893.jpg,rice_healthy,8,train,paddy_doctor,rice_healthy:1102
train/rice_healthy/106899.jpg,rice_healthy,8,train,paddy_doctor,rice_healthy:1103
train/rice_healthy/106931.jpg,rice_healthy,8,train,paddy_doctor,rice_healthy:526
train/rice_healthy/106932.jpg,rice_healthy,8,train,paddy_doctor,rice_healthy:1106
train/rice_healthy/106933.jpg,rice_healthy,8,train,paddy_doctor,rice_healthy:1107
train/rice_healthy/106950.jpg,rice_healthy,8,train,paddy_doctor,rice_healthy:1109
train/rice_healthy/106951.jpg,rice_healthy,8,train,paddy_doctor,rice_healthy:270
train/rice_healthy/106953.jpg,rice_healthy,8,train,paddy_doctor,rice_healthy:951
train/rice_healthy/106956.jpg,rice_healthy,8,train,paddy_doctor,rice_healthy:1111
train/rice_healthy/106973.jpg,rice_healthy,8,train,paddy_doctor,rice_healthy:1113
train/rice_healthy/106976.jpg,rice_healthy,8,train,paddy_doctor,rice_healthy:1114
train/rice_healthy/106977.jpg,rice_healthy,8,train,paddy_doctor,rice_healthy:1115
train/rice_healthy/106978.jpg,rice_healthy,8,train,paddy_doctor,rice_healthy:1116
train/rice_healthy/106996.jpg,rice_healthy,8,train,paddy_doctor,rice_healthy:1117
train/rice_healthy/106997.jpg,rice_healthy,8,train,paddy_doctor,rice_healthy:58
train/rice_healthy/107007.jpg,rice_healthy,8,train,paddy_doctor,rice_healthy:1120
train/rice_healthy/107014.jpg,rice_healthy,8,train,paddy_doctor,rice_healthy:1122
train/rice_healthy/107026.jpg,rice_healthy,8,train,paddy_doctor,rice_healthy:217
train/rice_healthy/107028.jpg,rice_healthy,8,train,paddy_doctor,rice_healthy:1123
train/rice_healthy/107030.jpg,rice_healthy,8,train,paddy_doctor,rice_healthy:1125
train/rice_healthy/107045.jpg,rice_healthy,8,train,paddy_doctor,rice_healthy:1128
train/rice_healthy/107050.jpg,rice_healthy,8,train,paddy_doctor,rice_healthy:1129
train/rice_healthy/107053.jpg,rice_healthy,8,train,paddy_doctor,rice_healthy:1130
train/rice_healthy/107054.jpg,rice_healthy,8,train,paddy_doctor,rice_healthy:1131
train/rice_healthy/107056.jpg,rice_healthy,8,train,paddy_doctor,rice_healthy:1132
train/rice_healthy/107059.jpg,rice_healthy,8,train,paddy_doctor,rice_healthy:1134
train/rice_healthy/107066.jpg,rice_healthy,8,train,paddy_doctor,rice_healthy:1136
train/rice_healthy/107068.jpg,rice_healthy,8,train,paddy_doctor,rice_healthy:1137
train/rice_healthy/107098.jpg,rice_healthy,8,train,paddy_doctor,rice_healthy:1138
train/rice_healthy/107115.jpg,rice_healthy,8,train,paddy_doctor,rice_healthy:1139
train/rice_healthy/107116.jpg,rice_healthy,8,train,paddy_doctor,rice_healthy:1140
train/rice_healthy/107120.jpg,rice_healthy,8,train,paddy_doctor,rice_healthy:1141
train/rice_healthy/107121.jpg,rice_healthy,8,train,paddy_doctor,rice_healthy:1142
train/rice_healthy/107122.jpg,rice_healthy,8,train,paddy_doctor,rice_healthy:1143
train/rice_healthy/107145.jpg,rice_healthy,8,train,paddy_doctor,rice_healthy:1146
train/rice_healthy/107152.jpg,rice_healthy,8,train,paddy_doctor,rice_healthy:1005
train/rice_healthy/107159.jpg,rice_healthy,8,train,paddy_doctor,rice_healthy:27
train/rice_healthy/107161.jpg,rice_healthy,8,train,paddy_doctor,rice_healthy:733
train/rice_healthy/107175.jpg,rice_healthy,8,train,paddy_doctor,rice_healthy:256
train/rice_healthy/107190.jpg,rice_healthy,8,train,paddy_doctor,rice_healthy:1149
train/rice_healthy/107234.jpg,rice_healthy,8,train,paddy_doctor,rice_healthy:165
train/rice_healthy/107238.jpg,rice_healthy,8,train,paddy_doctor,rice_healthy:1153
train/rice_healthy/107252.jpg,rice_healthy,8,train,paddy_doctor,rice_healthy:54
train/rice_healthy/107257.jpg,rice_healthy,8,train,paddy_doctor,rice_healthy:826
train/rice_healthy/107263.jpg,rice_healthy,8,train,paddy_doctor,rice_healthy:1156
train/rice_healthy/107273.jpg,rice_healthy,8,train,paddy_doctor,rice_healthy:1158
train/rice_healthy/107280.jpg,rice_healthy,8,train,paddy_doctor,rice_healthy:526
train/rice_healthy/107283.jpg,rice_healthy,8,train,paddy_doctor,rice_healthy:1159
train/rice_healthy/107290.jpg,rice_healthy,8,train,paddy_doctor,rice_healthy:1161
train/rice_healthy/107293.jpg,rice_healthy,8,train,paddy_doctor,rice_healthy:1163
train/rice_healthy/107323.jpg,rice_healthy,8,train,paddy_doctor,rice_healthy:1164
train/rice_healthy/107324.jpg,rice_healthy,8,train,paddy_doctor,rice_healthy:1165
train/rice_healthy/107331.jpg,rice_healthy,8,train,paddy_doctor,rice_healthy:1166
train/rice_healthy/107337.jpg,rice_healthy,8,train,paddy_doctor,rice_healthy:1167
train/rice_healthy/107346.jpg,rice_healthy,8,train,paddy_doctor,rice_healthy:1169
train/rice_healthy/107364.jpg,rice_healthy,8,train,paddy_doctor,rice_healthy:1170
train/rice_healthy/107369.jpg,rice_healthy,8,train,paddy_doctor,rice_healthy:1171
train/rice_healthy/107379.jpg,rice_healthy,8,train,paddy_doctor,rice_healthy:221
train/rice_healthy/107381.jpg,rice_healthy,8,train,paddy_doctor,rice_healthy:1172
train/rice_healthy/107385.jpg,rice_healthy,8,train,paddy_doctor,rice_healthy:424
train/rice_healthy/107386.jpg,rice_healthy,8,train,paddy_doctor,rice_healthy:1174
train/rice_healthy/107389.jpg,rice_healthy,8,train,paddy_doctor,rice_healthy:1175
train/rice_healthy/107392.jpg,rice_healthy,8,train,paddy_doctor,rice_healthy:1176
train/rice_healthy/107402.jpg,rice_healthy,8,train,paddy_doctor,rice_healthy:1177
train/rice_healthy/107405.jpg,rice_healthy,8,train,paddy_doctor,rice_healthy:1178
train/rice_healthy/107418.jpg,rice_healthy,8,train,paddy_doctor,rice_healthy:207
train/rice_healthy/107420.jpg,rice_healthy,8,train,paddy_doctor,rice_healthy:1179
train/rice_healthy/107424.jpg,rice_healthy,8,train,paddy_doctor,rice_healthy:255
train/rice_healthy/107425.jpg,rice_healthy,8,train,paddy_doctor,rice_healthy:1180
train/rice_healthy/107426.jpg,rice_healthy,8,train,paddy_doctor,rice_healthy:1181
train/rice_healthy/107442.jpg,rice_healthy,8,train,paddy_doctor,rice_healthy:1183
train/rice_healthy/107450.jpg,rice_healthy,8,train,paddy_doctor,rice_healthy:255
train/rice_healthy/107458.jpg,rice_healthy,8,train,paddy_doctor,rice_healthy:1185
train/rice_healthy/107460.jpg,rice_healthy,8,train,paddy_doctor,rice_healthy:1186
train/rice_healthy/107475.jpg,rice_healthy,8,train,paddy_doctor,rice_healthy:1187
train/rice_healthy/107476.jpg,rice_healthy,8,train,paddy_doctor,rice_healthy:1188
train/rice_healthy/107480.jpg,rice_healthy,8,train,paddy_doctor,rice_healthy:1189
train/rice_healthy/107482.jpg,rice_healthy,8,train,paddy_doctor,rice_healthy:1190
train/rice_healthy/107487.jpg,rice_healthy,8,train,paddy_doctor,rice_healthy:1191
train/rice_healthy/107491.jpg,rice_healthy,8,train,paddy_doctor,rice_healthy:1192
train/rice_healthy/107501.jpg,rice_healthy,8,train,paddy_doctor,rice_healthy:1194
train/rice_healthy/107527.jpg,rice_healthy,8,train,paddy_doctor,rice_healthy:1198
train/rice_healthy/107536.jpg,rice_healthy,8,train,paddy_doctor,rice_healthy:1200
train/rice_healthy/107551.jpg,rice_healthy,8,train,paddy_doctor,rice_healthy:938
train/rice_healthy/107557.jpg,rice_healthy,8,train,paddy_doctor,rice_healthy:1202
train/rice_healthy/107565.jpg,rice_healthy,8,train,paddy_doctor,rice_healthy:1204
train/rice_healthy/107567.jpg,rice_healthy,8,train,paddy_doctor,rice_healthy:1205
train/rice_healthy/107574.jpg,rice_healthy,8,train,paddy_doctor,rice_healthy:1208
train/rice_healthy/107581.jpg,rice_healthy,8,train,paddy_doctor,rice_healthy:1209
train/rice_healthy/107597.jpg,rice_healthy,8,train,paddy_doctor,rice_healthy:1211
train/rice_healthy/107602.jpg,rice_healthy,8,train,paddy_doctor,rice_healthy:1213
train/rice_healthy/107603.jpg,rice_healthy,8,train,paddy_doctor,rice_healthy:1214
train/rice_healthy/107612.jpg,rice_healthy,8,train,paddy_doctor,rice_healthy:771
train/rice_healthy/107613.jpg,rice_healthy,8,train,paddy_doctor,rice_healthy:1216
train/rice_healthy/107614.jpg,rice_healthy,8,train,paddy_doctor,rice_healthy:1217
train/rice_healthy/107615.jpg,rice_healthy,8,train,paddy_doctor,rice_healthy:1218
train/rice_healthy/107622.jpg,rice_healthy,8,train,paddy_doctor,rice_healthy:1219
train/rice_healthy/107650.jpg,rice_healthy,8,train,paddy_doctor,rice_healthy:1220
train/rice_healthy/107652.jpg,rice_healthy,8,train,paddy_doctor,rice_healthy:1221
train/rice_healthy/107655.jpg,rice_healthy,8,train,paddy_doctor,rice_healthy:1222
train/rice_healthy/107675.jpg,rice_healthy,8,train,paddy_doctor,rice_healthy:847
train/rice_healthy/107681.jpg,rice_healthy,8,train,paddy_doctor,rice_healthy:60
train/rice_healthy/107685.jpg,rice_healthy,8,train,paddy_doctor,rice_healthy:1224
train/rice_healthy/107697.jpg,rice_healthy,8,train,paddy_doctor,rice_healthy:1227
train/rice_healthy/107703.jpg,rice_healthy,8,train,paddy_doctor,rice_healthy:1228
train/rice_healthy/107708.jpg,rice_healthy,8,train,paddy_doctor,rice_healthy:826
train/rice_healthy/107725.jpg,rice_healthy,8,train,paddy_doctor,rice_healthy:1229
train/rice_healthy/107726.jpg,rice_healthy,8,train,paddy_doctor,rice_healthy:1230
train/rice_healthy/107727.jpg,rice_healthy,8,train,paddy_doctor,rice_healthy:1231
train/rice_healthy/107741.jpg,rice_healthy,8,train,paddy_doctor,rice_healthy:1232
train/rice_healthy/107765.jpg,rice_healthy,8,train,paddy_doctor,rice_healthy:1235
train/rice_healthy/107767.jpg,rice_healthy,8,train,paddy_doctor,rice_healthy:1236
train/rice_healthy/107778.jpg,rice_healthy,8,train,paddy_doctor,rice_healthy:515
train/rice_healthy/107797.jpg,rice_healthy,8,train,paddy_doctor,rice_healthy:1238
train/rice_healthy/107800.jpg,rice_healthy,8,train,paddy_doctor,rice_healthy:1239
train/rice_healthy/107838.jpg,rice_healthy,8,train,paddy_doctor,rice_healthy:1243
train/rice_healthy/107851.jpg,rice_healthy,8,train,paddy_doctor,rice_healthy:1244
train/rice_healthy/107856.jpg,rice_healthy,8,train,paddy_doctor,rice_healthy:1245
train/rice_healthy/107861.jpg,rice_healthy,8,train,paddy_doctor,rice_healthy:1246
train/rice_healthy/107867.jpg,rice_healthy,8,train,paddy_doctor,rice_healthy:1247
train/rice_healthy/107872.jpg,rice_healthy,8,train,paddy_doctor,rice_healthy:606
train/rice_healthy/107877.jpg,rice_healthy,8,train,paddy_doctor,rice_healthy:1248
train/rice_healthy/107891.jpg,rice_healthy,8,train,paddy_doctor,rice_healthy:1250
train/rice_healthy/107897.jpg,rice_healthy,8,train,paddy_doctor,rice_healthy:61
train/rice_healthy/107910.jpg,rice_healthy,8,train,paddy_doctor,rice_healthy:1252
train/rice_healthy/107919.jpg,rice_healthy,8,train,paddy_doctor,rice_healthy:1253
train/rice_healthy/107924.jpg,rice_healthy,8,train,paddy_doctor,rice_healthy:340
train/rice_healthy/107926.jpg,rice_healthy,8,train,paddy_doctor,rice_healthy:1254
train/rice_healthy/107942.jpg,rice_healthy,8,train,paddy_doctor,rice_healthy:1256
train/rice_healthy/107954.jpg,rice_healthy,8,train,paddy_doctor,rice_healthy:1258
train/rice_healthy/107960.jpg,rice_healthy,8,train,paddy_doctor,rice_healthy:1259
train/rice_healthy/107977.jpg,rice_healthy,8,train,paddy_doctor,rice_healthy:1261
train/rice_healthy/107987.jpg,rice_healthy,8,train,paddy_doctor,rice_healthy:1262
train/rice_healthy/108008.jpg,rice_healthy,8,train,paddy_doctor,rice_healthy:1263
train/rice_healthy/108012.jpg,rice_healthy,8,train,paddy_doctor,rice_healthy:1265
train/rice_healthy/108013.jpg,rice_healthy,8,train,paddy_doctor,rice_healthy:1266
train/rice_healthy/108015.jpg,rice_healthy,8,train,paddy_doctor,rice_healthy:741
train/rice_healthy/108045.jpg,rice_healthy,8,train,paddy_doctor,rice_healthy:1267
train/rice_healthy/108050.jpg,rice_healthy,8,train,paddy_doctor,rice_healthy:1268
train/rice_healthy/108055.jpg,rice_healthy,8,train,paddy_doctor,rice_healthy:1269
train/rice_healthy/108058.jpg,rice_healthy,8,train,paddy_doctor,rice_healthy:1270
train/rice_healthy/108062.jpg,rice_healthy,8,train,paddy_doctor,rice_healthy:1271
train/rice_healthy/108065.jpg,rice_healthy,8,train,paddy_doctor,rice_healthy:1268
train/rice_healthy/108073.jpg,rice_healthy,8,train,paddy_doctor,rice_healthy:1272
train/rice_healthy/108091.jpg,rice_healthy,8,train,paddy_doctor,rice_healthy:1273
train/rice_healthy/108097.jpg,rice_healthy,8,train,paddy_doctor,rice_healthy:1274
train/rice_healthy/108101.jpg,rice_healthy,8,train,paddy_doctor,rice_healthy:1275
train/rice_healthy/108114.jpg,rice_healthy,8,train,paddy_doctor,rice_healthy:1276
train/rice_healthy/108134.jpg,rice_healthy,8,train,paddy_doctor,rice_healthy:1277
train/rice_healthy/108160.jpg,rice_healthy,8,train,paddy_doctor,rice_healthy:1279
train/rice_healthy/108166.jpg,rice_healthy,8,train,paddy_doctor,rice_healthy:1280
train/rice_healthy/108173.jpg,rice_healthy,8,train,paddy_doctor,rice_healthy:1281
train/rice_healthy/108185.jpg,rice_healthy,8,train,paddy_doctor,rice_healthy:1282
train/rice_healthy/108190.jpg,rice_healthy,8,train,paddy_doctor,rice_healthy:515
train/rice_healthy/108196.jpg,rice_healthy,8,train,paddy_doctor,rice_healthy:1284
train/rice_healthy/108198.jpg,rice_healthy,8,train,paddy_doctor,rice_healthy:1285
train/rice_healthy/108205.jpg,rice_healthy,8,train,paddy_doctor,rice_healthy:1286
train/rice_healthy/108208.jpg,rice_healthy,8,train,paddy_doctor,rice_healthy:1287
train/rice_healthy/108220.jpg,rice_healthy,8,train,paddy_doctor,rice_healthy:1289
train/rice_healthy/108222.jpg,rice_healthy,8,train,paddy_doctor,rice_healthy:1290
train/rice_healthy/108226.jpg,rice_healthy,8,train,paddy_doctor,rice_healthy:1292
train/rice_healthy/108234.jpg,rice_healthy,8,train,paddy_doctor,rice_healthy:1293
train/rice_healthy/108240.jpg,rice_healthy,8,train,paddy_doctor,rice_healthy:1294
train/rice_healthy/108242.jpg,rice_healthy,8,train,paddy_doctor,rice_healthy:1295
train/rice_healthy/108280.jpg,rice_healthy,8,train,paddy_doctor,rice_healthy:1298
train/rice_healthy/108284.jpg,rice_healthy,8,train,paddy_doctor,rice_healthy:1299
train/rice_healthy/108285.jpg,rice_healthy,8,train,paddy_doctor,rice_healthy:784
train/rice_healthy/108289.jpg,rice_healthy,8,train,paddy_doctor,rice_healthy:1300
train/rice_healthy/108299.jpg,rice_healthy,8,train,paddy_doctor,rice_healthy:1301
train/rice_healthy/108313.jpg,rice_healthy,8,train,paddy_doctor,rice_healthy:938
train/rice_healthy/108325.jpg,rice_healthy,8,train,paddy_doctor,rice_healthy:1302
train/rice_healthy/108337.jpg,rice_healthy,8,train,paddy_doctor,rice_healthy:1303
train/rice_healthy/108338.jpg,rice_healthy,8,train,paddy_doctor,rice_healthy:1304
train/rice_healthy/108351.jpg,rice_healthy,8,train,paddy_doctor,rice_healthy:1305
train/rice_healthy/108359.jpg,rice_healthy,8,train,paddy_doctor,rice_healthy:1307
train/rice_healthy/108360.jpg,rice_healthy,8,train,paddy_doctor,rice_healthy:1308
train/rice_healthy/108362.jpg,rice_healthy,8,train,paddy_doctor,rice_healthy:1310
train/rice_healthy/108363.jpg,rice_healthy,8,train,paddy_doctor,rice_healthy:79
train/rice_healthy/108364.jpg,rice_healthy,8,train,paddy_doctor,rice_healthy:1311
train/rice_healthy/108371.jpg,rice_healthy,8,train,paddy_doctor,rice_healthy:1313
train/rice_healthy/108372.jpg,rice_healthy,8,train,paddy_doctor,rice_healthy:1314
train/rice_healthy/108378.jpg,rice_healthy,8,train,paddy_doctor,rice_healthy:1315
train/rice_healthy/108381.jpg,rice_healthy,8,train,paddy_doctor,rice_healthy:1316
train/rice_healthy/108385.jpg,rice_healthy,8,train,paddy_doctor,rice_healthy:1317
train/rice_healthy/108388.jpg,rice_healthy,8,train,paddy_doctor,rice_healthy:1318
train/rice_healthy/108390.jpg,rice_healthy,8,train,paddy_doctor,rice_healthy:1039
train/rice_healthy/108416.jpg,rice_healthy,8,train,paddy_doctor,rice_healthy:1320
train/rice_healthy/108434.jpg,rice_healthy,8,train,paddy_doctor,rice_healthy:153
train/rice_healthy/108438.jpg,rice_healthy,8,train,paddy_doctor,rice_healthy:1323
train/rice_healthy/108440.jpg,rice_healthy,8,train,paddy_doctor,rice_healthy:1324
train/rice_healthy/108442.jpg,rice_healthy,8,train,paddy_doctor,rice_healthy:1325
train/rice_healthy/108444.jpg,rice_healthy,8,train,paddy_doctor,rice_healthy:1326
train/rice_healthy/108462.jpg,rice_healthy,8,train,paddy_doctor,rice_healthy:1091
train/rice_healthy/108471.jpg,rice_healthy,8,train,paddy_doctor,rice_healthy:1330
train/rice_healthy/108478.jpg,rice_healthy,8,train,paddy_doctor,rice_healthy:1331
train/rice_healthy/108484.jpg,rice_healthy,8,train,paddy_doctor,rice_healthy:297
train/rice_healthy/108490.jpg,rice_healthy,8,train,paddy_doctor,rice_healthy:1335
train/rice_healthy/108528.jpg,rice_healthy,8,train,paddy_doctor,rice_healthy:1340
train/rice_healthy/108535.jpg,rice_healthy,8,train,paddy_doctor,rice_healthy:1341
train/rice_healthy/108544.jpg,rice_healthy,8,train,paddy_doctor,rice_healthy:1342
train/rice_healthy/108556.jpg,rice_healthy,8,train,paddy_doctor,rice_healthy:1344
train/rice_healthy/108558.jpg,rice_healthy,8,train,paddy_doctor,rice_healthy:1345
train/rice_healthy/108562.jpg,rice_healthy,8,train,paddy_doctor,rice_healthy:1346
train/rice_healthy/108567.jpg,rice_healthy,8,train,paddy_doctor,rice_healthy:1347
train/rice_healthy/108571.jpg,rice_healthy,8,train,paddy_doctor,rice_healthy:1348
train/rice_healthy/108580.jpg,rice_healthy,8,train,paddy_doctor,rice_healthy:1350
train/rice_healthy/108586.jpg,rice_healthy,8,train,paddy_doctor,rice_healthy:170
train/rice_healthy/108611.jpg,rice_healthy,8,train,paddy_doctor,rice_healthy:1355
train/rice_healthy/108614.jpg,rice_healthy,8,train,paddy_doctor,rice_healthy:1357
train/rice_healthy/108616.jpg,rice_healthy,8,train,paddy_doctor,rice_healthy:1358
train/rice_healthy/108620.jpg,rice_healthy,8,train,paddy_doctor,rice_healthy:1360
train/rice_healthy/108623.jpg,rice_healthy,8,train,paddy_doctor,rice_healthy:1361
train/rice_healthy/108628.jpg,rice_healthy,8,train,paddy_doctor,rice_healthy:722
train/rice_healthy/108629.jpg,rice_healthy,8,train,paddy_doctor,rice_healthy:1362
train/rice_healthy/108630.jpg,rice_healthy,8,train,paddy_doctor,rice_healthy:1363
train/rice_healthy/108634.jpg,rice_healthy,8,train,paddy_doctor,rice_healthy:1364
train/rice_healthy/108652.jpg,rice_healthy,8,train,paddy_doctor,rice_healthy:1366
train/rice_healthy/108654.jpg,rice_healthy,8,train,paddy_doctor,rice_healthy:1367
train/rice_healthy/108657.jpg,rice_healthy,8,train,paddy_doctor,rice_healthy:1369
train/rice_healthy/108662.jpg,rice_healthy,8,train,paddy_doctor,rice_healthy:1370
train/rice_healthy/108665.jpg,rice_healthy,8,train,paddy_doctor,rice_healthy:1371
train/rice_healthy/108667.jpg,rice_healthy,8,train,paddy_doctor,rice_healthy:1372
train/rice_healthy/108672.jpg,rice_healthy,8,train,paddy_doctor,rice_healthy:1374
train/rice_healthy/108676.jpg,rice_healthy,8,train,paddy_doctor,rice_healthy:1375
train/rice_healthy/108688.jpg,rice_healthy,8,train,paddy_doctor,rice_healthy:1376
train/rice_healthy/108693.jpg,rice_healthy,8,train,paddy_doctor,rice_healthy:1377
train/rice_healthy/108709.jpg,rice_healthy,8,train,paddy_doctor,rice_healthy:1380
train/rice_healthy/108714.jpg,rice_healthy,8,train,paddy_doctor,rice_healthy:298
train/rice_healthy/108717.jpg,rice_healthy,8,train,paddy_doctor,rice_healthy:1381
train/rice_healthy/108726.jpg,rice_healthy,8,train,paddy_doctor,rice_healthy:1382
train/rice_healthy/108727.jpg,rice_healthy,8,train,paddy_doctor,rice_healthy:1383
train/rice_healthy/108737.jpg,rice_healthy,8,train,paddy_doctor,rice_healthy:1386
train/rice_healthy/108746.jpg,rice_healthy,8,train,paddy_doctor,rice_healthy:1388
train/rice_healthy/108769.jpg,rice_healthy,8,train,paddy_doctor,rice_healthy:1390
train/rice_healthy/108774.jpg,rice_healthy,8,train,paddy_doctor,rice_healthy:1002
train/rice_healthy/108779.jpg,rice_healthy,8,train,paddy_doctor,rice_healthy:1391
train/rice_healthy/108810.jpg,rice_healthy,8,train,paddy_doctor,rice_healthy:51
train/rice_healthy/108812.jpg,rice_healthy,8,train,paddy_doctor,rice_healthy:1394
train/rice_healthy/108839.jpg,rice_healthy,8,train,paddy_doctor,rice_healthy:1397
train/rice_healthy/108841.jpg,rice_healthy,8,train,paddy_doctor,rice_healthy:1398
train/rice_healthy/108842.jpg,rice_healthy,8,train,paddy_doctor,rice_healthy:1399
train/rice_healthy/108850.jpg,rice_healthy,8,train,paddy_doctor,rice_healthy:1400
train/rice_healthy/108857.jpg,rice_healthy,8,train,paddy_doctor,rice_healthy:547
train/rice_healthy/108872.jpg,rice_healthy,8,train,paddy_doctor,rice_healthy:1403
train/rice_healthy/108875.jpg,rice_healthy,8,train,paddy_doctor,rice_healthy:1404
train/rice_healthy/108882.jpg,rice_healthy,8,train,paddy_doctor,rice_healthy:1406
train/rice_healthy/108889.jpg,rice_healthy,8,train,paddy_doctor,rice_healthy:1408
train/rice_healthy/108903.jpg,rice_healthy,8,train,paddy_doctor,rice_healthy:1410
train/rice_healthy/108910.jpg,rice_healthy,8,train,paddy_doctor,rice_healthy:1411
train/rice_healthy/108913.jpg,rice_healthy,8,train,paddy_doctor,rice_healthy:1412
train/rice_healthy/108919.jpg,rice_healthy,8,train,paddy_doctor,rice_healthy:1413
train/rice_healthy/108936.jpg,rice_healthy,8,train,paddy_doctor,rice_healthy:1416
train/rice_healthy/108939.jpg,rice_healthy,8,train,paddy_doctor,rice_healthy:1418
train/rice_healthy/108949.jpg,rice_healthy,8,train,paddy_doctor,rice_healthy:1419
train/rice_healthy/108981.jpg,rice_healthy,8,train,paddy_doctor,rice_healthy:1422
train/rice_healthy/109003.jpg,rice_healthy,8,train,paddy_doctor,rice_healthy:1424
train/rice_healthy/109005.jpg,rice_healthy,8,train,paddy_doctor,rice_healthy:1425
train/rice_healthy/109009.jpg,rice_healthy,8,train,paddy_doctor,rice_healthy:1426
train/rice_healthy/109020.jpg,rice_healthy,8,train,paddy_doctor,rice_healthy:1427
train/rice_healthy/109037.jpg,rice_healthy,8,train,paddy_doctor,rice_healthy:956
train/rice_healthy/109041.jpg,rice_healthy,8,train,paddy_doctor,rice_healthy:19
train/rice_healthy/109043.jpg,rice_healthy,8,train,paddy_doctor,rice_healthy:1429
train/rice_healthy/109050.jpg,rice_healthy,8,train,paddy_doctor,rice_healthy:208
train/rice_healthy/109054.jpg,rice_healthy,8,train,paddy_doctor,rice_healthy:1431
train/rice_healthy/109087.jpg,rice_healthy,8,train,paddy_doctor,rice_healthy:1436
train/rice_healthy/109089.jpg,rice_healthy,8,train,paddy_doctor,rice_healthy:1376
train/rice_healthy/109092.jpg,rice_healthy,8,train,paddy_doctor,rice_healthy:1437
train/rice_healthy/109096.jpg,rice_healthy,8,train,paddy_doctor,rice_healthy:1439
train/rice_healthy/109100.jpg,rice_healthy,8,train,paddy_doctor,rice_healthy:1440
train/rice_healthy/109116.jpg,rice_healthy,8,train,paddy_doctor,rice_healthy:1441
train/rice_healthy/109117.jpg,rice_healthy,8,train,paddy_doctor,rice_healthy:1442
train/rice_healthy/109139.jpg,rice_healthy,8,train,paddy_doctor,rice_healthy:970
train/rice_healthy/109140.jpg,rice_healthy,8,train,paddy_doctor,rice_healthy:1443
train/rice_healthy/109156.jpg,rice_healthy,8,train,paddy_doctor,rice_healthy:251
train/rice_healthy/109157.jpg,rice_healthy,8,train,paddy_doctor,rice_healthy:1446
train/rice_healthy/109166.jpg,rice_healthy,8,train,paddy_doctor,rice_healthy:1448
train/rice_healthy/109175.jpg,rice_healthy,8,train,paddy_doctor,rice_healthy:1449
train/rice_healthy/109176.jpg,rice_healthy,8,train,paddy_doctor,rice_healthy:1450
train/rice_healthy/109178.jpg,rice_healthy,8,train,paddy_doctor,rice_healthy:270
train/rice_healthy/109197.jpg,rice_healthy,8,train,paddy_doctor,rice_healthy:1453
train/rice_healthy/109206.jpg,rice_healthy,8,train,paddy_doctor,rice_healthy:1454
train/rice_healthy/109226.jpg,rice_healthy,8,train,paddy_doctor,rice_healthy:1455
train/rice_healthy/109250.jpg,rice_healthy,8,train,paddy_doctor,rice_healthy:1458
train/rice_healthy/109292.jpg,rice_healthy,8,train,paddy_doctor,rice_healthy:1047
train/rice_healthy/109301.jpg,rice_healthy,8,train,paddy_doctor,rice_healthy:1462
train/rice_healthy/109317.jpg,rice_healthy,8,train,paddy_doctor,rice_healthy:1464
train/rice_healthy/109325.jpg,rice_healthy,8,train,paddy_doctor,rice_healthy:1466
train/rice_healthy/109327.jpg,rice_healthy,8,train,paddy_doctor,rice_healthy:1467
train/rice_healthy/109330.jpg,rice_healthy,8,train,paddy_doctor,rice_healthy:1469
train/rice_healthy/109333.jpg,rice_healthy,8,train,paddy_doctor,rice_healthy:1470
train/rice_healthy/109336.jpg,rice_healthy,8,train,paddy_doctor,rice_healthy:879
train/rice_healthy/109348.jpg,rice_healthy,8,train,paddy_doctor,rice_healthy:1472
train/rice_healthy/109352.jpg,rice_healthy,8,train,paddy_doctor,rice_healthy:1473
train/rice_healthy/109355.jpg,rice_healthy,8,train,paddy_doctor,rice_healthy:1475
train/rice_healthy/109365.jpg,rice_healthy,8,train,paddy_doctor,rice_healthy:1479
train/rice_healthy/109377.jpg,rice_healthy,8,train,paddy_doctor,rice_healthy:1480
train/rice_healthy/109383.jpg,rice_healthy,8,train,paddy_doctor,rice_healthy:1481
train/rice_healthy/109386.jpg,rice_healthy,8,train,paddy_doctor,rice_healthy:1482
train/rice_healthy/109393.jpg,rice_healthy,8,train,paddy_doctor,rice_healthy:1345
train/rice_healthy/109403.jpg,rice_healthy,8,train,paddy_doctor,rice_healthy:1483
train/rice_healthy/109416.jpg,rice_healthy,8,train,paddy_doctor,rice_healthy:1484
train/rice_healthy/109418.jpg,rice_healthy,8,train,paddy_doctor,rice_healthy:1485
train/rice_healthy/109442.jpg,rice_healthy,8,train,paddy_doctor,rice_healthy:1489
train/rice_healthy/109444.jpg,rice_healthy,8,train,paddy_doctor,rice_healthy:1490
train/rice_healthy/109478.jpg,rice_healthy,8,train,paddy_doctor,rice_healthy:1495
train/rice_healthy/109480.jpg,rice_healthy,8,train,paddy_doctor,rice_healthy:797
train/rice_healthy/109485.jpg,rice_healthy,8,train,paddy_doctor,rice_healthy:1497
train/rice_healthy/109493.jpg,rice_healthy,8,train,paddy_doctor,rice_healthy:1498
train/rice_healthy/109502.jpg,rice_healthy,8,train,paddy_doctor,rice_healthy:1500
train/rice_healthy/109503.jpg,rice_healthy,8,train,paddy_doctor,rice_healthy:1501
train/rice_healthy/109521.jpg,rice_healthy,8,train,paddy_doctor,rice_healthy:1502
train/rice_healthy/109580.jpg,rice_healthy,8,train,paddy_doctor,rice_healthy:1252
train/rice_healthy/109583.jpg,rice_healthy,8,train,paddy_doctor,rice_healthy:1505
train/rice_healthy/109584.jpg,rice_healthy,8,train,paddy_doctor,rice_healthy:1506
train/rice_healthy/109605.jpg,rice_healthy,8,train,paddy_doctor,rice_healthy:1508
train/rice_healthy/109612.jpg,rice_healthy,8,train,paddy_doctor,rice_healthy:1006
train/rice_healthy/109615.jpg,rice_healthy,8,train,paddy_doctor,rice_healthy:1511
train/rice_healthy/109622.jpg,rice_healthy,8,train,paddy_doctor,rice_healthy:1038
train/rice_healthy/109628.jpg,rice_healthy,8,train,paddy_doctor,rice_healthy:1513
train/rice_healthy/109634.jpg,rice_healthy,8,train,paddy_doctor,rice_healthy:465
train/rice_healthy/109637.jpg,rice_healthy,8,train,paddy_doctor,rice_healthy:1514
train/rice_healthy/109638.jpg,rice_healthy,8,train,paddy_doctor,rice_healthy:1515
train/rice_healthy/109642.jpg,rice_healthy,8,train,paddy_doctor,rice_healthy:1516
train/rice_healthy/109647.jpg,rice_healthy,8,train,paddy_doctor,rice_healthy:1517
train/rice_healthy/109650.jpg,rice_healthy,8,train,paddy_doctor,rice_healthy:1518
train/rice_healthy/109663.jpg,rice_healthy,8,train,paddy_doctor,rice_healthy:1520
train/rice_healthy/109668.jpg,rice_healthy,8,train,paddy_doctor,rice_healthy:1521
train/rice_healthy/109671.jpg,rice_healthy,8,train,paddy_doctor,rice_healthy:1522
train/rice_healthy/109675.jpg,rice_healthy,8,train,paddy_doctor,rice_healthy:1523
train/rice_healthy/109684.jpg,rice_healthy,8,train,paddy_doctor,rice_healthy:1524
train/rice_healthy/109704.jpg,rice_healthy,8,train,paddy_doctor,rice_healthy:1526
train/rice_healthy/109714.jpg,rice_healthy,8,train,paddy_doctor,rice_healthy:1527
train/rice_healthy/109760.jpg,rice_healthy,8,train,paddy_doctor,rice_healthy:1529
train/rice_healthy/109776.jpg,rice_healthy,8,train,paddy_doctor,rice_healthy:1530
train/rice_healthy/109792.jpg,rice_healthy,8,train,paddy_doctor,rice_healthy:1505
train/rice_healthy/109805.jpg,rice_healthy,8,train,paddy_doctor,rice_healthy:1015
train/rice_healthy/109811.jpg,rice_healthy,8,train,paddy_doctor,rice_healthy:1532
train/rice_healthy/109813.jpg,rice_healthy,8,train,paddy_doctor,rice_healthy:1533
train/rice_healthy/109821.jpg,rice_healthy,8,train,paddy_doctor,rice_healthy:1536
train/rice_healthy/109829.jpg,rice_healthy,8,train,paddy_doctor,rice_healthy:1537
train/rice_healthy/109833.jpg,rice_healthy,8,train,paddy_doctor,rice_healthy:1538
train/rice_healthy/109836.jpg,rice_healthy,8,train,paddy_doctor,rice_healthy:1539
train/rice_healthy/109839.jpg,rice_healthy,8,train,paddy_doctor,rice_healthy:1540
train/rice_healthy/109842.jpg,rice_healthy,8,train,paddy_doctor,rice_healthy:1495
train/rice_healthy/109850.jpg,rice_healthy,8,train,paddy_doctor,rice_healthy:1542
train/rice_healthy/109852.jpg,rice_healthy,8,train,paddy_doctor,rice_healthy:1543
train/rice_healthy/109856.jpg,rice_healthy,8,train,paddy_doctor,rice_healthy:1544
train/rice_healthy/109869.jpg,rice_healthy,8,train,paddy_doctor,rice_healthy:287
train/rice_healthy/109871.jpg,rice_healthy,8,train,paddy_doctor,rice_healthy:165
train/rice_healthy/109879.jpg,rice_healthy,8,train,paddy_doctor,rice_healthy:1547
train/rice_healthy/109880.jpg,rice_healthy,8,train,paddy_doctor,rice_healthy:1548
train/rice_healthy/109882.jpg,rice_healthy,8,train,paddy_doctor,rice_healthy:1549
train/rice_healthy/109891.jpg,rice_healthy,8,train,paddy_doctor,rice_healthy:1550
train/rice_healthy/109896.jpg,rice_healthy,8,train,paddy_doctor,rice_healthy:1551
train/rice_healthy/109915.jpg,rice_healthy,8,train,paddy_doctor,rice_healthy:1553
train/rice_healthy/109947.jpg,rice_healthy,8,train,paddy_doctor,rice_healthy:1556
train/rice_healthy/109957.jpg,rice_healthy,8,train,paddy_doctor,rice_healthy:526
train/rice_healthy/109969.jpg,rice_healthy,8,train,paddy_doctor,rice_healthy:1560
train/rice_healthy/109984.jpg,rice_healthy,8,train,paddy_doctor,rice_healthy:99
train/rice_healthy/109990.jpg,rice_healthy,8,train,paddy_doctor,rice_healthy:1563
train/rice_healthy/109999.jpg,rice_healthy,8,train,paddy_doctor,rice_healthy:1566
train/rice_healthy/110001.jpg,rice_healthy,8,train,paddy_doctor,rice_healthy:1567
train/rice_healthy/110012.jpg,rice_healthy,8,train,paddy_doctor,rice_healthy:1569
train/rice_healthy/110013.jpg,rice_healthy,8,train,paddy_doctor,rice_healthy:329
train/rice_healthy/110014.jpg,rice_healthy,8,train,paddy_doctor,rice_healthy:1570
train/rice_healthy/110017.jpg,rice_healthy,8,train,paddy_doctor,rice_healthy:455
train/rice_healthy/110028.jpg,rice_healthy,8,train,paddy_doctor,rice_healthy:1571
train/rice_healthy/110030.jpg,rice_healthy,8,train,paddy_doctor,rice_healthy:1572
train/rice_healthy/110048.jpg,rice_healthy,8,train,paddy_doctor,rice_healthy:1574
train/rice_healthy/110050.jpg,rice_healthy,8,train,paddy_doctor,rice_healthy:1084
train/rice_healthy/110064.jpg,rice_healthy,8,train,paddy_doctor,rice_healthy:1575
train/rice_healthy/110077.jpg,rice_healthy,8,train,paddy_doctor,rice_healthy:1577
train/rice_healthy/110082.jpg,rice_healthy,8,train,paddy_doctor,rice_healthy:1578
train/rice_healthy/110116.jpg,rice_healthy,8,train,paddy_doctor,rice_healthy:1579
train/rice_healthy/110130.jpg,rice_healthy,8,train,paddy_doctor,rice_healthy:1581
train/rice_healthy/110131.jpg,rice_healthy,8,train,paddy_doctor,rice_healthy:1582
train/rice_healthy/110132.jpg,rice_healthy,8,train,paddy_doctor,rice_healthy:780
train/rice_healthy/110136.jpg,rice_healthy,8,train,paddy_doctor,rice_healthy:165
train/rice_healthy/110142.jpg,rice_healthy,8,train,paddy_doctor,rice_healthy:727
train/rice_healthy/110152.jpg,rice_healthy,8,train,paddy_doctor,rice_healthy:127
train/rice_healthy/110155.jpg,rice_healthy,8,train,paddy_doctor,rice_healthy:1586
train/rice_healthy/110165.jpg,rice_healthy,8,train,paddy_doctor,rice_healthy:1587
train/rice_healthy/110169.jpg,rice_healthy,8,train,paddy_doctor,rice_healthy:1588
train/rice_healthy/110171.jpg,rice_healthy,8,train,paddy_doctor,rice_healthy:309
train/rice_healthy/110180.jpg,rice_healthy,8,train,paddy_doctor,rice_healthy:1116
train/rice_healthy/110187.jpg,rice_healthy,8,train,paddy_doctor,rice_healthy:1589
train/rice_healthy/110197.jpg,rice_healthy,8,train,paddy_doctor,rice_healthy:1590
train/rice_healthy/110227.jpg,rice_healthy,8,train,paddy_doctor,rice_healthy:1591
train/rice_healthy/110236.jpg,rice_healthy,8,train,paddy_doctor,rice_healthy:1592
train/rice_healthy/110237.jpg,rice_healthy,8,train,paddy_doctor,rice_healthy:1593
train/rice_healthy/110246.jpg,rice_healthy,8,train,paddy_doctor,rice_healthy:1594
train/rice_healthy/110250.jpg,rice_healthy,8,train,paddy_doctor,rice_healthy:1597
train/rice_healthy/110255.jpg,rice_healthy,8,train,paddy_doctor,rice_healthy:1599
train/rice_healthy/110265.jpg,rice_healthy,8,train,paddy_doctor,rice_healthy:1600
train/rice_healthy/110275.jpg,rice_healthy,8,train,paddy_doctor,rice_healthy:1601
train/rice_healthy/110286.jpg,rice_healthy,8,train,paddy_doctor,rice_healthy:1603
train/rice_healthy/110287.jpg,rice_healthy,8,train,paddy_doctor,rice_healthy:1604
train/rice_healthy/110294.jpg,rice_healthy,8,train,paddy_doctor,rice_healthy:1606
train/rice_healthy/110310.jpg,rice_healthy,8,train,paddy_doctor,rice_healthy:1608
train/rice_healthy/110313.jpg,rice_healthy,8,train,paddy_doctor,rice_healthy:744
train/rice_healthy/110327.jpg,rice_healthy,8,train,paddy_doctor,rice_healthy:1610
train/rice_healthy/110330.jpg,rice_healthy,8,train,paddy_doctor,rice_healthy:495
train/rice_healthy/110335.jpg,rice_healthy,8,train,paddy_doctor,rice_healthy:1611
train/rice_healthy/110338.jpg,rice_healthy,8,train,paddy_doctor,rice_healthy:1612
train/rice_healthy/110341.jpg,rice_healthy,8,train,paddy_doctor,rice_healthy:1613
train/rice_healthy/110347.jpg,rice_healthy,8,train,paddy_doctor,rice_healthy:1614
train/rice_healthy/110348.jpg,rice_healthy,8,train,paddy_doctor,rice_healthy:1615
train/rice_healthy/110349.jpg,rice_healthy,8,train,paddy_doctor,rice_healthy:1616
train/rice_healthy/110350.jpg,rice_healthy,8,train,paddy_doctor,rice_healthy:1617
train/rice_healthy/110359.jpg,rice_healthy,8,train,paddy_doctor,rice_healthy:1620
train/rice_healthy/110372.jpg,rice_healthy,8,train,paddy_doctor,rice_healthy:1621
train/rice_healthy/110386.jpg,rice_healthy,8,train,paddy_doctor,rice_healthy:1622
train/rice_healthy/110404.jpg,rice_healthy,8,train,paddy_doctor,rice_healthy:1623
train/tomato_early_blight/0034a551-9512-44e5-ba6c-827f85ecc688___RS_Erly.B 9432.jpg,tomato_early_blight,9,train,plantvillage,tomato_early_blight:0
train/tomato_early_blight/00e7c4b2-3005-4558-9cfa-235e356cb7a8___RS_Erly.B 7844.jpg,tomato_early_blight,9,train,plantvillage,tomato_early_blight:1
train/tomato_early_blight/011aa278-a39e-40b0-b6e4-2e2f835889f0___RS_Erly.B 8251.jpg,tomato_early_blight,9,train,plantvillage,tomato_early_blight:2
train/tomato_early_blight/079e0d43-e9d2-4217-b8e8-2f3b989cdab2___RS_Erly.B 7588.jpg,tomato_early_blight,9,train,plantvillage,tomato_early_blight:6
train/tomato_early_blight/0bb52721-51a6-4343-8c54-de15cedf8e5c___RS_Erly.B 7572.jpg,tomato_early_blight,9,train,plantvillage,tomato_early_blight:8
train/tomato_early_blight/0bed4d68-b82c-4e96-bbfe-e0fc10df01aa___RS_Erly.B 8301.jpg,tomato_early_blight,9,train,plantvillage,tomato_early_blight:9
train/tomato_early_blight/0e03c87e-b43f-4cfe-a837-71306c68f4c0___RS_Erly.B 7733.jpg,tomato_early_blight,9,train,plantvillage,tomato_early_blight:10
train/tomato_early_blight/0e39c18a-9e04-4f6b-b557-dc0e944d22e5___RS_Erly.B 9501.jpg,tomato_early_blight,9,train,plantvillage,tomato_early_blight:11
train/tomato_early_blight/0ecc2ee7-fb66-41fa-a23b-9bdeaf31078a___RS_Erly.B 6381.jpg,tomato_early_blight,9,train,plantvillage,tomato_early_blight:12
train/tomato_early_blight/0f12e22b-49a9-4d9a-84bc-76bb86ed2a14___RS_Erly.B 9572.jpg,tomato_early_blight,9,train,plantvillage,tomato_early_blight:13
train/tomato_early_blight/0f4e562d-77ee-47c2-8ee9-34b391bc0fc3___RS_Erly.B 9434.jpg,tomato_early_blight,9,train,plantvillage,tomato_early_blight:14
train/tomato_early_blight/10e7dcfd-2cbc-4623-ba9f-94f0e2e4fe13___RS_Erly.B 7648.jpg,tomato_early_blight,9,train,plantvillage,tomato_early_blight:17
train/tomato_early_blight/164f6427-eeed-42da-bb51-ec07a57840dc___RS_Erly.B 9372.jpg,tomato_early_blight,9,train,plantvillage,tomato_early_blight:18
train/tomato_early_blight/1ba88993-c3f8-462d-bd1b-e10819b9c96f___RS_Erly.B 8396.jpg,tomato_early_blight,9,train,plantvillage,tomato_early_blight:19
train/tomato_early_blight/1c29bc72-967e-46df-844b-467c95b298a3___RS_Erly.B 9549.jpg,tomato_early_blight,9,train,plantvillage,tomato_early_blight:20
train/tomato_early_blight/1d3d164e-43a9-4e0a-9e4f-9c9abab64d88___RS_Erly.B 7824.jpg,tomato_early_blight,9,train,plantvillage,tomato_early_blight:22
train/tomato_early_blight/1f402ddb-f3e8-4907-a793-320c8e43446a___RS_Erly.B 9460.jpg,tomato_early_blight,9,train,plantvillage,tomato_early_blight:25
train/tomato_early_blight/2165f0a3-1265-491d-ad8a-e53102a87e9b___RS_Erly.B 9376.jpg,tomato_early_blight,9,train,plantvillage,tomato_early_blight:27
train/tomato_early_blight/21f9a0a5-b145-40e7-8884-df2bb52eb592___RS_Erly.B 7391.jpg,tomato_early_blight,9,train,plantvillage,tomato_early_blight:28
train/tomato_early_blight/22742bf8-7e7f-41cc-bf74-5fe80d6cf0cd___RS_Erly.B 6370.jpg,tomato_early_blight,9,train,plantvillage,tomato_early_blight:29
train/tomato_early_blight/248f220e-56ac-43f1-8f17-641ed4637138___RS_Erly.B 7802.jpg,tomato_early_blight,9,train,plantvillage,tomato_early_blight:31
train/tomato_early_blight/265940d8-b4e9-446f-b977-3cbd9ee4f789___RS_Erly.B 9595.jpg,tomato_early_blight,9,train,plantvillage,tomato_early_blight:34
train/tomato_early_blight/2ef629c7-3366-41b5-a1b7-0e3bcb3ac28c___RS_Erly.B 9395.jpg,tomato_early_blight,9,train,plantvillage,tomato_early_blight:36
train/tomato_early_blight/30480c06-fc07-47f2-8059-51d08240aad8___RS_Erly.B 9528.jpg,tomato_early_blight,9,train,plantvillage,tomato_early_blight:37
train/tomato_early_blight/34044338-c693-4604-8764-35eaece11e56___RS_Erly.B 9483.jpg,tomato_early_blight,9,train,plantvillage,tomato_early_blight:38
train/tomato_early_blight/345b59b4-87fd-43a2-9783-fed3e492c4d7___RS_Erly.B 7402.jpg,tomato_early_blight,9,train,plantvillage,tomato_early_blight:39
train/tomato_early_blight/347120f8-e92d-43f7-9ace-196890cec04d___RS_Erly.B 9421.jpg,tomato_early_blight,9,train,plantvillage,tomato_early_blight:40
train/tomato_early_blight/375a4113-c296-4b3a-897b-da6f4ac660dc___RS_Erly.B 6408.jpg,tomato_early_blight,9,train,plantvillage,tomato_early_blight:41
train/tomato_early_blight/398d72f7-db26-4138-9364-eb506f9495f4___RS_Erly.B 9450.jpg,tomato_early_blight,9,train,plantvillage,tomato_early_blight:42
train/tomato_early_blight/39da27eb-fde9-474b-bf0a-1374901ed82b___RS_Erly.B 7394.jpg,tomato_early_blight,9,train,plantvillage,tomato_early_blight:43
train/tomato_early_blight/3b1caf5d-9b90-4adc-bde6-8a16af479f0a___RS_Erly.B 8270.jpg,tomato_early_blight,9,train,plantvillage,tomato_early_blight:45
train/tomato_early_blight/3b3193c5-e717-4b40-b450-7ee5c6e22d1a___RS_Erly.B 9382.jpg,tomato_early_blight,9,train,plantvillage,tomato_early_blight:46
train/tomato_early_blight/3f35dad7-734b-46ee-8193-09fd3c8562ff___RS_Erly.B 7600.jpg,tomato_early_blight,9,train,plantvillage,tomato_early_blight:48
train/tomato_early_blight/3fa32b26-e7bb-493e-b7c2-c40e3f3df380___RS_Erly.B 9546.jpg,tomato_early_blight,9,train,plantvillage,tomato_early_blight:49
train/tomato_early_blight/4283992b-ab8a-41aa-baeb-17a5b0f75af1___RS_Erly.B 7621.jpg,tomato_early_blight,9,train,plantvillage,tomato_early_blight:51
train/tomato_early_blight/468a0f48-b0c4-4969-9f21-826cb3ae3f61___RS_Erly.B 7725.jpg,tomato_early_blight,9,train,plantvillage,tomato_early_blight:52
train/tomato_early_blight/48160d05-d3e5-44bb-810e-18d08407b529___RS_Erly.B 9606.jpg,tomato_early_blight,9,train,plantvillage,tomato_early_blight:54
train/tomato_early_blight/4c1481fd-12fa-4729-9de6-35c7fae918a5___RS_Erly.B 7430.jpg,tomato_early_blight,9,train,plantvillage,tomato_early_blight:56
train/tomato_early_blight/4e3f49fc-2ff8-4d00-979d-3c15f4d90db8___RS_Erly.B 7708.jpg,tomato_early_blight,9,train,plantvillage,tomato_early_blight:58
train/tomato_early_blight/4eccde8f-4b47-4e5e-b0aa-9eaa67b20126___RS_Erly.B 8417.jpg,tomato_early_blight,9,train,plantvillage,tomato_early_blight:59
train/tomato_early_blight/4ee9cff7-9693-4d51-821b-da31e5df240c___RS_Erly.B 7427.jpg,tomato_early_blight,9,train,plantvillage,tomato_early_blight:60
train/tomato_early_blight/506f85e7-6f27-40e2-bb9c-5ddb6f35a787___RS_Erly.B 8406.jpg,tomato_early_blight,9,train,plantvillage,tomato_early_blight:61
train/tomato_early_blight/51764eb9-fb8b-4c8a-9c30-3b474d659751___RS_Erly.B 7529.jpg,tomato_early_blight,9,train,plantvillage,tomato_early_blight:62
train/tomato_early_blight/52232f20-1d2d-4545-9a5c-76ed0f608bd2___RS_Erly.B 6445.jpg,tomato_early_blight,9,train,plantvillage,tomato_early_blight:64
train/tomato_early_blight/53bb67c4-0fef-4f13-b4a3-206d06155ffc___RS_Erly.B 6434.jpg,tomato_early_blight,9,train,plantvillage,tomato_early_blight:65
train/tomato_early_blight/553d53a5-19f3-433e-9805-d3bf5a3804b1___RS_Erly.B 7580.jpg,tomato_early_blight,9,train,plantvillage,tomato_early_blight:66
train/tomato_early_blight/55d4f7b2-17d3-4987-92fe-6aff1a8c4f3a___RS_Erly.B 7558.jpg,tomato_early_blight,9,train,plantvillage,tomato_early_blight:67
train/tomato_early_blight/58268d35-a896-406d-9686-5f2f2b9a5b10___RS_Erly.B 7433.jpg,tomato_early_blight,9,train,plantvillage,tomato_early_blight:68
train/tomato_early_blight/5870b25f-914c-4dae-aaf5-88d48cb90803___RS_Erly.B 7774.jpg,tomato_early_blight,9,train,plantvillage,tomato_early_blight:69
train/tomato_early_blight/5ba2c9ec-1d6f-4870-933d-6c9d05833d47___RS_Erly.B 6337.jpg,tomato_early_blight,9,train,plantvillage,tomato_early_blight:71
train/tomato_early_blight/5d0f4647-6f88-4c84-bacf-d6bc4d469c4d___RS_Erly.B 8411.jpg,tomato_early_blight,9,train,plantvillage,tomato_early_blight:72
train/tomato_early_blight/5d998134-578b-481e-9b88-df0134eb567b___RS_Erly.B 7626.jpg,tomato_early_blight,9,train,plantvillage,tomato_early_blight:73
train/tomato_early_blight/5fc7639c-d04d-40bc-bbd3-68bf11183ed9___RS_Erly.B 7745.jpg,tomato_early_blight,9,train,plantvillage,tomato_early_blight:74
train/tomato_early_blight/603c6233-8cc0-4bb7-97f3-0e5db1614c63___RS_Erly.B 9398.jpg,tomato_early_blight,9,train,plantvillage,tomato_early_blight:75
train/tomato_early_blight/64d0749a-a83f-41da-a321-b03d61167454___RS_Erly.B 7846.jpg,tomato_early_blight,9,train,plantvillage,tomato_early_blight:79
train/tomato_early_blight/669eda4d-aa2e-4d84-9146-c96b047eb70e___RS_Erly.B 6369.jpg,tomato_early_blight,9,train,plantvillage,tomato_early_blight:80
train/tomato_early_blight/66c98dd1-2790-4977-91ee-1b10ca8c687b___RS_Erly.B 8418.jpg,tomato_early_blight,9,train,plantvillage,tomato_early_blight:81
train/tomato_early_blight/676eb874-87e8-4f5d-bd38-013799c31996___RS_Erly.B 6458.jpg,tomato_early_blight,9,train,plantvillage,tomato_early_blight:82
train/tomato_early_blight/6a6f1594-62fa-487a-a51f-38b86e7483cf___RS_Erly.B 6360.jpg,tomato_early_blight,9,train,plantvillage,tomato_early_blight:85
train/tomato_early_blight/6b52f204-547d-47aa-926c-b9508a5e6cbc___RS_Erly.B 7434.jpg,tomato_early_blight,9,train,plantvillage,tomato_early_blight:86
train/tomato_early_blight/6b9b4ddb-9ac0-4da5-9176-24c325bd6037___RS_Erly.B 7392.jpg,tomato_early_blight,9,train,plantvillage,tomato_early_blight:87
train/tomato_early_blight/6c3feee9-23a8-46c4-8ded-5b0ef2e49ff5___RS_Erly.B 9370.jpg,tomato_early_blight,9,train,plantvillage,tomato_early_blight:88
train/tomato_early_blight/6f8ac19d-d97f-47ee-8ad4-bb53ab7984a0___RS_Erly.B 7786.jpg,tomato_early_blight,9,train,plantvillage,tomato_early_blight:89
train/tomato_early_blight/7763d482-8290-46f4-83aa-edb87ae15297___RS_Erly.B 7766.jpg,tomato_early_blight,9,train,plantvillage,tomato_early_blight:91
train/tomato_early_blight/7828bbde-4f60-441e-be89-6cedd12f1c1c___RS_Erly.B 7830.jpg,tomato_early_blight,9,train,plantvillage,tomato_early_blight:92
train/tomato_early_blight/79b737a7-eca5-4eb9-b30e-dd3e85640e55___RS_Erly.B 9492.jpg,tomato_early_blight,9,train,plantvillage,tomato_early_blight:93
train/tomato_early_blight/7bd63940-1890-4263-8c8c-e0c743bb51ce___RS_Erly.B 9487.jpg,tomato_early_blight,9,train,plantvillage,tomato_early_blight:94
train/tomato_early_blight/809042e0-7587-4a45-93e8-e166c07a55ec___RS_Erly.B 7692.jpg,tomato_early_blight,9,train,plantvillage,tomato_early_blight:96
train/tomato_early_blight/8647963f-aacb-44f3-82bc-fa749bc65694___RS_Erly.B 6391.jpg,tomato_early_blight,9,train,plantvillage,tomato_early_blight:98
train/tomato_early_blight/87b9735b-4018-4b28-b0b3-422a184a6716___RS_Erly.B 7509.jpg,tomato_early_blight,9,train,plantvillage,tomato_early_blight:99
train/tomato_early_blight/8a1d3598-cd1d-4978-9e18-b5e205108540___RS_Erly.B 8315.jpg,tomato_early_blight,9,train,plantvillage,tomato_early_blight:100
train/tomato_early_blight/8f92a1b1-c99e-48b4-8cd2-d0bd09bc6a6b___RS_Erly.B 9479.jpg,tomato_early_blight,9,train,plantvillage,tomato_early_blight:102
train/tomato_early_blight/8f9b3d86-42dd-4932-b638-8376529afcaa___RS_Erly.B 9575.jpg,tomato_early_blight,9,train,plantvillage,tomato_early_blight:103
train/tomato_early_blight/92df4dc7-e952-4454-9fed-a7897d16903b___RS_Erly.B 6448.jpg,tomato_early_blight,9,train,plantvillage,tomato_early_blight:104
train/tomato_early_blight/93533fec-94de-411f-a52e-38cd4d36dbee___RS_Erly.B 9558.jpg,tomato_early_blight,9,train,plantvillage,tomato_early_blight:105
train/tomato_early_blight/95de9f94-ddb1-4303-b3d9-a3ad2b430bbf___RS_Erly.B 9554.jpg,tomato_early_blight,9,train,plantvillage,tomato_early_blight:106
train/tomato_early_blight/96418ba8-a05f-4dea-9f8c-d4310ee564be___RS_Erly.B 7620.jpg,tomato_early_blight,9,train,plantvillage,tomato_early_blight:107
train/tomato_early_blight/96aa2fd2-d8dc-4650-9b56-7b0f25f27edf___RS_Erly.B 7821.jpg,tomato_early_blight,9,train,plantvillage,tomato_early_blight:108
train/tomato_early_blight/9744fa97-16b3-4a16-afc0-c86ac0397759___RS_Erly.B 6411.jpg,tomato_early_blight,9,train,plantvillage,tomato_early_blight:109
train/tomato_early_blight/99cfe9bb-77a1-4bd6-9c48-58fffac2a133___RS_Erly.B 7387.jpg,tomato_early_blight,9,train,plantvillage,tomato_early_blight:111
train/tomato_early_blight/9f77a006-11c0-4466-bdb3-9273b299450d___RS_Erly.B 7800.jpg,tomato_early_blight,9,train,plantvillage,tomato_early_blight:114
train/tomato_early_blight/a00845f3-9a14-474b-967c-82b7ea7b314f___RS_Erly.B 7550.jpg,tomato_early_blight,9,train,plantvillage,tomato_early_blight:115
train/tomato_early_blight/a1d275d1-5405-4829-9328-4225ffe69506___RS_Erly.B 7515.jpg,tomato_early_blight,9,train,plantvillage,tomato_early_blight:116
train/tomato_early_blight/a2b13360-65ce-4302-8bec-50bdc1b9789d___RS_Erly.B 9446.jpg,tomato_early_blight,9,train,plantvillage,tomato_early_blight:117
train/tomato_early_blight/a3af61fe-3cde-4083-963f-909bfced23db___RS_Erly.B 7590.jpg,tomato_early_blight,9,train,plantvillage,tomato_early_blight:119
train/tomato_early_blight/a7782a03-c8c5-459a-af4c-fbca70cea302___RS_Erly.B 8303.jpg,tomato_early_blight,9,train,plantvillage,tomato_early_blight:121
train/tomato_early_blight/a8e1a7a4-d45d-4072-9c25-6f7685f8f08b___RS_Erly.B 9387.jpg,tomato_early_blight,9,train,plantvillage,tomato_early_blight:122
train/tomato_early_blight/ab1f0275-f2db-4dcf-befb-8921c6101b80___RS_Erly.B 7596.jpg,tomato_early_blight,9,train,plantvillage,tomato_early_blight:123
train/tomato_early_blight/ab6d16d4-8426-472d-9644-61609392cd6a___RS_Erly.B 7628.jpg,tomato_early_blight,9,train,plantvillage,tomato_early_blight:124
train/tomato_early_blight/ad302c48-1f27-43d8-b004-4ca61dfa61c1___RS_Erly.B 7566.jpg,tomato_early_blight,9,train,plantvillage,tomato_early_blight:125
train/tomato_early_blight/aea7d3be-648a-4e1b-932a-b0058b085a7a___RS_Erly.B 9517.jpg,tomato_early_blight,9,train,plantvillage,tomato_early_blight:126
train/tomato_early_blight/af454559-8f93-4b2d-b961-80bafe6bf43b___RS_Erly.B 8367.jpg,tomato_early_blight,9,train,plantvillage,tomato_early_blight:127
train/tomato_early_blight/afc527c5-c9b2-478b-8df0-ff66767191df___RS_Erly.B 7473.jpg,tomato_early_blight,9,train,plantvillage,tomato_early_blight:128
train/tomato_early_blight/b6611980-ad87-4121-a6d0-b648b946b432___RS_Erly.B 8426.jpg,tomato_early_blight,9,train,plantvillage,tomato_early_blight:129
train/tomato_early_blight/b7294a44-e1fd-4eab-97ac-ed6669c58d8f___RS_Erly.B 7514.jpg,tomato_early_blight,9,train,plantvillage,tomato_early_blight:130
train/tomato_early_blight/bac9d43f-fc43-4b89-bc2a-b8ba4a040059___RS_Erly.B 7724.jpg,tomato_early_blight,9,train,plantvillage,tomato_early_blight:132
train/tomato_early_blight/bb843f3f-a4cd-4a42-94ff-152199d78895___RS_Erly.B 7381.jpg,tomato_early_blight,9,train,plantvillage,tomato_early_blight:133
train/tomato_early_blight/bd0f06fb-1f9a-4de8-8c96-926d312cea27___RS_Erly.B 7603.jpg,tomato_early_blight,9,train,plantvillage,tomato_early_blight:134
train/tomato_early_blight/be847eed-94b5-4f0e-9b34-68cc842565a2___RS_Erly.B 7831.jpg,tomato_early_blight,9,train,plantvillage,tomato_early_blight:135
train/tomato_early_blight/c2369b01-d04f-443c-b6ab-9e62e1480420___RS_Erly.B 8397.jpg,tomato_early_blight,9,train,plantvillage,tomato_early_blight:136
train/tomato_early_blight/c35fc6de-4796-4f7a-a350-7bff160cbbd5___RS_Erly.B 7740.jpg,tomato_early_blight,9,train,plantvillage,tomato_early_blight:137
train/tomato_early_blight/c684e255-de5d-4905-b934-962180be33cb___RS_Erly.B 7353.jpg,tomato_early_blight,9,train,plantvillage,tomato_early_blight:138
train/tomato_early_blight/c6e96373-484c-45da-b043-0a294a59ad2c___RS_Erly.B 7401.jpg,tomato_early_blight,9,train,plantvillage,tomato_early_blight:139
train/tomato_early_blight/c793a3d2-1f1d-486c-9140-87d2354c4874___RS_Erly.B 7545.jpg,tomato_early_blight,9,train,plantvillage,tomato_early_blight:140
train/tomato_early_blight/ca7035fa-f55d-49c7-9d89-3d513c8e35b1___RS_Erly.B 7556.jpg,tomato_early_blight,9,train,plantvillage,tomato_early_blight:143
train/tomato_early_blight/cc60f915-6dc1-42f2-8e12-aedaef4bc70c___RS_Erly.B 6468.jpg,tomato_early_blight,9,train,plantvillage,tomato_early_blight:144
train/tomato_early_blight/cd2d8a7b-2389-4a2c-8647-b986092fa506___RS_Erly.B 8377.jpg,tomato_early_blight,9,train,plantvillage,tomato_early_blight:146
train/tomato_early_blight/d032b2d0-3c5b-4f1d-9532-4fd09cbd5482___RS_Erly.B 7689.jpg,tomato_early_blight,9,train,plantvillage,tomato_early_blight:147
train/tomato_early_blight/d099777c-8b33-4924-af9e-d3dd96c2de37___RS_Erly.B 7790.jpg,tomato_early_blight,9,train,plantvillage,tomato_early_blight:148
train/tomato_early_blight/d0b75b16-bdf9-4e9d-bac9-47bf98c6258a___RS_Erly.B 6416.jpg,tomato_early_blight,9,train,plantvillage,tomato_early_blight:149
train/tomato_early_blight/d204ed67-ae0c-40fa-84a4-0e7ef9bca62d___RS_Erly.B 8432.jpg,tomato_early_blight,9,train,plantvillage,tomato_early_blight:151
train/tomato_early_blight/d368153c-6779-4a7e-a82d-9ae10dd36bb2___RS_Erly.B 7678.jpg,tomato_early_blight,9,train,plantvillage,tomato_early_blight:152
train/tomato_early_blight/d3ebceea-8021-4168-85a4-27ef48cdaacb___RS_Erly.B 7857.jpg,tomato_early_blight,9,train,plantvillage,tomato_early_blight:153
train/tomato_early_blight/d4971b21-317f-4fbd-95a8-ac21d69d7461___RS_Erly.B 6429.jpg,tomato_early_blight,9,train,plantvillage,tomato_early_blight:155
train/tomato_early_blight/d4d20c99-4cf3-4ecc-95ae-a964560cfeed___RS_Erly.B 9604.jpg,tomato_early_blight,9,train,plantvillage,tomato_early_blight:156
train/tomato_early_blight/d4e4bce8-d7ca-492b-8dda-69f3e95f4e5a___RS_Erly.B 6418.jpg,tomato_early_blight,9,train,plantvillage,tomato_early_blight:157
train/tomato_early_blight/d4f5f0b5-3706-437f-826c-6328d479cba6___RS_Erly.B 9516.jpg,tomato_early_blight,9,train,plantvillage,tomato_early_blight:158
train/tomato_early_blight/d60c253c-b97e-4076-8eac-bae34e1bbdc9___RS_Erly.B 7749.jpg,tomato_early_blight,9,train,plantvillage,tomato_early_blight:159
train/tomato_early_blight/d71f9e9f-e7e3-44e3-8376-0820971fe2c1___RS_Erly.B 9384.jpg,tomato_early_blight,9,train,plantvillage,tomato_early_blight:160
train/tomato_early_blight/db228bdf-309f-4dd5-a3c7-d77af0acadb8___RS_Erly.B 7584.jpg,tomato_early_blight,9,train,plantvillage,tomato_early_blight:163
train/tomato_early_blight/deed458f-ec5b-46c7-9658-c005cf90fc11___RS_Erly.B 7480.jpg,tomato_early_blight,9,train,plantvillage,tomato_early_blight:165
train/tomato_early_blight/e229da8f-a130-49c3-8f78-485842c8a994___RS_Erly.B 7462.jpg,tomato_early_blight,9,train,plantvillage,tomato_early_blight:167
train/tomato_early_blight/e2e0a1a0-4f52-4320-ac24-69fa7f0fd033___RS_Erly.B 9596.jpg,tomato_early_blight,9,train,plantvillage,tomato_early_blight:168
train/tomato_early_blight/e330dc16-fdf9-4eee-8b09-88bfb5537180___RS_Erly.B 7601.jpg,tomato_early_blight,9,train,plantvillage,tomato_early_blight:169
train/tomato_early_blight/e332b0b1-ed0c-49b0-aad2-da29a8636126___RS_Erly.B 9418.jpg,tomato_early_blight,9,train,plantvillage,tomato_early_blight:170
train/tomato_early_blight/e56354a5-5e3f-4ed6-bfe5-3c783a32dc98___RS_Erly.B 9413.jpg,tomato_early_blight,9,train,plantvillage,tomato_early_blight:174
train/tomato_early_blight/eaf0d111-089a-4808-a34c-dd40e3bb4db4___RS_Erly.B 8393.jpg,tomato_early_blight,9,train,plantvillage,tomato_early_blight:177
train/tomato_early_blight/ee083b4e-3abc-4d9a-8395-de6c8ee27331___RS_Erly.B 9525.jpg,tomato_early_blight,9,train,plantvillage,tomato_early_blight:179
train/tomato_early_blight/efe14014-c5b8-433b-a469-e10ca8d7c551___RS_Erly.B 7499.jpg,tomato_early_blight,9,train,plantvillage,tomato_early_blight:180
train/tomato_early_blight/f0eb00dc-22da-4c8b-b86d-72157ea9e71d___RS_Erly.B 9610.jpg,tomato_early_blight,9,train,plantvillage,tomato_early_blight:181
train/tomato_early_blight/f4e5115b-ca57-4f02-9271-0c8eda45717e___RS_Erly.B 8317.jpg,tomato_early_blight,9,train,plantvillage,tomato_early_blight:183
train/tomato_early_blight/f7357222-4e77-4c46-a0ff-a17e165a70ff___RS_Erly.B 9619.jpg,tomato_early_blight,9,train,plantvillage,tomato_early_blight:184
train/tomato_early_blight/f79134d0-8c6a-43ad-ba78-9323f9a9f84f___RS_Erly.B 9427.jpg,tomato_early_blight,9,train,plantvillage,tomato_early_blight:185
train/tomato_early_blight/f7ab79a6-43d3-4ece-9461-43742519a221___RS_Erly.B 8290.jpg,tomato_early_blight,9,train,plantvillage,tomato_early_blight:186
train/tomato_early_blight/f8aaa5e3-fe38-4815-8f1d-8ca71db15a8f___RS_Erly.B 7511.jpg,tomato_early_blight,9,train,plantvillage,tomato_early_blight:189
train/tomato_early_blight/fa5e382e-d1ad-42f9-a4e5-afb343f77a53___RS_Erly.B 9453.jpg,tomato_early_blight,9,train,plantvillage,tomato_early_blight:191
train/tomato_early_blight/fbb02290-8863-482f-b898-0ea83a2b2fee___RS_Erly.B 9592.jpg,tomato_early_blight,9,train,plantvillage,tomato_early_blight:193
train/tomato_early_blight/fbb79594-419e-4bb7-9afa-6b9c0ba89033___RS_Erly.B 7644.jpg,tomato_early_blight,9,train,plantvillage,tomato_early_blight:194
train/tomato_early_blight/fcf97241-bd84-4829-b326-72590a3f4f59___RS_Erly.B 7555.jpg,tomato_early_blight,9,train,plantvillage,tomato_early_blight:195
train/tomato_early_blight/ff422d28-d002-4382-80bf-30f78f66c677___RS_Erly.B 6492.jpg,tomato_early_blight,9,train,plantvillage,tomato_early_blight:198
train/tomato_healthy/02b4afdf-e1de-4c0e-a38d-3f19afeb9ea9___RS_HL 0493.jpg,tomato_healthy,10,train,plantvillage,tomato_healthy:1
train/tomato_healthy/02d94768-da6d-4c1a-b8b3-fa2e5a2fcd4d___RS_HL 0449.jpg,tomato_healthy,10,train,plantvillage,tomato_healthy:2
train/tomato_healthy/04141939-3a8c-47b2-a582-e8371ccc120f___RS_HL 0275.jpg,tomato_healthy,10,train,plantvillage,tomato_healthy:3
train/tomato_healthy/04483b12-5e9c-4e74-a5b6-e8c87f60b43f___GH_HL Leaf 439.jpg,tomato_healthy,10,train,plantvillage,tomato_healthy:4
train/tomato_healthy/068e324c-faf6-40d6-8f83-578907f1cac5___GH_HL Leaf 466.1.jpg,tomato_healthy,10,train,plantvillage,tomato_healthy:8
train/tomato_healthy/0782c04b-2a91-4e10-89a7-cf3d3e48be82___RS_HL 9645.jpg,tomato_healthy,10,train,plantvillage,tomato_healthy:9
train/tomato_healthy/09c0d78a-c9ca-4dc4-aa10-e25530890b20___GH_HL Leaf 424.1.jpg,tomato_healthy,10,train,plantvillage,tomato_healthy:11
train/tomato_healthy/0a334ae6-bea3-4453-b200-85e082794d56___GH_HL Leaf 310.1.jpg,tomato_healthy,10,train,plantvillage,tomato_healthy:13
train/tomato_healthy/0cb10f98-491d-4e1f-b8ea-4fb0f1b3675f___GH_HL Leaf 333.jpg,tomato_healthy,10,train,plantvillage,tomato_healthy:14
train/tomato_healthy/0d3691ab-5413-4313-870e-9e5d2faf33ea___RS_HL 9958.jpg,tomato_healthy,10,train,plantvillage,tomato_healthy:15
train/tomato_healthy/0e1d7722-3df9-4a3a-a4e2-bc0ea3ce0da4___RS_HL 9979.jpg,tomato_healthy,10,train,plantvillage,tomato_healthy:16
train/tomato_healthy/0e3feb72-86e5-41c2-a7ca-3295800e5777___RS_HL 0158.jpg,tomato_healthy,10,train,plantvillage,tomato_healthy:17
train/tomato_healthy/1006c73b-19f8-4771-9fe5-3fc4908e8da3___RS_HL 0557.jpg,tomato_healthy,10,train,plantvillage,tomato_healthy:21
train/tomato_healthy/11fe6fbc-a1a9-4cc4-ba85-a6864a4e9bae___GH_HL Leaf 280.jpg,tomato_healthy,10,train,plantvillage,tomato_healthy:22
train/tomato_healthy/1352e7ea-9a81-44fb-98e9-25ee6c701753___RS_HL 0549.jpg,tomato_healthy,10,train,plantvillage,tomato_healthy:23
train/tomato_healthy/1421f343-ba3a-424c-ac71-b5eb9ac26c10___GH_HL Leaf 201.jpg,tomato_healthy,10,train,plantvillage,tomato_healthy:26
train/tomato_healthy/16ed4e23-5218-4e8b-85df-86a7069a675d___GH_HL Leaf 519.1.jpg,tomato_healthy,10,train,plantvillage,tomato_healthy:27
train/tomato_healthy/16fd1407-644b-42f1-a40a-6cacd9bc0258___RS_HL 9705.jpg,tomato_healthy,10,train,plantvillage,tomato_healthy:28
train/tomato_healthy/17b48132-9a1d-45e5-9000-30ebd7248273___RS_HL 0385.jpg,tomato_healthy,10,train,plantvillage,tomato_healthy:29
train/tomato_healthy/18fa622c-8257-479a-9c81-7a6fe9a3a41b___GH_HL Leaf 428.jpg,tomato_healthy,10,train,plantvillage,tomato_healthy:30
train/tomato_healthy/19e31197-5f6d-4925-975c-884bd4a94bfe___RS_HL 0291.jpg,tomato_healthy,10,train,plantvillage,tomato_healthy:31
train/tomato_healthy/1a02fa87-a194-482e-b4ac-8dec2064d793___RS_HL 0022.jpg,tomato_healthy,10,train,plantvillage,tomato_healthy:32
train/tomato_healthy/1a393116-cbd1-4e3f-acfc-563e96ae1e80___RS_HL 0268.jpg,tomato_healthy,10,train,plantvillage,tomato_healthy:33
train/tomato_healthy/1b855a60-d30c-4ed9-8f25-cffe523b436b___GH_HL Leaf 249.1.jpg,tomato_healthy,10,train,plantvillage,tomato_healthy:34
train/tomato_healthy/1d1017be-8cd6-4967-894b-1b9fb89d7d6e___RS_HL 0270.jpg,tomato_healthy,10,train,plantvillage,tomato_healthy:35
train/tomato_healthy/1d10291e-a1ce-4309-b6a4-d034319e3875___GH_HL Leaf 251.1.jpg,tomato_healthy,10,train,plantvillage,tomato_healthy:36
train/tomato_healthy/1e8c2c4d-e787-45ff-87ac-56484ac8d3d4___GH_HL Leaf 472.jpg,tomato_healthy,10,train,plantvillage,tomato_healthy:38
train/tomato_healthy/1ebf9add-aa7f-4a84-adbf-67f700f918bc___GH_HL Leaf 437.jpg,tomato_healthy,10,train,plantvillage,tomato_healthy:39
train/tomato_healthy/21d294dd-0c03-457d-a02d-1243bdf0ff4f___RS_HL 9887.jpg,tomato_healthy,10,train,plantvillage,tomato_healthy:41
train/tomato_healthy/23467438-6237-4b34-acde-80a3129e4b5d___GH_HL Leaf 187.jpg,tomato_healthy,10,train,plantvillage,tomato_healthy:43
train/tomato_healthy/24069ab0-7106-40d0-bdca-e462a49d34dd___RS_HL 0267.jpg,tomato_healthy,10,train,plantvillage,tomato_healthy:44
train/tomato_healthy/25cac927-fd33-4890-9948-8aa1e9a7af52___GH_HL Leaf 293.1.jpg,tomato_healthy,10,train,plantvillage,tomato_healthy:46
train/tomato_healthy/2605218e-e8bf-43d8-8b00-52058e9f0f25___RS_HL 9893.jpg,tomato_healthy,10,train,plantvillage,tomato_healthy:47
train/tomato_healthy/27bda660-1691-4763-a125-824f521587d9___RS_HL 0305.jpg,tomato_healthy,10,train,plantvillage,tomato_healthy:49
train/tomato_healthy/283a4ff6-4a72-498d-b5fc-df970b8b4b83___RS_HL 9643.jpg,tomato_healthy,10,train,plantvillage,tomato_healthy:50
train/tomato_healthy/28e62e2d-8aba-48df-9eff-3d70a5b7775d___RS_HL 9870.jpg,tomato_healthy,10,train,plantvillage,tomato_healthy:51
train/tomato_healthy/29265f8d-86ff-4de1-b1ad-e33a64b189dc___RS_HL 0264.jpg,tomato_healthy,10,train,plantvillage,tomato_healthy:52
train/tomato_healthy/2a1dd125-ece3-499f-a24b-1d00dbcc3184___GH_HL Leaf 227.jpg,tomato_healthy,10,train,plantvillage,tomato_healthy:54
train/tomato_healthy/2b21cbfc-9c23-42fb-984c-9439fa891a4c___RS_HL 9637.jpg,tomato_healthy,10,train,plantvillage,tomato_healthy:55
train/tomato_healthy/2b91175f-d3de-47dd-b386-5fd639e8b531___RS_HL 0216.jpg,tomato_healthy,10,train,plantvillage,tomato_healthy:56
train/tomato_healthy/2c22b17b-e914-453a-a379-15b29fe294b0___RS_HL 9720.jpg,tomato_healthy,10,train,plantvillage,tomato_healthy:57
train/tomato_healthy/2d02a0d6-0734-4ac7-957f-44f2a011fdc3___RS_HL 0375.jpg,tomato_healthy,10,train,plantvillage,tomato_healthy:58
train/tomato_healthy/2e0a7517-332f-4799-a083-5d393172909a___RS_HL 0612.jpg,tomato_healthy,10,train,plantvillage,tomato_healthy:59
train/tomato_healthy/2f07c3a8-90db-4d61-b8e3-55b3c016c510___GH_HL Leaf 382.1.jpg,tomato_healthy,10,train,plantvillage,tomato_healthy:60
train/tomato_healthy/31dd192f-dcf8-4f89-9890-7bd22653f823___RS_HL 0052.jpg,tomato_healthy,10,train,plantvillage,tomato_healthy:61
train/tomato_healthy/3247a6d7-a473-414f-af51-2d8de917ee82___RS_HL 9622.jpg,tomato_healthy,10,train,plantvillage,tomato_healthy:62
train/tomato_healthy/3367a9a6-6841-45db-bfa9-9b7b9fed0fa2___GH_HL Leaf 421.1.jpg,tomato_healthy,10,train,plantvillage,tomato_healthy:63
train/tomato_healthy/33936d1f-7074-49d2-9b3e-3964972fc636___RS_HL 0119.jpg,tomato_healthy,10,train,plantvillage,tomato_healthy:64
train/tomato_healthy/33a75eb9-0745-4159-8c6e-3c4e4e418992___RS_HL 9767.jpg,tomato_healthy,10,train,plantvillage,tomato_healthy:65
train/tomato_healthy/387dd4db-733b-4d6a-b87e-77ab2f2890a8___RS_HL 9866.jpg,tomato_healthy,10,train,plantvillage,tomato_healthy:68
train/tomato_healthy/3a48952b-cb72-4678-baca-d622971c78d0___RS_HL 9877.jpg,tomato_healthy,10,train,plantvillage,tomato_healthy:69
train/tomato_healthy/3b87f866-1d80-4b22-99f8-108e315c9029___RS_HL 0394.jpg,tomato_healthy,10,train,plantvillage,tomato_healthy:70
train/tomato_healthy/3be7ae8c-bacb-4877-b6b5-c2251d22b431___GH_HL Leaf 497.1.jpg,tomato_healthy,10,train,plantvillage,tomato_healthy:71
train/tomato_healthy/3c8a4977-eab9-4639-b12a-c1c42c7258f3___RS_HL 0432.jpg,tomato_healthy,10,train,plantvillage,tomato_healthy:73
train/tomato_healthy/3e4cc1b0-e071-4b9e-a944-21de55b99fc3___RS_HL 0292.jpg,tomato_healthy,10,train,plantvillage,tomato_healthy:74
train/tomato_healthy/42ae0091-fbfd-43e6-8a48-805051f770a0___RS_HL 0463.jpg,tomato_healthy,10,train,plantvillage,tomato_healthy:77
train/tomato_healthy/4463e5e9-8afc-4dfd-9317-3013a538f2c8___GH_HL Leaf 308.jpg,tomato_healthy,10,train,plantvillage,tomato_healthy:79
train/tomato_healthy/450a7466-982f-4954-8649-84c4a6ab98dd___RS_HL 0414.jpg,tomato_healthy,10,train,plantvillage,tomato_healthy:80
train/tomato_healthy/4565ba85-5676-49cf-beac-79832cd30067___RS_HL 0639.jpg,tomato_healthy,10,train,plantvillage,tomato_healthy:81
train/tomato_healthy/45a1a63e-d00e-434d-b1b8-5b14dcde5b1e___GH_HL Leaf 250.jpg,tomato_healthy,10,train,plantvillage,tomato_healthy:82
train/tomato_healthy/47d38fb3-c397-433f-a478-482a660b70f3___RS_HL 0113.jpg,tomato_healthy,10,train,plantvillage,tomato_healthy:83
train/tomato_healthy/495559bd-76e2-4c7a-935c-3ca1b4cf4b7b___GH_HL Leaf 180.1.jpg,tomato_healthy,10,train,plantvillage,tomato_healthy:88
train/tomato_healthy/4af1cf6d-1bae-4e58-9168-2f6105a6fe9a___RS_HL 0608.jpg,tomato_healthy,10,train,plantvillage,tomato_healthy:89
train/tomato_healthy/4b7deb4f-5bce-4915-ba64-7e75c66624c2___RS_HL 0153.jpg,tomato_healthy,10,train,plantvillage,tomato_healthy:91
train/tomato_healthy/4b8df56a-6124-4e5c-a1b7-8e771a472813___RS_HL 0520.jpg,tomato_healthy,10,train,plantvillage,tomato_healthy:92
train/tomato_healthy/4e690960-f6bb-43f6-b2e7-6ff3aaf81452___RS_HL 9823.jpg,tomato_healthy,10,train,plantvillage,tomato_healthy:94
train/tomato_healthy/4f5dde42-a6ac-4886-8b9e-a944568ace95___RS_HL 0080.jpg,tomato_healthy,10,train,plantvillage,tomato_healthy:95
train/tomato_healthy/514c77da-8edc-4ce5-948c-fbab6f3b2d96___RS_HL 0478.jpg,tomato_healthy,10,train,plantvillage,tomato_healthy:97
train/tomato_healthy/5300bf32-485d-4978-9099-3175fb666da8___GH_HL Leaf 475.jpg,tomato_healthy,10,train,plantvillage,tomato_healthy:98
train/tomato_healthy/5630c5b1-a956-4a34-879a-eb1cb89d22d1___RS_HL 9806.jpg,tomato_healthy,10,train,plantvillage,tomato_healthy:99
train/tomato_healthy/57cc95ac-1fae-4959-ba16-d65c3db753d1___RS_HL 0312.jpg,tomato_healthy,10,train,plantvillage,tomato_healthy:100
train/tomato_healthy/59b3cd39-7a2f-4dc0-a08b-4c88f893f338___RS_HL 9792.jpg,tomato_healthy,10,train,plantvillage,tomato_healthy:102
train/tomato_healthy/59f54d36-b98b-4271-88ed-7a9672907bee___RS_HL 0519.jpg,tomato_healthy,10,train,plantvillage,tomato_healthy:103
train/tomato_healthy/5c23afc6-7236-4f07-adcd-61b1f69e3fb2___RS_HL 9801.jpg,tomato_healthy,10,train,plantvillage,tomato_healthy:105
train/tomato_healthy/5d5b9f07-dd6a-4927-9ca0-92945e9ad8df___GH_HL Leaf 209.1.jpg,tomato_healthy,10,train,plantvillage,tomato_healthy:106
train/tomato_healthy/5faa74ba-8f46-4b2b-a7bf-3bc8d9458526___RS_HL 9741.jpg,tomato_healthy,10,train,plantvillage,tomato_healthy:108
train/tomato_healthy/6248b67a-a5ba-4313-9248-2dd343266da2___RS_HL 0485.jpg,tomato_healthy,10,train,plantvillage,tomato_healthy:112
train/tomato_healthy/62e7fbf8-131f-4036-b52e-6e5c5b945b13___GH_HL Leaf 410.jpg,tomato_healthy,10,train,plantvillage,tomato_healthy:113
train/tomato_healthy/64518a58-5c06-4a14-9ab6-2c4f71456050___GH_HL Leaf 394.jpg,tomato_healthy,10,train,plantvillage,tomato_healthy:114
train/tomato_healthy/6550c4ca-9494-4de5-8909-d0cdab8f0892___RS_HL 0401.jpg,tomato_healthy,10,train,plantvillage,tomato_healthy:116
train/tomato_healthy/65d89a16-45b5-4ce7-9dad-f702c4b14e95___RS_HL 9896.jpg,tomato_healthy,10,train,plantvillage,tomato_healthy:117
train/tomato_healthy/666b3b4d-5510-4413-88cd-838fffe72003___RS_HL 0098.jpg,tomato_healthy,10,train,plantvillage,tomato_healthy:118
train/tomato_healthy/67549f03-2c86-44b7-9730-32d4a23287f3___GH_HL Leaf 495.2.jpg,tomato_healthy,10,train,plantvillage,tomato_healthy:119
train/tomato_healthy/676eaef6-b16c-4f13-a39d-86c22f64da83___GH_HL Leaf 356.jpg,tomato_healthy,10,train,plantvillage,tomato_healthy:120
train/tomato_healthy/6ab4b4b5-3d4f-496b-9b08-7fa87bcfe875___RS_HL 9670.jpg,tomato_healthy,10,train,plantvillage,tomato_healthy:124
train/tomato_healthy/6c4da977-110b-4191-abfa-faa22ccc7dc7___RS_HL 9848.jpg,tomato_healthy,10,train,plantvillage,tomato_healthy:125
train/tomato_healthy/6c5ad7e4-a826-40af-abf9-0a9e6346e656___RS_HL 0196.jpg,tomato_healthy,10,train,plantvillage,tomato_healthy:126
train/tomato_healthy/6d4285ef-e3f2-4cd3-a873-efdd989cf1cb___RS_HL 0182.jpg,tomato_healthy,10,train,plantvillage,tomato_healthy:128
train/tomato_healthy/6da1cf1b-a236-4d45-a390-dac6b65c45f7___GH_HL Leaf 264.jpg,tomato_healthy,10,train,plantvillage,tomato_healthy:129
train/tomato_healthy/6ddb8b0b-5d74-4381-8787-6229de8d51fc___GH_HL Leaf 378.jpg,tomato_healthy,10,train,plantvillage,tomato_healthy:130
train/tomato_healthy/70f76975-801c-48f4-b757-c8b2d834a0ec___RS_HL 9738.jpg,tomato_healthy,10,train,plantvillage,tomato_healthy:132
train/tomato_healthy/711640b7-c013-4982-a5d9-c2d1d570048a___GH_HL Leaf 378.1.jpg,tomato_healthy,10,train,plantvillage,tomato_healthy:133
train/tomato_healthy/714b5b2d-482e-4276-8a06-ecf6a18bdb52___RS_HL 9941.jpg,tomato_healthy,10,train,plantvillage,tomato_healthy:134
train/tomato_healthy/7181181c-b571-4cf0-80c3-c52bd785ccf9___GH_HL Leaf 218.jpg,tomato_healthy,10,train,plantvillage,tomato_healthy:135
train/tomato_healthy/739d1e6a-f835-4ff4-ab1c-33946def661a___GH_HL Leaf 219.jpg,tomato_healthy,10,train,plantvillage,tomato_healthy:136
train/tomato_healthy/750a42ee-b73f-4137-934d-501b311a5528___GH_HL Leaf 330.jpg,tomato_healthy,10,train,plantvillage,tomato_healthy:137
train/tomato_healthy/76284899-9c5e-44bf-a160-02649418ec49___RS_HL 0077.jpg,tomato_healthy,10,train,plantvillage,tomato_healthy:139
train/tomato_healthy/768d54a3-cb87-4633-9529-ad39b6f6078e___RS_HL 9864.jpg,tomato_healthy,10,train,plantvillage,tomato_healthy:140
train/tomato_healthy/798fdd0c-27d2-4e72-a359-bd00208e8b1a___GH_HL Leaf 207.1.jpg,tomato_healthy,10,train,plantvillage,tomato_healthy:142
train/tomato_healthy/79e298b2-32c5-40c6-abb7-67bb7f174751___GH_HL Leaf 391.jpg,tomato_healthy,10,train,plantvillage,tomato_healthy:143
train/tomato_healthy/7acc2f36-b465-4131-9110-265965ccdb87___RS_HL 0150.jpg,tomato_healthy,10,train,plantvillage,tomato_healthy:144
train/tomato_healthy/7b246e09-0a8c-4078-9e0a-6207de8dc804___RS_HL 9809.jpg,tomato_healthy,10,train,plantvillage,tomato_healthy:145
train/tomato_healthy/7b953f3c-719f-4b0e-b62d-2c651eac6c18___RS_HL 0635.jpg,tomato_healthy,10,train,plantvillage,tomato_healthy:147
train/tomato_healthy/7ce1f8c1-1542-4d7b-be27-11e29d572283___GH_HL Leaf 508.2.jpg,tomato_healthy,10,train,plantvillage,tomato_healthy:148
train/tomato_healthy/7d76aa96-b29e-4a60-a3e7-bd489f5a79b2___GH_HL Leaf 176.3.jpg,tomato_healthy,10,train,plantvillage,tomato_healthy:149
train/tomato_healthy/81382c17-1a00-4597-87e4-2e674d38d6d2___GH_HL Leaf 269.1.jpg,tomato_healthy,10,train,plantvillage,tomato_healthy:151
train/tomato_healthy/82ff3b7a-c7ad-47ec-8578-475f72efc1ae___RS_HL 0020.jpg,tomato_healthy,10,train,plantvillage,tomato_healthy:154
train/tomato_healthy/83781ea3-eaed-467a-9147-678002262295___RS_HL 0330.jpg,tomato_healthy,10,train,plantvillage,tomato_healthy:156
train/tomato_healthy/83fa8d6f-4c08-46bf-b4cf-7a33d4fe0031___GH_HL Leaf 180.jpg,tomato_healthy,10,train,plantvillage,tomato_healthy:158
train/tomato_healthy/84b9dbb3-98bb-48b0-893f-74627840a2b9___GH_HL Leaf 225.jpg,tomato_healthy,10,train,plantvillage,tomato_healthy:159
train/tomato_healthy/85305af1-0d24-4eba-a750-f74c0e6657f4___RS_HL 9635.jpg,tomato_healthy,10,train,plantvillage,tomato_healthy:160
train/tomato_healthy/87043cab-5827-4968-a099-4f5ce2dba313___RS_HL 9867.jpg,tomato_healthy,10,train,plantvillage,tomato_healthy:161
train/tomato_healthy/883b7c13-7aef-4ae9-bd70-065a16226e9d___GH_HL Leaf 170.1.jpg,tomato_healthy,10,train,plantvillage,tomato_healthy:163
train/tomato_healthy/89787310-40fb-4d46-9b4b-5f8426e26ccf___GH_HL Leaf 442.1.jpg,tomato_healthy,10,train,plantvillage,tomato_healthy:165
train/tomato_healthy/8a4dc6f9-2f54-4bdd-957f-d9fb709e1b26___GH_HL Leaf 302.1.jpg,tomato_healthy,10,train,plantvillage,tomato_healthy:166
train/tomato_healthy/8ab801ee-afee-4025-b5e8-5927465bd455___RS_HL 0212.jpg,tomato_healthy,10,train,plantvillage,tomato_healthy:167
train/tomato_healthy/8accf0ce-a43d-449c-86fb-e327fb6ab2c9___GH_HL Leaf 241.jpg,tomato_healthy,10,train,plantvillage,tomato_healthy:168
train/tomato_healthy/8c4ce164-9f46-4426-aff9-137acdc42c19___RS_HL 0424.jpg,tomato_healthy,10,train,plantvillage,tomato_healthy:170
train/tomato_healthy/8d4a3b2d-bcef-4861-a0a0-c3cb0a1990ce___GH_HL Leaf 204.jpg,tomato_healthy,10,train,plantvillage,tomato_healthy:171
train/tomato_healthy/902d49e5-febf-4970-b0fb-99a57e8e284b___GH_HL Leaf 179.jpg,tomato_healthy,10,train,plantvillage,tomato_healthy:172
train/tomato_healthy/90a8b687-3191-4ef5-bb9c-e11aeb2d6c8f___RS_HL 0057.jpg,tomato_healthy,10,train,plantvillage,tomato_healthy:173
train/tomato_healthy/912988d9-48b0-4a21-b3cd-1e136cbe5cc6___RS_HL 0629.jpg,tomato_healthy,10,train,plantvillage,tomato_healthy:174
train/tomato_healthy/92482fe8-95b5-48b9-b32e-eadc3ab6ac59___RS_HL 9901.jpg,tomato_healthy,10,train,plantvillage,tomato_healthy:175
train/tomato_healthy/9266e5f5-ab7a-461a-836d-fa03f1669a6a___RS_HL 9810.jpg,tomato_healthy,10,train,plantvillage,tomato_healthy:176
train/tomato_healthy/93807606-0aed-435b-adb2-cf303a7d586e___RS_HL 0135.jpg,tomato_healthy,10,train,plantvillage,tomato_healthy:178
train/tomato_healthy/956eb0b5-8dae-4315-9cea-320dc594b864___RS_HL 0221.jpg,tomato_healthy,10,train,plantvillage,tomato_healthy:180
train/tomato_healthy/9582a64b-e8a3-476f-9127-af5b45b0d833___RS_HL 0121.jpg,tomato_healthy,10,train,plantvillage,tomato_healthy:181
train/tomato_healthy/95abb641-4435-4531-88f6-a4a597c5ff33___RS_HL 9779.jpg,tomato_healthy,10,train,plantvillage,tomato_healthy:183
train/tomato_healthy/96d85e53-b980-42f7-8e3d-cd6f7ec9c287___GH_HL Leaf 520.5.jpg,tomato_healthy,10,train,plantvillage,tomato_healthy:185
train/tomato_healthy/97f4f8ad-c220-43f4-b25e-a6ae315057f0___RS_HL 0078.jpg,tomato_healthy,10,train,plantvillage,tomato_healthy:186
train/tomato_healthy/984d9db2-082d-446b-8991-870090c447bb___RS_HL 0274.jpg,tomato_healthy,10,train,plantvillage,tomato_healthy:188
train/tomato_healthy/991e779d-ffcb-4f55-98f6-20575d202757___RS_HL 0166.jpg,tomato_healthy,10,train,plantvillage,tomato_healthy:189
train/tomato_healthy/9ae93bcc-5cfb-4407-a711-de800fb2853a___GH_HL Leaf 519.4.jpg,tomato_healthy,10,train,plantvillage,tomato_healthy:190
train/tomato_healthy/9aeac2ec-83f4-4348-bc26-8f55b8eb6c52___RS_HL 9817.jpg,tomato_healthy,10,train,plantvillage,tomato_healthy:191
train/tomato_healthy/9b5c0a85-5a16-4589-ae76-ef4247e78663___RS_HL 0281.jpg,tomato_healthy,10,train,plantvillage,tomato_healthy:193
train/tomato_healthy/9b668abb-fc96-412e-948f-442af45ec580___RS_HL 9972.jpg,tomato_healthy,10,train,plantvillage,tomato_healthy:194
train/tomato_healthy/9d06e189-6e39-4fb9-853b-e2ce180469a5___RS_HL 0407.jpg,tomato_healthy,10,train,plantvillage,tomato_healthy:195
train/tomato_healthy/a06cd500-b782-4be6-8f7a-377c9ed5ceab___RS_HL 9648.jpg,tomato_healthy,10,train,plantvillage,tomato_healthy:197
train/tomato_healthy/a1238cae-087e-42de-824b-35a967fe43a6___RS_HL 0624.jpg,tomato_healthy,10,train,plantvillage,tomato_healthy:198
train/tomato_healthy/a1414092-da7c-4e7e-9b25-6fb76e07285b___RS_HL 0247.jpg,tomato_healthy,10,train,plantvillage,tomato_healthy:199
train/tomato_healthy/a2317e6a-8548-432c-b69f-0f6daada41fa___GH_HL Leaf 469.1.jpg,tomato_healthy,10,train,plantvillage,tomato_healthy:201
train/tomato_healthy/a261cf1c-0bf5-4dec-b796-5dfe2ab0ee1b___GH_HL Leaf 322.jpg,tomato_healthy,10,train,plantvillage,tomato_healthy:202
train/tomato_healthy/a37b6334-5748-413a-9c7d-85c3ac8edee8___GH_HL Leaf 260.1.jpg,tomato_healthy,10,train,plantvillage,tomato_healthy:203
train/tomato_healthy/a6e38349-62a4-43e6-bf92-84bc17e6d8eb___GH_HL Leaf 485.1.jpg,tomato_healthy,10,train,plantvillage,tomato_healthy:205
train/tomato_healthy/aa0058b5-2857-40fd-8b40-24d728574aec___RS_HL 0415.jpg,tomato_healthy,10,train,plantvillage,tomato_healthy:206
train/tomato_healthy/adb15e56-fb9c-4b1f-aae1-4ec8bedecd1b___RS_HL 9712.jpg,tomato_healthy,10,train,plantvillage,tomato_healthy:207
train/tomato_healthy/ae3582b0-2528-4534-954b-1f9b1372c10f___RS_HL 9861.jpg,tomato_healthy,10,train,plantvillage,tomato_healthy:208
train/tomato_healthy/ae745e4a-eecc-40dd-b860-25bdee6729e3___GH_HL Leaf 417.2.jpg,tomato_healthy,10,train,plantvillage,tomato_healthy:210
train/tomato_healthy/af78f888-bd62-44bb-8223-6be0cf0950fc___GH_HL Leaf 491.jpg,tomato_healthy,10,train,plantvillage,tomato_healthy:212
train/tomato_healthy/b2deac55-9527-41dc-9b02-36097d4a8d21___RS_HL 0152.jpg,tomato_healthy,10,train,plantvillage,tomato_healthy:215
train/tomato_healthy/b3eaae0f-95b4-4bb5-89b5-4460cf79e554___RS_HL 0583.jpg,tomato_healthy,10,train,plantvillage,tomato_healthy:216
train/tomato_healthy/b4a854a1-cd40-4bac-b377-97fc49b8314c___RS_HL 9628.jpg,tomato_healthy,10,train,plantvillage,tomato_healthy:217
train/tomato_healthy/b5631e3d-6e99-41f0-a36f-fe45e352278b___RS_HL 9835.jpg,tomato_healthy,10,train,plantvillage,tomato_healthy:218
train/tomato_healthy/b593dd4e-e792-4469-a855-109e9edbe1ce___RS_HL 9796.jpg,tomato_healthy,10,train,plantvillage,tomato_healthy:219
train/tomato_healthy/b59425a2-e983-49c8-a9fd-61da8f38e7f3___RS_HL 0537.jpg,tomato_healthy,10,train,plantvillage,tomato_healthy:220
train/tomato_healthy/b5f50782-f831-4b0c-821d-3d60879b4758___RS_HL 0064.jpg,tomato_healthy,10,train,plantvillage,tomato_healthy:221
train/tomato_healthy/b65ccffe-a2fc-44d1-b56f-c8e97db5232e___RS_HL 0120.jpg,tomato_healthy,10,train,plantvillage,tomato_healthy:222
train/tomato_healthy/b6fa2d79-dac1-42c6-a074-9d013843bb11___GH_HL Leaf 276.1.jpg,tomato_healthy,10,train,plantvillage,tomato_healthy:223
train/tomato_healthy/b912741f-b778-4e29-98d0-eb33de28c180___RS_HL 9656.jpg,tomato_healthy,10,train,plantvillage,tomato_healthy:226
train/tomato_healthy/bc3ca9e1-86c1-4945-9993-c61a38a942ed___GH_HL Leaf 294.jpg,tomato_healthy,10,train,plantvillage,tomato_healthy:230
train/tomato_healthy/beda9c8f-88eb-43c7-9670-60bd8fd5c43e___RS_HL 0038.jpg,tomato_healthy,10,train,plantvillage,tomato_healthy:232
train/tomato_healthy/c1aad9bf-ed08-4cb9-9ef0-8c0d4a3de010___GH_HL Leaf 319.jpg,tomato_healthy,10,train,plantvillage,tomato_healthy:233
train/tomato_healthy/c1c04a55-0dd5-48e2-9cc6-76bbcc1899fd___GH_HL Leaf 340.1.jpg,tomato_healthy,10,train,plantvillage,tomato_healthy:234
train/tomato_healthy/c1dfd66e-7c0c-40a7-8280-0aa1aaf5436b___GH_HL Leaf 431.jpg,tomato_healthy,10,train,plantvillage,tomato_healthy:235
train/tomato_healthy/c1fe17e6-7776-4f80-a048-6095504dd0cf___RS_HL 9690.jpg,tomato_healthy,10,train,plantvillage,tomato_healthy:236
train/tomato_healthy/c2f44d15-cc56-44eb-afce-b53e919becb9___GH_HL Leaf 398.jpg,tomato_healthy,10,train,plantvillage,tomato_healthy:237
train/tomato_healthy/c4237d59-bfd9-476a-93c1-c0c3c3fef4ef___RS_HL 0068.jpg,tomato_healthy,10,train,plantvillage,tomato_healthy:238
train/tomato_healthy/c49577fa-06ce-40f1-ab69-ff21836b5061___GH_HL Leaf 277.2.jpg,tomato_healthy,10,train,plantvillage,tomato_healthy:239
train/tomato_healthy/c5f1eec0-35c2-43ce-8a14-575d86258f73___RS_HL 0337.jpg,tomato_healthy,10,train,plantvillage,tomato_healthy:242
train/tomato_healthy/c7cedd2f-dfae-4232-9cab-d75197d48948___GH_HL Leaf 226.6.jpg,tomato_healthy,10,train,plantvillage,tomato_healthy:244
train/tomato_healthy/c8a610ce-ef41-42b4-ad46-fe82891ac4e0___GH_HL Leaf 258.jpg,tomato_healthy,10,train,plantvillage,tomato_healthy:246
train/tomato_healthy/c978eccc-99c6-45d0-879c-713167f863f4___RS_HL 9888.jpg,tomato_healthy,10,train,plantvillage,tomato_healthy:247
train/tomato_healthy/cb602835-7f6d-4926-80b4-77fe22f7ff66___GH_HL Leaf 226.jpg,tomato_healthy,10,train,plantvillage,tomato_healthy:248
train/tomato_healthy/cbd86fc5-7f88-4984-a1ed-445de8b76573___GH_HL Leaf 354.1.jpg,tomato_healthy,10,train,plantvillage,tomato_healthy:250
train/tomato_healthy/cd469bb3-30c8-4cad-9b4e-27c77a538dfa___GH_HL Leaf 392.jpg,tomato_healthy,10,train,plantvillage,tomato_healthy:251
train/tomato_healthy/d074483d-5063-4bed-93f5-c0d798e9283c___RS_HL 0231.jpg,tomato_healthy,10,train,plantvillage,tomato_healthy:254
train/tomato_healthy/d247170c-6756-41f0-9074-09190f485cdb___RS_HL 0034.jpg,tomato_healthy,10,train,plantvillage,tomato_healthy:256
train/tomato_healthy/d2bab7ce-8028-41ed-b0a0-22472f904974___RS_HL 0528.jpg,tomato_healthy,10,train,plantvillage,tomato_healthy:257
train/tomato_healthy/d2d4ff14-b875-4b6f-93d5-ef48ec437e86___RS_HL 0362.jpg,tomato_healthy,10,train,plantvillage,tomato_healthy:258
train/tomato_healthy/d48fe069-a000-4242-b6cf-fb465e47615b___RS_HL 0594.jpg,tomato_healthy,10,train,plantvillage,tomato_healthy:259
train/tomato_healthy/d5633146-eac5-49e6-a6b4-8562aa7d1a1f___GH_HL Leaf 283.1.jpg,tomato_healthy,10,train,plantvillage,tomato_healthy:260
train/tomato_healthy/d6587652-47aa-4518-9534-468194f22953___RS_HL 0595.jpg,tomato_healthy,10,train,plantvillage,tomato_healthy:261
train/tomato_healthy/d6e27864-a8c9-426f-9e46-283d0eb3a7d0___RS_HL 0452.jpg,tomato_healthy,10,train,plantvillage,tomato_healthy:262
train/tomato_healthy/d750fda0-e49d-4160-a9da-8cf8e425034e___GH_HL Leaf 167.jpg,tomato_healthy,10,train,plantvillage,tomato_healthy:263
train/tomato_healthy/d76f5b4a-9205-4a14-9181-5d3add326231___GH_HL Leaf 447.jpg,tomato_healthy,10,train,plantvillage,tomato_healthy:264
train/tomato_healthy/d7aed304-347b-4c78-ac63-b29db901e1d4___RS_HL 0061.jpg,tomato_healthy,10,train,plantvillage,tomato_healthy:265
train/tomato_healthy/d7f9efa9-5684-42f4-b183-958a83d3ebcd___RS_HL 9923.jpg,tomato_healthy,10,train,plantvillage,tomato_healthy:266
train/tomato_healthy/d80d474d-1d8a-4381-8960-db93b611b5c8___GH_HL Leaf 390.jpg,tomato_healthy,10,train,plantvillage,tomato_healthy:267
train/tomato_healthy/d84b65fd-6841-435f-9c9f-2ba8afe2f62a___RS_HL 0541.jpg,tomato_healthy,10,train,plantvillage,tomato_healthy:268
train/tomato_healthy/d9974fa7-5337-4c75-af93-04828d6f503e___GH_HL Leaf 381.1.jpg,tomato_healthy,10,train,plantvillage,tomato_healthy:269
train/tomato_healthy/da10b674-6bd2-4e1f-ba50-f08caac7a2ec___RS_HL 9742.jpg,tomato_healthy,10,train,plantvillage,tomato_healthy:270
train/tomato_healthy/dd311971-e56c-4305-805e-a011ecebd38b___GH_HL Leaf 432.jpg,tomato_healthy,10,train,plantvillage,tomato_healthy:271
train/tomato_healthy/dd7a8ade-2bc7-4b28-9e27-f823e8466a76___GH_HL Leaf 236.jpg,tomato_healthy,10,train,plantvillage,tomato_healthy:272
train/tomato_healthy/df35d1fb-978c-4aeb-9d6f-e7da242c81b8___RS_HL 0515.jpg,tomato_healthy,10,train,plantvillage,tomato_healthy:273
train/tomato_healthy/e0b87789-7d59-4bd1-bc78-ec3a942021f4___RS_HL 9894.jpg,tomato_healthy,10,train,plantvillage,tomato_healthy:276
train/tomato_healthy/e12936ac-7354-434c-b857-1e742e383dd5___RS_HL 9878.jpg,tomato_healthy,10,train,plantvillage,tomato_healthy:277
train/tomato_healthy/e1aeb847-e87b-4f24-aca7-c6e06b6c07ca___GH_HL Leaf 185.jpg,tomato_healthy,10,train,plantvillage,tomato_healthy:279
train/tomato_healthy/e225eb60-d018-4014-a4f5-eadd0aad06ef___GH_HL Leaf 438.jpg,tomato_healthy,10,train,plantvillage,tomato_healthy:280
train/tomato_healthy/e2f520b1-ac21-445b-9a3f-cb6e506e3044___RS_HL 0381.jpg,tomato_healthy,10,train,plantvillage,tomato_healthy:281
train/tomato_healthy/e30f24b2-c298-4853-8fda-9e67b3738a55___GH_HL Leaf 287.jpg,tomato_healthy,10,train,plantvillage,tomato_healthy:282
train/tomato_healthy/e336eb74-a19d-4461-871e-3124c5e0d047___RS_HL 0558.jpg,tomato_healthy,10,train,plantvillage,tomato_healthy:283
train/tomato_healthy/e55fc417-6c08-4150-913e-11e7c7e15eb7___RS_HL 0504.jpg,tomato_healthy,10,train,plantvillage,tomato_healthy:285
train/tomato_healthy/e623a5a9-edc8-4c81-ada4-68b3ebadfc7e___RS_HL 0082.jpg,tomato_healthy,10,train,plantvillage,tomato_healthy:286
train/tomato_healthy/e66387bd-ae03-4ba8-af0c-533900daa36c___RS_HL 0289.jpg,tomato_healthy,10,train,plantvillage,tomato_healthy:288
train/tomato_healthy/e74a7250-6e1c-48e8-bef4-deb2724c7b5a___RS_HL 0091.jpg,tomato_healthy,10,train,plantvillage,tomato_healthy:292
train/tomato_healthy/e7a9a772-95f5-4bd4-ad34-831c3c47c024___RS_HL 9909.jpg,tomato_healthy,10,train,plantvillage,tomato_healthy:293
train/tomato_healthy/e84eced1-c0a4-451a-b5bd-482bc3eda5fa___RS_HL 0304.jpg,tomato_healthy,10,train,plantvillage,tomato_healthy:294
train/tomato_healthy/e95c13d4-9ba6-452e-b53c-03007f575401___GH_HL Leaf 320.jpg,tomato_healthy,10,train,plantvillage,tomato_healthy:295
train/tomato_healthy/e969c25d-8cc4-4730-a65b-330cd4d38c9a___GH_HL Leaf 427.jpg,tomato_healthy,10,train,plantvillage,tomato_healthy:296
train/tomato_healthy/eab401a8-c014-4a63-98d4-b6144cfc7bc9___GH_HL Leaf 289.jpg,tomato_healthy,10,train,plantvillage,tomato_healthy:297
train/tomato_healthy/eb047146-6e86-44bf-a9b5-f668cb2f301b___GH_HL Leaf 225.1.jpg,tomato_healthy,10,train,plantvillage,tomato_healthy:298
train/tomato_healthy/eb1f4546-7ba3-4d36-82d2-d5ad42671ae2___RS_HL 9814.jpg,tomato_healthy,10,train,plantvillage,tomato_healthy:299
train/tomato_healthy/eb2c5c0c-2422-4c38-af0a-624e97f9f981___RS_HL 0603.jpg,tomato_healthy,10,train,plantvillage,tomato_healthy:300
train/tomato_healthy/ed76421e-84e4-408b-a1b3-c6164867b3d2___RS_HL 0560.jpg,tomato_healthy,10,train,plantvillage,tomato_healthy:302
train/tomato_healthy/f0068af9-0c54-4a08-8cf1-3890bead99d0___RS_HL 0336.jpg,tomato_healthy,10,train,plantvillage,tomato_healthy:305
train/tomato_healthy/f2758dd2-5274-45df-8f00-639731ec3120___RS_HL 9750.jpg,tomato_healthy,10,train,plantvillage,tomato_healthy:306
train/tomato_healthy/f3bc0c64-2d60-4031-b696-66a313460663___GH_HL Leaf 517.4.jpg,tomato_healthy,10,train,plantvillage,tomato_healthy:308
train/tomato_healthy/f437a6f0-4c35-4d6b-8eaa-ca57f18fad53___GH_HL Leaf 229.jpg,tomato_healthy,10,train,plantvillage,tomato_healthy:309
train/tomato_healthy/f65afb75-30bc-4d44-adbd-d262ebe07ad5___GH_HL Leaf 222.1.jpg,tomato_healthy,10,train,plantvillage,tomato_healthy:310
train/tomato_healthy/fb084c48-8c42-43a1-8193-191ba873bd2d___GH_HL Leaf 514.1.jpg,tomato_healthy,10,train,plantvillage,tomato_healthy:312
train/tomato_healthy/fb123526-11fd-4d0d-96cc-3423da0b61a2___RS_HL 9756.jpg,tomato_healthy,10,train,plantvillage,tomato_healthy:313
train/tomato_healthy/fc22b565-e97b-454d-8792-fd945d1badc5___RS_HL 9880.jpg,tomato_healthy,10,train,plantvillage,tomato_healthy:314
train/tomato_late_blight/01425d17-4c97-46e3-b395-c1453b78ab78___GHLB2 Leaf 9100.jpg,tomato_late_blight,11,train,plantvillage,tomato_late_blight:0
train/tomato_late_blight/02fe963e-7c68-4fd3-9f8f-36bf9e153c20___GHLB2 Leaf 8581.jpg,tomato_late_blight,11,train,plantvillage,tomato_late_blight:2
train/tomato_late_blight/03a15d38-e1b5-4586-b763-2bad2d268290___RS_Late.B 5207.jpg,tomato_late_blight,11,train,plantvillage,tomato_late_blight:3
train/tomato_late_blight/050ddb3f-1eb7-4905-8fa3-fc537dc50b7a___GHLB2 Leaf 9042.jpg,tomato_late_blight,11,train,plantvillage,tomato_late_blight:5
train/tomato_late_blight/0524e8c4-56d9-41e2-b22d-33f22950ff93___RS_Late.B 5320.jpg,tomato_late_blight,11,train,plantvillage,tomato_late_blight:6
train/tomato_late_blight/06f654df-cf43-4fd6-b30f-78425136bc35___GHLB2 Leaf 86.2.jpg,tomato_late_blight,11,train,plantvillage,tomato_late_blight:7
train/tomato_late_blight/0736fe9f-bd15-4a85-ab6e-2b570b10f377___GHLB2 Leaf 64.1.jpg,tomato_late_blight,11,train,plantvillage,tomato_late_blight:8
train/tomato_late_blight/076b2ce4-1c8f-42a6-9f7d-b0be9c0a01cd___RS_Late.B 5108.jpg,tomato_late_blight,11,train,plantvillage,tomato_late_blight:9
train/tomato_late_blight/07897854-c2ab-465b-8cf7-a134b6066a1c___GHLB Leaf 1.1 Day 6.jpg,tomato_late_blight,11,train,plantvillage,tomato_late_blight:10
train/tomato_late_blight/07b42bb5-9f6c-43bc-9bbe-e4b127d84cb6___GHLB Leaf 18.1 Day 8.jpg,tomato_late_blight,11,train,plantvillage,tomato_late_blight:11
train/tomato_late_blight/083bd43d-7dcb-4f3c-a0ca-6de1f468c9ef___RS_Late.B 5173.jpg,tomato_late_blight,11,train,plantvillage,tomato_late_blight:12
train/tomato_late_blight/0879b927-2226-455f-9eac-10f5e1f36fdd___RS_Late.B 5331.jpg,tomato_late_blight,11,train,plantvillage,tomato_late_blight:14
train/tomato_late_blight/08f6ed0a-4cd0-4bd3-8983-469002cad2d9___GHLB2 Leaf 9078.jpg,tomato_late_blight,11,train,plantvillage,tomato_late_blight:16
train/tomato_late_blight/09cdb8a4-0c20-4acd-b4c8-709fad7010fd___GHLB_PS Leaf 37 Day 16.jpg,tomato_late_blight,11,train,plantvillage,tomato_late_blight:17
train/tomato_late_blight/0a8967d4-bb72-4fe4-8096-55fc57437557___RS_Late.B 6974.jpg,tomato_late_blight,11,train,plantvillage,tomato_late_blight:19
train/tomato_late_blight/0ab172fa-ac7b-4a3e-90c8-0708703eb3bb___RS_Late.B 5572.jpg,tomato_late_blight,11,train,plantvillage,tomato_late_blight:20
train/tomato_late_blight/0b52ebed-e711-41f2-bfd1-af73410b370e___RS_Late.B 5463.jpg,tomato_late_blight,11,train,plantvillage,tomato_late_blight:21
train/tomato_late_blight/0b6caac4-cc62-4c46-9de4-1815a0aa6dbe___GHLB2 Leaf 8799.jpg,tomato_late_blight,11,train,plantvillage,tomato_late_blight:22
train/tomato_late_blight/0b988f87-fdce-40ba-aa09-7e6c9e1d6d30___GHLB_PS Leaf 21 Day 8.jpg,tomato_late_blight,11,train,plantvillage,tomato_late_blight:23
train/tomato_late_blight/0c3153b2-0e64-41b6-902a-66eafbf7cae6___GHLB Leaf 4.1 Day 1.jpg,tomato_late_blight,11,train,plantvillage,tomato_late_blight:24
train/tomato_late_blight/0dc24e61-c636-49e4-9a3d-3aa9a0efb429___GHLB2ES Leaf 69.jpg,tomato_late_blight,11,train,plantvillage,tomato_late_blight:26
train/tomato_late_blight/0ed7d5f6-9394-4ae7-87db-3de58f469263___GHLB2 Leaf 8732.jpg,tomato_late_blight,11,train,plantvillage,tomato_late_blight:27
train/tomato_late_blight/10019e40-277e-4d69-8dee-8c034a3752a1___GHLB2ES Leaf 62.jpg,tomato_late_blight,11,train,plantvillage,tomato_late_blight:28
train/tomato_late_blight/117a7f38-eaa6-4f88-b892-33e2a66d77d5___RS_Late.B 5129.jpg,tomato_late_blight,11,train,plantvillage,tomato_late_blight:29
train/tomato_late_blight/1329e768-8331-4853-8d35-c03f5586c645___GHLB2 Leaf 8867.jpg,tomato_late_blight,11,train,plantvillage,tomato_late_blight:31
train/tomato_late_blight/1546f916-115c-42dc-90c7-ff8d53c4273f___RS_Late.B 4836.jpg,tomato_late_blight,11,train,plantvillage,tomato_late_blight:33
train/tomato_late_blight/157250ce-f291-48ec-9d81-184af5400f90___RS_Late.B 6652.jpg,tomato_late_blight,11,train,plantvillage,tomato_late_blight:34
train/tomato_late_blight/1847f41b-f412-46a2-90c1-21ba9aac6246___RS_Late.B 6816.jpg,tomato_late_blight,11,train,plantvillage,tomato_late_blight:37
train/tomato_late_blight/18568211-18d7-453f-84a4-d22e2088ec33___RS_Late.B 5239.jpg,tomato_late_blight,11,train,plantvillage,tomato_late_blight:38
train/tomato_late_blight/1869d21d-5461-4378-bddb-8de766b836f7___GHLB Leaf 12 Day 6.jpg,tomato_late_blight,11,train,plantvillage,tomato_late_blight:39
train/tomato_late_blight/19bfccfd-5df8-41be-910e-2c5f3eae3573___GHLB2 Leaf 8597.jpg,tomato_late_blight,11,train,plantvillage,tomato_late_blight:41
train/tomato_late_blight/1a895389-ec7f-4622-afaf-9afe6c16a26a___RS_Late.B 5172.jpg,tomato_late_blight,11,train,plantvillage,tomato_late_blight:42
train/tomato_late_blight/1aa88c5b-384f-43cf-8046-0d32d26a1133___GHLB Leaf 24 Day 12.jpg,tomato_late_blight,11,train,plantvillage,tomato_late_blight:44
train/tomato_late_blight/1bfebfc9-3eda-4889-bdb1-75a8929a1b4f___GHLB_PS Leaf 48 Day 18.jpg,tomato_late_blight,11,train,plantvillage,tomato_late_blight:47
train/tomato_late_blight/1c0bc46f-d72f-4826-9cb4-8879d80cac73___GHLB2 Leaf 9012.jpg,tomato_late_blight,11,train,plantvillage,tomato_late_blight:48
train/tomato_late_blight/1def69ef-c2f3-4052-8f02-b397428c7580___GHLB2 Leaf 8627.jpg,tomato_late_blight,11,train,plantvillage,tomato_late_blight:50
train/tomato_late_blight/20fe383e-d172-4aee-b76c-d82420e93b0c___RS_Late.B 5519.jpg,tomato_late_blight,11,train,plantvillage,tomato_late_blight:54
train/tomato_late_blight/2248836f-550a-4183-a2d8-5ff5f87e1800___GHLB2 Leaf 8810.jpg,tomato_late_blight,11,train,plantvillage,tomato_late_blight:56
train/tomato_late_blight/22686908-57fc-4567-92c4-e736d90744b4___GHLB2 Leaf 8590.jpg,tomato_late_blight,11,train,plantvillage,tomato_late_blight:57
train/tomato_late_blight/22c36fa3-849f-4918-8790-99a8bda1e527___RS_Late.B 5987.jpg,tomato_late_blight,11,train,plantvillage,tomato_late_blight:58
train/tomato_late_blight/239c7429-bf86-4ee3-9271-74314374ba35___RS_Late.B 6616.jpg,tomato_late_blight,11,train,plantvillage,tomato_late_blight:59
train/tomato_late_blight/246cb5c4-d52f-4ba4-a77c-915f5a5c7d2b___GHLB2 Leaf 85.2.jpg,tomato_late_blight,11,train,plantvillage,tomato_late_blight:61
train/tomato_late_blight/26deb2c1-3321-46e1-b900-c27853632d65___RS_Late.B 5561.jpg,tomato_late_blight,11,train,plantvillage,tomato_late_blight:62
train/tomato_late_blight/28e858c2-03ac-423c-8e0c-72e38a5634d9___GHLB_PS Leaf 2.2 Day 13.jpg,tomato_late_blight,11,train,plantvillage,tomato_late_blight:63
train/tomato_late_blight/28f782dd-1c8a-439d-9eb6-e55c52ef45bd___RS_Late.B 5447.jpg,tomato_late_blight,11,train,plantvillage,tomato_late_blight:64
train/tomato_late_blight/29587a7b-a64d-4d2e-8fab-d0ec587e8ecd___GHLB2 Leaf 9081.jpg,tomato_late_blight,11,train,plantvillage,tomato_late_blight:66
train/tomato_late_blight/29eb16c9-e283-46f3-b373-4cfb2cd511d2___GHLB2 Leaf 9055.jpg,tomato_late_blight,11,train,plantvillage,tomato_late_blight:67
train/tomato_late_blight/2b3bc2ea-6604-4b73-9e6d-023211f1ebc4___GHLB2 Leaf 112.2.jpg,tomato_late_blight,11,train,plantvillage,tomato_late_blight:68
train/tomato_late_blight/2dd36c99-7454-499f-8ff5-d25a01568d33___GHLB2 Leaf 99.jpg,tomato_late_blight,11,train,plantvillage,tomato_late_blight:69
train/tomato_late_blight/2f433332-c89a-482b-993b-37a3a10096e0___GHLB2 Leaf 8616.jpg,tomato_late_blight,11,train,plantvillage,tomato_late_blight:71
train/tomato_late_blight/3152f2ab-94e6-4e06-8fb9-568c45d31b0b___RS_Late.B 6175.jpg,tomato_late_blight,11,train,plantvillage,tomato_late_blight:72
train/tomato_late_blight/33056b9e-f204-4e90-8525-2ebfad803b5c___RS_Late.B 5388.jpg,tomato_late_blight,11,train,plantvillage,tomato_late_blight:73
train/tomato_late_blight/35262a28-c600-4d1a-9179-f2e0d1638c08___GHLB_PS Leaf 42 Day 18.jpg,tomato_late_blight,11,train,plantvillage,tomato_late_blight:74
train/tomato_late_blight/354a2aba-3f4a-4fc4-9598-cdbe291ed167___RS_Late.B 7098.jpg,tomato_late_blight,11,train,plantvillage,tomato_late_blight:75
train/tomato_late_blight/36193f11-7789-416d-b0dd-0cae49f74836___GHLB Leaf 23.2 Day 18.jpg,tomato_late_blight,11,train,plantvillage,tomato_late_blight:76
train/tomato_late_blight/379e967d-88c2-422e-9f5f-e4b671fd4511___RS_Late.B 6253.jpg,tomato_late_blight,11,train,plantvillage,tomato_late_blight:77
train/tomato_late_blight/3811b546-53ab-4856-a1b2-b228229b09a4___RS_Late.B 6131.jpg,tomato_late_blight,11,train,plantvillage,tomato_late_blight:78
train/tomato_late_blight/38121028-f6a2-44f7-be49-5c4b7c296d1e___GHLB2 Leaf 9108.jpg,tomato_late_blight,11,train,plantvillage,tomato_late_blight:79
train/tomato_late_blight/39061157-ee50-40a5-8e24-c083fb6725e7___GHLB2 Leaf 8873.jpg,tomato_late_blight,11,train,plantvillage,tomato_late_blight:81
train/tomato_late_blight/39c5ef21-730a-4e51-9eb0-a7639295c116___RS_Late.B 5157.jpg,tomato_late_blight,11,train,plantvillage,tomato_late_blight:82
train/tomato_late_blight/3ae2b5f3-a42f-49b1-8d27-dcfaaeda602f___GHLB2 Leaf 8840.jpg,tomato_late_blight,11,train,plantvillage,tomato_late_blight:84
train/tomato_late_blight/3de17184-cbec-4397-813e-1bbc3bc5cb6a___RS_Late.B 7050.jpg,tomato_late_blight,11,train,plantvillage,tomato_late_blight:86
train/tomato_late_blight/3e1ddc38-64bb-4976-950d-7e228638d70e___GHLB2ES Leaf 65.1.jpg,tomato_late_blight,11,train,plantvillage,tomato_late_blight:89
train/tomato_late_blight/3fbc7d2b-b44e-4562-901f-61eed2e4e38c___RS_Late.B 6045.jpg,tomato_late_blight,11,train,plantvillage,tomato_late_blight:91
train/tomato_late_blight/4206d227-db97-4b7e-8433-042f12d6681b___GHLB2 Leaf 8654.jpg,tomato_late_blight,11,train,plantvillage,tomato_late_blight:92
train/tomato_late_blight/4241f3aa-06c9-433a-91ef-97061a03dfae___RS_Late.B 4985.jpg,tomato_late_blight,11,train,plantvillage,tomato_late_blight:93
train/tomato_late_blight/435f78a8-70a8-4df9-b227-c6230301a17e___RS_Late.B 6672.jpg,tomato_late_blight,11,train,plantvillage,tomato_late_blight:94
train/tomato_late_blight/4431e0a9-f61b-4eff-a592-506a6c6606b2___RS_Late.B 7104.jpg,tomato_late_blight,11,train,plantvillage,tomato_late_blight:95
train/tomato_late_blight/44de5100-871f-495d-b4c6-70ab89059a68___RS_Late.B 7043.jpg,tomato_late_blight,11,train,plantvillage,tomato_late_blight:97
train/tomato_late_blight/44e96c62-48e6-454c-bab5-c34569deb2a5___RS_Late.B 5162.jpg,tomato_late_blight,11,train,plantvillage,tomato_late_blight:98
train/tomato_late_blight/452dfdfb-298d-4c0c-b500-0c480eea587d___GHLB_PS Leaf 40 Day 18.jpg,tomato_late_blight,11,train,plantvillage,tomato_late_blight:99
train/tomato_late_blight/460e4daf-39e2-48d0-9a85-52442fc36e14___RS_Late.B 6688.jpg,tomato_late_blight,11,train,plantvillage,tomato_late_blight:100
train/tomato_late_blight/4648b0c8-1c09-4cb9-b0dc-67515432d802___GHLB2ES Leaf 69.3.jpg,tomato_late_blight,11,train,plantvillage,tomato_late_blight:101
train/tomato_late_blight/46c6a276-b915-46d0-9a28-5655645c2d8b___RS_Late.B 7115.jpg,tomato_late_blight,11,train,plantvillage,tomato_late_blight:102
train/tomato_late_blight/46e4103f-f240-48cc-ae17-9466fcbec332___RS_Late.B 6650.jpg,tomato_late_blight,11,train,plantvillage,tomato_late_blight:103
train/tomato_late_blight/47a9ad56-28b2-4aaa-915e-55d04bef03b7___RS_Late.B 5425.jpg,tomato_late_blight,11,train,plantvillage,tomato_late_blight:106
train/tomato_late_blight/48246fa8-29ce-4ae2-abc3-586440295cf0___RS_Late.B 5459.jpg,tomato_late_blight,11,train,plantvillage,tomato_late_blight:107
train/tomato_late_blight/48f00178-13a0-4565-b09d-57944fe67472___RS_Late.B 5081.jpg,tomato_late_blight,11,train,plantvillage,tomato_late_blight:108
train/tomato_late_blight/4ab57bec-a118-4686-a9dd-f6ee3cdd0c55___GHLB2 Leaf 8695.jpg,tomato_late_blight,11,train,plantvillage,tomato_late_blight:110
train/tomato_late_blight/4de5d2c4-bed5-436a-95e2-bcf43a1723fd___GHLB2 Leaf 8727.jpg,tomato_late_blight,11,train,plantvillage,tomato_late_blight:112
train/tomato_late_blight/4ef693d7-c1e2-4dbc-896d-874b5eb15d13___GHLB2 Leaf 8877.jpg,tomato_late_blight,11,train,plantvillage,tomato_late_blight:113
train/tomato_late_blight/50d87798-e696-4845-89d8-13de30ebbdcd___GHLB2 Leaf 8818.jpg,tomato_late_blight,11,train,plantvillage,tomato_late_blight:116
train/tomato_late_blight/5114b264-0305-4447-b560-6ca1826d3420___GHLB_PS Leaf 24.1 Day 16.jpg,tomato_late_blight,11,train,plantvillage,tomato_late_blight:118
train/tomato_late_blight/511ea2f2-d960-4cb2-9a0d-e049646a022e___RS_Late.B 5083.jpg,tomato_late_blight,11,train,plantvillage,tomato_late_blight:119
train/tomato_late_blight/518253c3-eb2d-436f-84eb-9fd969e849cf___RS_Late.B 5194.jpg,tomato_late_blight,11,train,plantvillage,tomato_late_blight:120
train/tomato_late_blight/52edaa52-3129-44d4-9d3b-cfb9edf3e3fe___GHLB2 Leaf 8702.jpg,tomato_late_blight,11,train,plantvillage,tomato_late_blight:121
train/tomato_late_blight/532b555e-ffd6-4864-abab-50cace76653d___GHLB2 Leaf 164.1.jpg,tomato_late_blight,11,train,plantvillage,tomato_late_blight:122
train/tomato_late_blight/54ead8ea-8e27-4c67-b683-7420d5c6ae3e___RS_Late.B 6061.jpg,tomato_late_blight,11,train,plantvillage,tomato_late_blight:125
train/tomato_late_blight/555b889a-d22e-4371-bd35-21ae629604ff___RS_Late.B 6742.jpg,tomato_late_blight,11,train,plantvillage,tomato_late_blight:126
train/tomato_late_blight/558681eb-ad2c-4c93-a347-c140f7e4517a___GHLB2 Leaf 116.1.jpg,tomato_late_blight,11,train,plantvillage,tomato_late_blight:127
train/tomato_late_blight/56276ee7-be4e-46a5-a58b-ac12858c136c___RS_Late.B 6227.jpg,tomato_late_blight,11,train,plantvillage,tomato_late_blight:129
train/tomato_late_blight/5688ea99-c949-41d0-bbab-9cbf0ffb8bcd___GHLB2 Leaf 8677.jpg,tomato_late_blight,11,train,plantvillage,tomato_late_blight:130
train/tomato_late_blight/57562e67-9700-477f-9a67-a3c0459fe00a___RS_Late.B 6292.jpg,tomato_late_blight,11,train,plantvillage,tomato_late_blight:131
train/tomato_late_blight/58e44a1a-8c19-4a83-834e-c40474a2cd51___GHLB2 Leaf 55.1.jpg,tomato_late_blight,11,train,plantvillage,tomato_late_blight:133
train/tomato_late_blight/5b71f955-289e-4279-896c-b79d69c8dd5e___RS_Late.B 6495.jpg,tomato_late_blight,11,train,plantvillage,tomato_late_blight:134
train/tomato_late_blight/5c5142ea-6b6b-4ea5-bd9c-b2da28bfadfa___RS_Late.B 5634.jpg,tomato_late_blight,11,train,plantvillage,tomato_late_blight:135
train/tomato_late_blight/5ced2ede-33df-44e7-8063-a27ad667cd1a___RS_Late.B 6721.jpg,tomato_late_blight,11,train,plantvillage,tomato_late_blight:136
train/tomato_late_blight/5ee4e525-31bd-415c-9f64-30746c2434d7___RS_Late.B 4883.jpg,tomato_late_blight,11,train,plantvillage,tomato_late_blight:138
train/tomato_late_blight/5f473bdb-1899-4877-8d8f-df2e94996d1f___RS_Late.B 6266.jpg,tomato_late_blight,11,train,plantvillage,tomato_late_blight:139
train/tomato_late_blight/601bb6d6-6959-40d1-b0f4-5f7030172995___GHLB2 Leaf 126.jpg,tomato_late_blight,11,train,plantvillage,tomato_late_blight:141
train/tomato_late_blight/60bdbf17-c59d-48de-bfc1-a6c0bda17a9e___RS_Late.B 4840.jpg,tomato_late_blight,11,train,plantvillage,tomato_late_blight:142
train/tomato_late_blight/6153ccd5-1c83-493f-a6a6-bf0ec0964aaf___GHLB2 Leaf 9105.jpg,tomato_late_blight,11,train,plantvillage,tomato_late_blight:143
train/tomato_late_blight/623fd84d-2230-42fb-bb93-170cd516ffd2___RS_Late.B 4864.jpg,tomato_late_blight,11,train,plantvillage,tomato_late_blight:144
train/tomato_late_blight/62aff181-7479-4134-bb2e-9acbbf062a3b___RS_Late.B 6449.jpg,tomato_late_blight,11,train,plantvillage,tomato_late_blight:146
train/tomato_late_blight/63385691-5de8-4652-abe5-15727fdcab4b___RS_Late.B 5342.jpg,tomato_late_blight,11,train,plantvillage,tomato_late_blight:147
train/tomato_late_blight/63bd9158-43c2-4b8f-b4ee-a8935f8e3096___GHLB Leaf 1 Day 6.jpg,tomato_late_blight,11,train,plantvillage,tomato_late_blight:148
train/tomato_late_blight/65576adf-cef4-4f1a-8b7c-881e8729bdbf___GHLB2 Leaf 147.jpg,tomato_late_blight,11,train,plantvillage,tomato_late_blight:149
train/tomato_late_blight/6578c88a-fd14-450b-8e75-c94571decf83___GHLB2 Leaf 8849.jpg,tomato_late_blight,11,train,plantvillage,tomato_late_blight:151
train/tomato_late_blight/695709e4-d869-4003-97eb-b2de21d5d1a5___GHLB2ES Leaf 62.1.jpg,tomato_late_blight,11,train,plantvillage,tomato_late_blight:154
train/tomato_late_blight/697751e5-f4d4-448e-bf98-656ebfd01ba5___RS_Late.B 5180.jpg,tomato_late_blight,11,train,plantvillage,tomato_late_blight:155
train/tomato_late_blight/6c9c73fa-5c8d-40ce-9221-a600908bff33___RS_Late.B 4893.jpg,tomato_late_blight,11,train,plantvillage,tomato_late_blight:157
train/tomato_late_blight/6d010698-482e-4445-afd2-dc8dca53ed19___RS_Late.B 5493.jpg,tomato_late_blight,11,train,plantvillage,tomato_late_blight:158
train/tomato_late_blight/6d746e99-e139-42e5-b0be-4c38c0efe6b2___RS_Late.B 5456.jpg,tomato_late_blight,11,train,plantvillage,tomato_late_blight:159
train/tomato_late_blight/6d8ee18d-8dcf-48b1-aec6-60752c839ee1___RS_Late.B 6887.jpg,tomato_late_blight,11,train,plantvillage,tomato_late_blight:160
train/tomato_late_blight/6dbef77b-50b6-4d0f-970a-d86f9df2254e___RS_Late.B 6936.jpg,tomato_late_blight,11,train,plantvillage,tomato_late_blight:161
train/tomato_late_blight/6dbfb834-5654-4526-8014-2b33ef976892___RS_Late.B 6172.jpg,tomato_late_blight,11,train,plantvillage,tomato_late_blight:162
train/tomato_late_blight/6f52294c-e947-4fdc-b818-60b1d47beb06___RS_Late.B 6231.jpg,tomato_late_blight,11,train,plantvillage,tomato_late_blight:164
train/tomato_late_blight/6fcf86a2-e2fd-4a55-bdd4-216d58497f55___RS_Late.B 5064.jpg,tomato_late_blight,11,train,plantvillage,tomato_late_blight:165
train/tomato_late_blight/70fa3718-7288-47cb-8e13-a16afbec4fe6___GHLB2 Leaf 127.jpg,tomato_late_blight,11,train,plantvillage,tomato_late_blight:167
train/tomato_late_blight/728bec30-bf7b-40f0-abb5-cf6a78d018da___GHLB2 Leaf 8817.jpg,tomato_late_blight,11,train,plantvillage,tomato_late_blight:168
train/tomato_late_blight/73ef196e-eeb9-4fe6-93fe-d7c5d879c455___GHLB2 Leaf 9027.jpg,tomato_late_blight,11,train,plantvillage,tomato_late_blight:170
train/tomato_late_blight/757868c3-554d-4d29-bec3-fee3d8200c38___GHLB2 Leaf 9080.jpg,tomato_late_blight,11,train,plantvillage,tomato_late_blight:173
train/tomato_late_blight/7868d41c-77db-4a0e-90e3-b4a90a17bfdc___RS_Late.B 5401.jpg,tomato_late_blight,11,train,plantvillage,tomato_late_blight:176
train/tomato_late_blight/78863d29-72bb-494d-8f05-c5648130283f___GHLB2 Leaf 9112.jpg,tomato_late_blight,11,train,plantvillage,tomato_late_blight:177
train/tomato_late_blight/7d2ecdff-4eca-4f8e-b550-166d668498ba___GHLB2 Leaf 8602.jpg,tomato_late_blight,11,train,plantvillage,tomato_late_blight:180
train/tomato_late_blight/7e322351-379f-4b07-8001-01baf6bf589c___RS_Late.B 7038.jpg,tomato_late_blight,11,train,plantvillage,tomato_late_blight:182
train/tomato_late_blight/7edf8e92-d212-46f4-843e-0c08bd263f73___GHLB2 Leaf 8944.jpg,tomato_late_blight,11,train,plantvillage,tomato_late_blight:184
train/tomato_late_blight/7f847477-1111-4f20-9de5-56153bee415b___RS_Late.B 5049.jpg,tomato_late_blight,11,train,plantvillage,tomato_late_blight:185
train/tomato_late_blight/7f8ee689-9c51-4f8b-baa2-3ce1125b765e___GHLB2 Leaf 8569.jpg,tomato_late_blight,11,train,plantvillage,tomato_late_blight:186
train/tomato_late_blight/7fe41e8b-a062-4403-97b1-0415e2cf8fc5___RS_Late.B 7055.jpg,tomato_late_blight,11,train,plantvillage,tomato_late_blight:187
train/tomato_late_blight/804a100c-1ef1-4178-9c2f-7468bcb484f3___GHLB2 Leaf 88.jpg,tomato_late_blight,11,train,plantvillage,tomato_late_blight:188
train/tomato_late_blight/804affe6-213e-4bcc-8736-e5034a31e454___GHLB2 Leaf 8659.jpg,tomato_late_blight,11,train,plantvillage,tomato_late_blight:189
train/tomato_late_blight/8080a99f-e35d-4a1f-b26e-e2df8cf79408___RS_Late.B 6183.jpg,tomato_late_blight,11,train,plantvillage,tomato_late_blight:190
train/tomato_late_blight/8217ab61-6b5f-4874-8046-d801d40cff3d___RS_Late.B 6089.jpg,tomato_late_blight,11,train,plantvillage,tomato_late_blight:192
train/tomato_late_blight/843d28c8-6dc1-4048-94fc-8064ee8ff394___RS_Late.B 6746.jpg,tomato_late_blight,11,train,plantvillage,tomato_late_blight:193
train/tomato_late_blight/845735fd-cca2-4d7b-ace8-292ca8f5f940___GHLB2 Leaf 8771.jpg,tomato_late_blight,11,train,plantvillage,tomato_late_blight:194
train/tomato_late_blight/88e31b4e-77e8-46ed-8e90-e48e6ec4e8eb___RS_Late.B 7077.jpg,tomato_late_blight,11,train,plantvillage,tomato_late_blight:196
train/tomato_late_blight/8c7b818d-de11-4989-8991-48e4234e2ab4___GHLB2 Leaf 116.2.jpg,tomato_late_blight,11,train,plantvillage,tomato_late_blight:200
train/tomato_late_blight/8da9d06c-bc6c-45d1-abd5-e864a8293aae___RS_Late.B 4934.jpg,tomato_late_blight,11,train,plantvillage,tomato_late_blight:201
train/tomato_late_blight/8dbcc7c8-5845-43e4-867f-b9f7da8a53c3___GHLB2 Leaf 8786.jpg,tomato_late_blight,11,train,plantvillage,tomato_late_blight:202
train/tomato_late_blight/8e89b070-c8f0-47f5-a7c4-e28a92e0454b___GHLB2 Leaf 9097.jpg,tomato_late_blight,11,train,plantvillage,tomato_late_blight:203
train/tomato_late_blight/8f268f79-0230-4dfb-a7e9-e68bb506798e___GHLB2 Leaf 8739.jpg,tomato_late_blight,11,train,plantvillage,tomato_late_blight:204
train/tomato_late_blight/8fa3a59d-3e37-4b30-bdf7-35979c324626___RS_Late.B 4907.jpg,tomato_late_blight,11,train,plantvillage,tomato_late_blight:205
train/tomato_late_blight/90b93808-6b41-4539-9a76-ebe75ba61202___GHLB2 Leaf 155.jpg,tomato_late_blight,11,train,plantvillage,tomato_late_blight:207
train/tomato_late_blight/9125266c-1269-43ff-b813-2052f3d16a9d___GHLB2 Leaf 8536.jpg,tomato_late_blight,11,train,plantvillage,tomato_late_blight:208
train/tomato_late_blight/914e1c39-d7e1-4b6e-83be-254ab705746b___GHLB2 Leaf 101.3.jpg,tomato_late_blight,11,train,plantvillage,tomato_late_blight:210
train/tomato_late_blight/9176c69b-991a-4cd0-bfad-9742ad81a8b4___RS_Late.B 4989.jpg,tomato_late_blight,11,train,plantvillage,tomato_late_blight:211
train/tomato_late_blight/92a458d9-e19a-4080-a7fe-ec6c83af7c0c___GHLB2 Leaf 8730.jpg,tomato_late_blight,11,train,plantvillage,tomato_late_blight:212
train/tomato_late_blight/94531b7b-15e2-4cd3-b6c2-cb3df21c9848___GHLB2 Leaf 8559.jpg,tomato_late_blight,11,train,plantvillage,tomato_late_blight:213
train/tomato_late_blight/97968e5a-b1d0-428c-842a-f77308212339___GHLB_PS Leaf 46.2 Day 18.jpg,tomato_late_blight,11,train,plantvillage,tomato_late_blight:217
train/tomato_late_blight/98c02c7b-95b3-4714-8837-0df2d929a39e___GHLB2 Leaf 8700.jpg,tomato_late_blight,11,train,plantvillage,tomato_late_blight:219
train/tomato_late_blight/993ba935-925c-411c-887f-b06670d884c6___GHLB2 Leaf 100.1.jpg,tomato_late_blight,11,train,plantvillage,tomato_late_blight:221
train/tomato_late_blight/9aaf4a7d-12ac-457a-a18c-1f7ea13065de___RS_Late.B 5179.jpg,tomato_late_blight,11,train,plantvillage,tomato_late_blight:222
train/tomato_late_blight/9bd2db81-5615-49e0-8697-e38d34b5a2ca___GHLB_PS Leaf 24.2 Day 13.jpg,tomato_late_blight,11,train,plantvillage,tomato_late_blight:223
train/tomato_late_blight/9cea37cf-f81c-464d-9379-13026d428cc9___RS_Late.B 5344.jpg,tomato_late_blight,11,train,plantvillage,tomato_late_blight:224
train/tomato_late_blight/9d2ecf1a-640b-4427-9092-0ce7c08cb6d0___GHLB2 Leaf 8611.jpg,tomato_late_blight,11,train,plantvillage,tomato_late_blight:225
train/tomato_late_blight/9d71e1ca-5f24-4932-8b15-e280f6582c95___GHLB2 Leaf 94.1.jpg,tomato_late_blight,11,train,plantvillage,tomato_late_blight:226
train/tomato_late_blight/9d849fe1-407c-44dc-9f48-92fd23d0887d___GHLB2 Leaf 8624.jpg,tomato_late_blight,11,train,plantvillage,tomato_late_blight:227
train/tomato_late_blight/9eb4d497-0c22-4f14-b779-4d2df664f25a___RS_Late.B 7158.jpg,tomato_late_blight,11,train,plantvillage,tomato_late_blight:228
train/tomato_late_blight/9f79bf03-7797-491c-98c8-e7fd2c49f435___RS_Late.B 5520.jpg,tomato_late_blight,11,train,plantvillage,tomato_late_blight:229
train/tomato_late_blight/a06cd325-69d3-476c-a515-7e836bb39f3a___RS_Late.B 7126.jpg,tomato_late_blight,11,train,plantvillage,tomato_late_blight:230
train/tomato_late_blight/a1df42a3-9ea0-491b-a075-14b6ae8068dd___GHLB2 Leaf 8664.jpg,tomato_late_blight,11,train,plantvillage,tomato_late_blight:231
train/tomato_late_blight/a4dd9b8a-c4bc-40c2-87f2-686a36789b2c___RS_Late.B 5500.jpg,tomato_late_blight,11,train,plantvillage,tomato_late_blight:234
train/tomato_late_blight/a5278b93-6815-488a-b359-27edb3ff7220___RS_Late.B 5381.jpg,tomato_late_blight,11,train,plantvillage,tomato_late_blight:236
train/tomato_late_blight/a58b9916-46bd-49c2-b26e-de46080fdeee___GHLB2 Leaf 8879.jpg,tomato_late_blight,11,train,plantvillage,tomato_late_blight:237
train/tomato_late_blight/a5e71962-bf6d-486d-ab54-14004feb76da___RS_Late.B 6088.jpg,tomato_late_blight,11,train,plantvillage,tomato_late_blight:239
train/tomato_late_blight/a617c469-1174-43ab-910f-0c31a09dd0be___RS_Late.B 6085.jpg,tomato_late_blight,11,train,plantvillage,tomato_late_blight:241
train/tomato_late_blight/a65ce89e-dc42-4ef6-ae82-68017cec5884___GHLB2 Leaf 8653.jpg,tomato_late_blight,11,train,plantvillage,tomato_late_blight:244
train/tomato_late_blight/a67418bb-f556-4b1d-ac63-839c4ea89b43___RS_Late.B 6914.jpg,tomato_late_blight,11,train,plantvillage,tomato_late_blight:245
train/tomato_late_blight/a6a07e9c-1300-48df-bd43-6c0631bb3ced___RS_Late.B 4958.jpg,tomato_late_blight,11,train,plantvillage,tomato_late_blight:246
train/tomato_late_blight/a78725bd-f2c9-405e-8591-c8b009f43ea7___RS_Late.B 4918.jpg,tomato_late_blight,11,train,plantvillage,tomato_late_blight:247
train/tomato_late_blight/a7c97904-d28e-4dd3-93d1-0758a44bba96___RS_Late.B 7089.jpg,tomato_late_blight,11,train,plantvillage,tomato_late_blight:248
train/tomato_late_blight/a8e0a1e2-02c7-4177-8ee6-e0c80743d6a8___GHLB2 Leaf 113.1.jpg,tomato_late_blight,11,train,plantvillage,tomato_late_blight:249
train/tomato_late_blight/aa1945c1-9d44-4e84-a18c-e5d78e3f4c37___RS_Late.B 5601.jpg,tomato_late_blight,11,train,plantvillage,tomato_late_blight:251
train/tomato_late_blight/ab4a4903-8395-481b-8f97-ee6837f5c094___GHLB_PS Leaf 30 Day 12.jpg,tomato_late_blight,11,train,plantvillage,tomato_late_blight:253
train/tomato_late_blight/ad90bf43-648e-479e-8256-5e4d628cfa36___RS_Late.B 7134.jpg,tomato_late_blight,11,train,plantvillage,tomato_late_blight:255
train/tomato_late_blight/aefc20fb-6226-4bb9-90e7-6619219ec15a___GHLB Leaf 23.2 Day 12.jpg,tomato_late_blight,11,train,plantvillage,tomato_late_blight:256
train/tomato_late_blight/b0a1ada0-f496-46a3-827e-2d721dabee59___GHLB2 Leaf 9086.jpg,tomato_late_blight,11,train,plantvillage,tomato_late_blight:257
train/tomato_late_blight/b17fad17-1d16-4a55-9b4e-d1a35ddbb611___GHLB2 Leaf 8933.jpg,tomato_late_blight,11,train,plantvillage,tomato_late_blight:258
train/tomato_late_blight/b25eff13-2674-4954-a6b8-bbd05ebbe154___GHLB2 Leaf 114.3.jpg,tomato_late_blight,11,train,plantvillage,tomato_late_blight:259
train/tomato_late_blight/b3094af3-490b-4cbe-806e-dc793a94a4fd___RS_Late.B 6490.jpg,tomato_late_blight,11,train,plantvillage,tomato_late_blight:260
train/tomato_late_blight/b4c4e221-ab02-4e57-a82c-5f2dfd431675___RS_Late.B 5029.jpg,tomato_late_blight,11,train,plantvillage,tomato_late_blight:263
train/tomato_late_blight/b62c8328-7089-4b43-b77e-20511356d04b___RS_Late.B 5490.jpg,tomato_late_blight,11,train,plantvillage,tomato_late_blight:265
train/tomato_late_blight/b657dc7a-df76-40e1-bc87-2d61b81040a8___GHLB Leaf 27.1 Day 12.jpg,tomato_late_blight,11,train,plantvillage,tomato_late_blight:267
train/tomato_late_blight/b687c1bd-478f-45ea-a69d-d66f980dea08___GHLB Leaf 7 Day 6.jpg,tomato_late_blight,11,train,plantvillage,tomato_late_blight:268
train/tomato_late_blight/b6a42b14-eb81-4e7b-9ca7-be9bed86c3b8___GHLB Leaf 1.5 Day 12.jpg,tomato_late_blight,11,train,plantvillage,tomato_late_blight:269
train/tomato_late_blight/b88f6060-ca8b-4c4d-bd4c-1ec1ae186b71___GHLB2 Leaf 8711.jpg,tomato_late_blight,11,train,plantvillage,tomato_late_blight:270
train/tomato_late_blight/b9478b81-3911-4589-b169-84c1e1971906___RS_Late.B 5579.jpg,tomato_late_blight,11,train,plantvillage,tomato_late_blight:272
train/tomato_late_blight/b9acddbe-1fc4-44a8-9802-91f0d9f57e22___RS_Late.B 5026.jpg,tomato_late_blight,11,train,plantvillage,tomato_late_blight:273
train/tomato_late_blight/b9b1cf81-a68a-48a5-b3f2-25b45ecc81f7___RS_Late.B 5423.jpg,tomato_late_blight,11,train,plantvillage,tomato_late_blight:274
train/tomato_late_blight/b9caae93-beaf-4587-ac29-b6db2f912cc8___RS_Late.B 6068.jpg,tomato_late_blight,11,train,plantvillage,tomato_late_blight:275
train/tomato_late_blight/bc5fd090-21b4-42d8-82b7-354a7697dc22___RS_Late.B 5546.jpg,tomato_late_blight,11,train,plantvillage,tomato_late_blight:277
train/tomato_late_blight/be9f181f-5692-4811-9678-69dbe94d6ecc___RS_Late.B 4838.jpg,tomato_late_blight,11,train,plantvillage,tomato_late_blight:279
train/tomato_late_blight/bea930ce-b822-464c-9c2b-8e181d0ba3f8___RS_Late.B 7127.jpg,tomato_late_blight,11,train,plantvillage,tomato_late_blight:280
train/tomato_late_blight/beadaf43-1ab3-447b-b60a-d9c3cc8214ff___RS_Late.B 6293.jpg,tomato_late_blight,11,train,plantvillage,tomato_late_blight:281
train/tomato_late_blight/c1775bad-7c02-41fb-bb7d-f8df91d60ac3___GHLB_PS Leaf 23.5 Day 13.jpg,tomato_late_blight,11,train,plantvillage,tomato_late_blight:283
train/tomato_late_blight/c1d826c3-84d2-4f96-9eb5-4eaf983c43be___GHLB2 Leaf 8766.jpg,tomato_late_blight,11,train,plantvillage,tomato_late_blight:284
train/tomato_late_blight/c215da6d-139c-40b7-aeae-41138ff98a1c___GHLB2 Leaf 8932.jpg,tomato_late_blight,11,train,plantvillage,tomato_late_blight:285
train/tomato_late_blight/c3a42f36-c157-43ce-b12b-af47bf026171___GHLB2 Leaf 105.1.jpg,tomato_late_blight,11,train,plantvillage,tomato_late_blight:286
train/tomato_late_blight/c47ca13e-af6a-4e74-bb38-12faeffd8eae___GHLB2 Leaf 163.1.jpg,tomato_late_blight,11,train,plantvillage,tomato_late_blight:287
train/tomato_late_blight/c4e95382-4bc7-4271-89ba-889f1dc55a2b___GHLB2 Leaf 9093.jpg,tomato_late_blight,11,train,plantvillage,tomato_late_blight:289
train/tomato_late_blight/c5749d4c-332c-4017-bcb8-c22d5dbcc91e___GHLB2 Leaf 8803.jpg,tomato_late_blight,11,train,plantvillage,tomato_late_blight:291
train/tomato_late_blight/c6d3045a-d685-4e70-9e68-daaecabdddf4___GHLB2 Leaf 159.2.jpg,tomato_late_blight,11,train,plantvillage,tomato_late_blight:294
train/tomato_late_blight/c6f2f79f-4554-4869-84e0-32df4ed15eb4___RS_Late.B 6399.jpg,tomato_late_blight,11,train,plantvillage,tomato_late_blight:295
train/tomato_late_blight/c782c37e-851e-4601-ab5a-65f627a7a099___RS_Late.B 4911.jpg,tomato_late_blight,11,train,plantvillage,tomato_late_blight:296
train/tomato_late_blight/c7eaa5c7-da88-4df5-bba2-f89c61c82c86___RS_Late.B 4929.jpg,tomato_late_blight,11,train,plantvillage,tomato_late_blight:297
train/tomato_late_blight/c8fbd03f-4935-4199-8f8d-7bc1cc9e024d___GHLB2 Leaf 8941.jpg,tomato_late_blight,11,train,plantvillage,tomato_late_blight:298
train/tomato_late_blight/c9ae05d3-8ffd-49a4-abc3-ceeeabdc1e0d___GHLB2 Leaf 55.jpg,tomato_late_blight,11,train,plantvillage,tomato_late_blight:300
train/tomato_late_blight/cac3a565-799f-4b66-a575-5ad6ff356d37___GHLB_PS Leaf 2.3 Day 8.jpg,tomato_late_blight,11,train,plantvillage,tomato_late_blight:301
train/tomato_late_blight/cbf8d72d-f718-4b68-b609-42b790845c38___GHLB2 Leaf 8887.jpg,tomato_late_blight,11,train,plantvillage,tomato_late_blight:302
train/tomato_late_blight/cd30b663-6808-4c13-9c04-c7aff5fae382___RS_Late.B 5310.jpg,tomato_late_blight,11,train,plantvillage,tomato_late_blight:305
train/tomato_late_blight/cdda8dae-ea06-49fd-bdc3-12852b4105b2___GHLB2 Leaf 8843.jpg,tomato_late_blight,11,train,plantvillage,tomato_late_blight:307
train/tomato_late_blight/ce3f895d-e031-4ed9-ac40-7f6550894bff___GHLB_PS Leaf 52.1 Day 18.jpg,tomato_late_blight,11,train,plantvillage,tomato_late_blight:308
train/tomato_late_blight/ce90a66b-6d07-4fc1-89bd-af0de0c5dee1___GHLB2 Leaf 108.jpg,tomato_late_blight,11,train,plantvillage,tomato_late_blight:310
train/tomato_late_blight/cf724383-bfe7-454a-9f22-bb59072d56ae___RS_Late.B 5442.jpg,tomato_late_blight,11,train,plantvillage,tomato_late_blight:312
train/tomato_late_blight/cfa1ba1d-b853-441d-99b4-0d9d413c8eb0___RS_Late.B 5288.jpg,tomato_late_blight,11,train,plantvillage,tomato_late_blight:313
train/tomato_late_blight/d0dceae1-6bf8-475a-99fa-f27accadece0___GHLB2 Leaf 8778.jpg,tomato_late_blight,11,train,plantvillage,tomato_late_blight:315
train/tomato_late_blight/d1c1488e-f121-4b32-a7f6-24c25ee6b766___RS_Late.B 7102.jpg,tomato_late_blight,11,train,plantvillage,tomato_late_blight:316
train/tomato_late_blight/d28832cb-6291-40c8-b48e-c6019c1eb6a5___RS_Late.B 6437.jpg,tomato_late_blight,11,train,plantvillage,tomato_late_blight:317
train/tomato_late_blight/d2c04ad0-6dbc-4f9c-8566-446bcc9b5953___GHLB2 Leaf 8679.jpg,tomato_late_blight,11,train,plantvillage,tomato_late_blight:318
train/tomato_late_blight/d37ac919-98d9-4838-8fb2-0499175b5be4___RS_Late.B 6819.jpg,tomato_late_blight,11,train,plantvillage,tomato_late_blight:320
train/tomato_late_blight/d3d532b0-4927-4818-a12c-709ce0134435___GHLB2 Leaf 9051.jpg,tomato_late_blight,11,train,plantvillage,tomato_late_blight:321
train/tomato_late_blight/d41d839a-339e-4d0f-985b-04ddd8a5b556___GHLB2 Leaf 8823.jpg,tomato_late_blight,11,train,plantvillage,tomato_late_blight:322
train/tomato_late_blight/d4f41a97-4705-48e0-9707-2deeb12e4ef6___GHLB Leaf 8 Day 6.jpg,tomato_late_blight,11,train,plantvillage,tomato_late_blight:323
train/tomato_late_blight/d519ec29-c557-4ef7-b572-a954c6ec4187___GHLB2 Leaf 9007.jpg,tomato_late_blight,11,train,plantvillage,tomato_late_blight:324
train/tomato_late_blight/d5f68aaa-5700-4957-b08c-dcab8be0d49e___GHLB_PS Leaf 1 Day 9.jpg,tomato_late_blight,11,train,plantvillage,tomato_late_blight:325
train/tomato_late_blight/d5fc4513-574d-4be6-a8ba-1dc840b21fc4___RS_Late.B 6470.jpg,tomato_late_blight,11,train,plantvillage,tomato_late_blight:326
train/tomato_late_blight/d730e978-5e96-4a43-878b-33ffc5b635c4___GHLB2 Leaf 8972.jpg,tomato_late_blight,11,train,plantvillage,tomato_late_blight:327
train/tomato_late_blight/d75d625f-502f-4d16-b78f-b87c2a0f10e7___GHLB2 Leaf 8535.jpg,tomato_late_blight,11,train,plantvillage,tomato_late_blight:328
train/tomato_late_blight/d7b354a6-7044-408d-85ee-b34576e901a4___RS_Late.B 4872.jpg,tomato_late_blight,11,train,plantvillage,tomato_late_blight:329
train/tomato_late_blight/d81682aa-746b-4e07-af2b-52ebb6f4c017___GHLB2 Leaf 102.jpg,tomato_late_blight,11,train,plantvillage,tomato_late_blight:330
train/tomato_late_blight/d91538d7-1e25-442d-8963-86fec71a6545___RS_Late.B 6365.jpg,tomato_late_blight,11,train,plantvillage,tomato_late_blight:332
train/tomato_late_blight/dadc7e0f-8caf-4db0-9a05-f4b724c73bc2___GHLB2 Leaf 8685.jpg,tomato_late_blight,11,train,plantvillage,tomato_late_blight:333
train/tomato_late_blight/dbbe0ac5-5cb6-4bcd-940a-f0a8104d4e79___RS_Late.B 6067.jpg,tomato_late_blight,11,train,plantvillage,tomato_late_blight:334
train/tomato_late_blight/de4f6bd2-15df-45c2-aa3e-da9c42586e67___RS_Late.B 5100.jpg,tomato_late_blight,11,train,plantvillage,tomato_late_blight:335
train/tomato_late_blight/df13d0be-1ef9-4371-bf7f-bedb930fc190___RS_Late.B 4846.jpg,tomato_late_blight,11,train,plantvillage,tomato_late_blight:336
train/tomato_late_blight/df84e2a1-7517-4096-b555-67fe2b7a7156___GHLB2 Leaf 9003.jpg,tomato_late_blight,11,train,plantvillage,tomato_late_blight:337
train/tomato_late_blight/e03a5780-cd8e-431e-8497-4d1233c793d2___GHLB_PS Leaf 28.1 Day 13.jpg,tomato_late_blight,11,train,plantvillage,tomato_late_blight:339
train/tomato_late_blight/e35dbe92-b70f-40ee-bd8a-a12ae07682a2___GHLB2 Leaf 9109.jpg,tomato_late_blight,11,train,plantvillage,tomato_late_blight:341
train/tomato_late_blight/e3c902d2-2086-4025-9a8a-de26b1682cb2___RS_Late.B 5186.jpg,tomato_late_blight,11,train,plantvillage,tomato_late_blight:342
train/tomato_late_blight/e4da845b-394d-4c3b-8f7c-cdab011acafd___RS_Late.B 6712.jpg,tomato_late_blight,11,train,plantvillage,tomato_late_blight:343
train/tomato_late_blight/e56aa8e4-cb6f-4333-816b-3494fc4fe25e___GHLB2 Leaf 8764.jpg,tomato_late_blight,11,train,plantvillage,tomato_late_blight:344
train/tomato_late_blight/e64d0e92-dbc2-44c2-b96a-3da5dc3a1c39___GHLB_PS Leaf 15.1 Day 8.jpg,tomato_late_blight,11,train,plantvillage,tomato_late_blight:345
train/tomato_late_blight/e7ad9c9f-d300-4246-8e98-4e364eb4d7b6___GHLB Leaf 23.1 Day 18.jpg,tomato_late_blight,11,train,plantvillage,tomato_late_blight:346
train/tomato_late_blight/eb1ee57d-0468-4a6c-941d-342cb60ea600___RS_Late.B 5420.jpg,tomato_late_blight,11,train,plantvillage,tomato_late_blight:348
train/tomato_late_blight/eb816984-283e-4a3b-846d-9bf24b1cce8d___GHLB_PS Leaf 37.2 Day 13.jpg,tomato_late_blight,11,train,plantvillage,tomato_late_blight:349
train/tomato_late_blight/ec3d3481-5b97-446c-a1e7-c97334166a50___RS_Late.B 7029.jpg,tomato_late_blight,11,train,plantvillage,tomato_late_blight:350
train/tomato_late_blight/ec658169-804d-46eb-b014-30a3ce6abdb6___GHLB2 Leaf 8899.jpg,tomato_late_blight,11,train,plantvillage,tomato_late_blight:351
train/tomato_late_blight/ec8b22c9-a1b5-402c-9f9c-5bd24a209b94___RS_Late.B 6687.jpg,tomato_late_blight,11,train,plantvillage,tomato_late_blight:352
train/tomato_late_blight/ed974f5b-e999-46a9-9e22-da51da2766b6___GHLB_PS Leaf 8 Day 16.jpg,tomato_late_blight,11,train,plantvillage,tomato_late_blight:354
train/tomato_late_blight/edec546b-3d6b-40e1-a11e-fb03a34cad5a___GHLB2 Leaf 8613.jpg,tomato_late_blight,11,train,plantvillage,tomato_late_blight:355
train/tomato_late_blight/ef80fa2f-c46a-429d-a78a-b873bf6b27f9___RS_Late.B 6458.jpg,tomato_late_blight,11,train,plantvillage,tomato_late_blight:358
train/tomato_late_blight/f0ac2b25-fb74-43f7-9ca6-52bb05dd2ec2___RS_Late.B 6545.jpg,tomato_late_blight,11,train,plantvillage,tomato_late_blight:359
train/tomato_late_blight/f14bdea6-8f1d-47c4-ab6f-dbf05c994901___GHLB2 Leaf 9046.jpg,tomato_late_blight,11,train,plantvillage,tomato_late_blight:360
train/tomato_late_blight/f27d1b5c-46e2-442f-846d-dd5c6018bb2a___RS_Late.B 6984.jpg,tomato_late_blight,11,train,plantvillage,tomato_late_blight:361
train/tomato_late_blight/f33028e4-68df-4312-ba25-94d65f03efcf___RS_Late.B 5530.jpg,tomato_late_blight,11,train,plantvillage,tomato_late_blight:362
train/tomato_late_blight/f59830b4-079b-4ca4-9c92-7416f0818a2b___RS_Late.B 5010.jpg,tomato_late_blight,11,train,plantvillage,tomato_late_blight:366
train/tomato_late_blight/f7b65254-1bf9-4bf5-88fb-52c88373587c___RS_Late.B 5225.jpg,tomato_late_blight,11,train,plantvillage,tomato_late_blight:368
train/tomato_late_blight/f8176522-163b-48ee-a1a2-ea94c782b4ad___RS_Late.B 6137.jpg,tomato_late_blight,11,train,plantvillage,tomato_late_blight:369
train/tomato_late_blight/f879b7d4-efe4-4b31-8a89-35db50d561c9___RS_Late.B 4897.jpg,tomato_late_blight,11,train,plantvillage,tomato_late_blight:370
train/tomato_late_blight/fabaa5c5-3180-49b7-b538-d1a31316afd8___GHLB2 Leaf 121.4.jpg,tomato_late_blight,11,train,plantvillage,tomato_late_blight:371
train/tomato_late_blight/fabba25a-e191-47c5-a468-6acf744312e1___GHLB2 Leaf 8835.jpg,tomato_late_blight,11,train,plantvillage,tomato_late_blight:372
train/tomato_late_blight/fbbe43eb-7d70-4053-97ac-908fb9af1a6f___RS_Late.B 6587.jpg,tomato_late_blight,11,train,plantvillage,tomato_late_blight:374
train/tomato_late_blight/fbe8ab0c-7091-4bea-a2a5-94765096a7c9___RS_Late.B 6999.jpg,tomato_late_blight,11,train,plantvillage,tomato_late_blight:375
train/tomato_late_blight/fd40e99e-2c60-42c1-a962-8681814b4e6e___GHLB2 Leaf 120.jpg,tomato_late_blight,11,train,plantvillage,tomato_late_blight:377
train/tomato_late_blight/fddb6641-3785-4971-b44c-3cf0193112c2___GHLB_PS Leaf 43.2 Day 18.jpg,tomato_late_blight,11,train,plantvillage,tomato_late_blight:378
train/tomato_late_blight/fee09bd4-a9e3-4174-bd89-4f9b6f911902___GHLB2 Leaf 123.jpg,tomato_late_blight,11,train,plantvillage,tomato_late_blight:380
train/tomato_late_blight/ffe3f6a8-75bb-4584-8c7b-d92c814b5342___GHLB2 Leaf 81.1.jpg,tomato_late_blight,11,train,plantvillage,tomato_late_blight:381
val/maize_common_rust/RS_Rust 1605.jpg,maize_common_rust,0,val,plantvillage,maize_common_rust:8
val/maize_common_rust/RS_Rust 1647.jpg,maize_common_rust,0,val,plantvillage,maize_common_rust:14
val/maize_common_rust/RS_Rust 1650.jpg,maize_common_rust,0,val,plantvillage,maize_common_rust:16
val/maize_common_rust/RS_Rust 1666.jpg,maize_common_rust,0,val,plantvillage,maize_common_rust:20
val/maize_common_rust/RS_Rust 1679.jpg,maize_common_rust,0,val,plantvillage,maize_common_rust:22
val/maize_common_rust/RS_Rust 1696.jpg,maize_common_rust,0,val,plantvillage,maize_common_rust:25
val/maize_common_rust/RS_Rust 1710.jpg,maize_common_rust,0,val,plantvillage,maize_common_rust:28
val/maize_common_rust/RS_Rust 1743.jpg,maize_common_rust,0,val,plantvillage,maize_common_rust:35
val/maize_common_rust/RS_Rust 1774.jpg,maize_common_rust,0,val,plantvillage,maize_common_rust:40
val/maize_common_rust/RS_Rust 1845.jpg,maize_common_rust,0,val,plantvillage,maize_common_rust:50
val/maize_common_rust/RS_Rust 1874.jpg,maize_common_rust,0,val,plantvillage,maize_common_rust:55
val/maize_common_rust/RS_Rust 1878.jpg,maize_common_rust,0,val,plantvillage,maize_common_rust:56
val/maize_common_rust/RS_Rust 1954.jpg,maize_common_rust,0,val,plantvillage,maize_common_rust:67
val/maize_common_rust/RS_Rust 1961.jpg,maize_common_rust,0,val,plantvillage,maize_common_rust:68
val/maize_common_rust/RS_Rust 1971.jpg,maize_common_rust,0,val,plantvillage,maize_common_rust:70
val/maize_common_rust/RS_Rust 1981.jpg,maize_common_rust,0,val,plantvillage,maize_common_rust:71
val/maize_common_rust/RS_Rust 1989.jpg,maize_common_rust,0,val,plantvillage,maize_common_rust:74
val/maize_common_rust/RS_Rust 2007.jpg,maize_common_rust,0,val,plantvillage,maize_common_rust:80
val/maize_common_rust/RS_Rust 2035.jpg,maize_common_rust,0,val,plantvillage,maize_common_rust:87
val/maize_common_rust/RS_Rust 2050.jpg,maize_common_rust,0,val,plantvillage,maize_common_rust:91
val/maize_common_rust/RS_Rust 2061.jpg,maize_common_rust,0,val,plantvillage,maize_common_rust:94
val/maize_common_rust/RS_Rust 2134.jpg,maize_common_rust,0,val,plantvillage,maize_common_rust:116
val/maize_common_rust/RS_Rust 2140.jpg,maize_common_rust,0,val,plantvillage,maize_common_rust:118
val/maize_common_rust/RS_Rust 2245.jpg,maize_common_rust,0,val,plantvillage,maize_common_rust:136
val/maize_common_rust/RS_Rust 2247.jpg,maize_common_rust,0,val,plantvillage,maize_common_rust:137
val/maize_common_rust/RS_Rust 2260.jpg,maize_common_rust,0,val,plantvillage,maize_common_rust:142
val/maize_common_rust/RS_Rust 2288.jpg,maize_common_rust,0,val,plantvillage,maize_common_rust:147
val/maize_common_rust/RS_Rust 2313.jpg,maize_common_rust,0,val,plantvillage,maize_common_rust:154
val/maize_common_rust/RS_Rust 2332.jpg,maize_common_rust,0,val,plantvillage,maize_common_rust:160
val/maize_common_rust/RS_Rust 2400.jpg,maize_common_rust,0,val,plantvillage,maize_common_rust:173
val/maize_common_rust/RS_Rust 2481.jpg,maize_common_rust,0,val,plantvillage,maize_common_rust:179
val/maize_common_rust/RS_Rust 2506.jpg,maize_common_rust,0,val,plantvillage,maize_common_rust:184
val/maize_common_rust/RS_Rust 2510.jpg,maize_common_rust,0,val,plantvillage,maize_common_rust:185
val/maize_common_rust/RS_Rust 2609.jpg,maize_common_rust,0,val,plantvillage,maize_common_rust:212
val/maize_common_rust/RS_Rust 2652.jpg,maize_common_rust,0,val,plantvillage,maize_common_rust:219
val/maize_common_rust/RS_Rust 2663.jpg,maize_common_rust,0,val,plantvillage,maize_common_rust:220
val/maize_healthy/0e056ce8-3e28-4a07-bae2-33c9e96d1ada___R.S_HL 0652 copy 2.jpg,maize_healthy,1,val,plantvillage,maize_healthy:10
val/maize_healthy/1009c64f-a31c-49fb-9eb4-b6373a588dd0___R.S_HL 5490 copy 3.jpg,maize_healthy,1,val,plantvillage,maize_healthy:15
val/maize_healthy/139db478-1c5e-4749-9b14-885376bfd8e3___R.S_HL 5493 copy 3.jpg,maize_healthy,1,val,plantvillage,maize_healthy:17
val/maize_healthy/1786c452-6e31-43f3-b3d7-0ca81fe4434f___R.S_HL 7959 copy.jpg,maize_healthy,1,val,plantvillage,maize_healthy:23
val/maize_healthy/2a46f1cb-9c54-481c-a61f-d3729d5cfc3e___R.S_HL 8315 copy.jpg,maize_healthy,1,val,plantvillage,maize_healthy:46
val/maize_healthy/2bbd67e6-0eb0-4569-92fd-bc5fbf4c6570___R.S_HL 8344 copy 2.jpg,maize_healthy,1,val,plantvillage,maize_healthy:48
val/maize_healthy/2e51c2f0-860b-48f7-81a7-4ae76e8db40b___R.S_HL 7877 copy.jpg,maize_healthy,1,val,plantvillage,maize_healthy:49
val/maize_healthy/333922bd-09d6-4039-9975-894d77fec8eb___R.S_HL 5496 copy.jpg,maize_healthy,1,val,plantvillage,maize_healthy:52
val/maize_healthy/35f5abfd-1feb-4dc6-9607-8a0655a2ab9c___R.S_HL 8175 copy 3.jpg,maize_healthy,1,val,plantvillage,maize_healthy:54
val/maize_healthy/4e78f502-e486-4057-b157-3065dd4abd86___R.S_HL 7993 copy 2.jpg,maize_healthy,1,val,plantvillage,maize_healthy:73
val/maize_healthy/50fe7549-e9f5-4104-abdc-b78630c0483e___R.S_HL 8185 copy.jpg,maize_healthy,1,val,plantvillage,maize_healthy:75
val/maize_healthy/5307bb57-584b-4af3-a3a6-af59b60d1944___R.S_HL 0629 copy 3.jpg,maize_healthy,1,val,plantvillage,maize_healthy:80
val/maize_healthy/5a2800a4-15ed-43a5-864d-01d16d37ed67___R.S_HL 8219 copy.jpg,maize_healthy,1,val,plantvillage,maize_healthy:86
val/maize_healthy/624c0cfa-3729-4f6c-9236-1c3a4ee66431___R.S_HL 8214 copy.jpg,maize_healthy,1,val,plantvillage,maize_healthy:99
val/maize_healthy/6aa92f1b-d5bd-4dcc-a130-925034576462___R.S_HL 8071 copy 2.jpg,maize_healthy,1,val,plantvillage,maize_healthy:108
val/maize_healthy/735da592-2081-42bd-9652-3d12e19210cc___R.S_HL 7918 copy 2.jpg,maize_healthy,1,val,plantvillage,maize_healthy:114
val/maize_healthy/7cb008fd-2be4-415d-bc80-912dbf959aa4___R.S_HL 7884 copy.jpg,maize_healthy,1,val,plantvillage,maize_healthy:121
val/maize_healthy/849ba0ac-0883-4fbd-a94d-ba7489e5d614___R.S_HL 8241 copy 2.jpg,maize_healthy,1,val,plantvillage,maize_healthy:130
val/maize_healthy/8afc9635-c5e3-41be-aac0-74109d6112ed___R.S_HL 0601 copy 2.jpg,maize_healthy,1,val,plantvillage,maize_healthy:133
val/maize_healthy/90b89fc7-f605-4ec1-b7db-1fa781cbbc57___R.S_HL 7912 copy.jpg,maize_healthy,1,val,plantvillage,maize_healthy:135
val/maize_healthy/9a11606d-02ed-43d3-af4b-da7414dfb4e7___R.S_HL 0597.jpg,maize_healthy,1,val,plantvillage,maize_healthy:140
val/maize_healthy/a0f081ea-f0cb-495f-a864-b2343470cae1___R.S_HL 5562 copy 2.jpg,maize_healthy,1,val,plantvillage,maize_healthy:148
val/maize_healthy/a249e3ec-00e8-4086-8c82-ab872fcbb4fe___R.S_HL 8342 copy 2.jpg,maize_healthy,1,val,plantvillage,maize_healthy:149
val/maize_healthy/b588f60d-fc74-4b76-95b6-aa03ed513532___R.S_HL 8264 copy.jpg,maize_healthy,1,val,plantvillage,maize_healthy:166
val/maize_healthy/b6502343-1e16-4343-81cc-ec9fc1a212d1___R.S_HL 8238 copy.jpg,maize_healthy,1,val,plantvillage,maize_healthy:167
val/maize_healthy/b665c826-905b-46de-903e-3946b3e65365___R.S_HL 0633 copy.jpg,maize_healthy,1,val,plantvillage,maize_healthy:168
val/maize_healthy/b7d46732-7d3c-4802-8312-1cc4bea8758d___R.S_HL 7880 copy.jpg,maize_healthy,1,val,plantvillage,maize_healthy:170
val/maize_healthy/c4b6565f-e6df-47c4-8426-d98081757564___R.S_HL 8013 copy.jpg,maize_healthy,1,val,plantvillage,maize_healthy:179
val/maize_healthy/c71e7906-fa3e-4689-9061-b9ff4a827c92___R.S_HL 5514 copy 3.jpg,maize_healthy,1,val,plantvillage,maize_healthy:181
val/maize_healthy/cb08f6cf-4701-475a-b589-d3f486a672a5___R.S_HL 7898 copy.jpg,maize_healthy,1,val,plantvillage,maize_healthy:186
val/maize_healthy/dc1b347c-03b4-468d-9c9a-bebdc467d3c0___R.S_HL 0650 copy.jpg,maize_healthy,1,val,plantvillage,maize_healthy:202
val/maize_healthy/f257156f-70da-49fd-857b-0d3918c99c2f___R.S_HL 0651 copy.jpg,maize_healthy,1,val,plantvillage,maize_healthy:223
val/maize_healthy/f3315b22-9d16-42b3-82ec-7a4e18ef647a___R.S_HL 8118 copy 2.jpg,maize_healthy,1,val,plantvillage,maize_healthy:224
val/maize_healthy/f3944213-7339-4b29-a00a-c235b4c5a2c1___R.S_HL 5533 copy.jpg,maize_healthy,1,val,plantvillage,maize_healthy:225
val/maize_healthy/fa7d8ffc-4e21-4a6d-9042-63fa7e4a1df0___R.S_HL 0636 copy 3.jpg,maize_healthy,1,val,plantvillage,maize_healthy:228
val/pepper_bacterial_spot/0fe8a42b-b943-43d6-88c4-78abdcbfe02d___NREC_B.Spot 9236.jpg,pepper_bacterial_spot,2,val,plantvillage,pepper_bacterial_spot:7
val/pepper_bacterial_spot/113d374f-8b12-454c-84cc-ee91043bc988___NREC_B.Spot 9146.jpg,pepper_bacterial_spot,2,val,plantvillage,pepper_bacterial_spot:9
val/pepper_bacterial_spot/17737361-6967-452a-ac5d-efebaa1d8a35___NREC_B.Spot 9127.jpg,pepper_bacterial_spot,2,val,plantvillage,pepper_bacterial_spot:18
val/pepper_bacterial_spot/234f12c4-f47d-4712-8780-3e1e99bf4c42___JR_B.Spot 3174.jpg,pepper_bacterial_spot,2,val,plantvillage,pepper_bacterial_spot:28
val/pepper_bacterial_spot/286c3d56-edde-4185-89f2-048ee0e7d6aa___JR_B.Spot 3287.jpg,pepper_bacterial_spot,2,val,plantvillage,pepper_bacterial_spot:30
val/pepper_bacterial_spot/3294ec88-cc8d-4e3a-af08-f2f9d7f4a73b___JR_B.Spot 3196.jpg,pepper_bacterial_spot,2,val,plantvillage,pepper_bacterial_spot:36
val/pepper_bacterial_spot/3d6a3d51-8a9f-42ff-b4bf-299778c3e0a8___JR_B.Spot 3184.jpg,pepper_bacterial_spot,2,val,plantvillage,pepper_bacterial_spot:44
val/pepper_bacterial_spot/3d87a319-d032-4bac-9b6c-0160a23531b9___NREC_B.Spot 1853.jpg,pepper_bacterial_spot,2,val,plantvillage,pepper_bacterial_spot:45
val/pepper_bacterial_spot/3fdbfdf3-ae31-49eb-8012-04cb4d3fc051___NREC_B.Spot 1973.jpg,pepper_bacterial_spot,2,val,plantvillage,pepper_bacterial_spot:48
val/pepper_bacterial_spot/418e8c33-046a-4056-99a6-83f20ba017fa___JR_B.Spot 3300.jpg,pepper_bacterial_spot,2,val,plantvillage,pepper_bacterial_spot:49
val/pepper_bacterial_spot/56d81c17-6145-4887-af27-ea9c6dd64b33___NREC_B.Spot 9068.jpg,pepper_bacterial_spot,2,val,plantvillage,pepper_bacterial_spot:73
val/pepper_bacterial_spot/57ff0455-861f-4f25-9598-c2954ca44027___JR_B.Spot 3115.jpg,pepper_bacterial_spot,2,val,plantvillage,pepper_bacterial_spot:75
val/pepper_bacterial_spot/5b00e7ef-db0e-43d3-9d4c-db2d8ee2fac3___JR_B.Spot 3360.jpg,pepper_bacterial_spot,2,val,plantvillage,pepper_bacterial_spot:76
val/pepper_bacterial_spot/6218fa91-d526-4705-aab4-026c328197a3___NREC_B.Spot 9252.jpg,pepper_bacterial_spot,2,val,plantvillage,pepper_bacterial_spot:81
val/pepper_bacterial_spot/648a0b23-8a55-4530-a0a0-b04882298d24___NREC_B.Spot 1839.jpg,pepper_bacterial_spot,2,val,plantvillage,pepper_bacterial_spot:82
val/pepper_bacterial_spot/7d2eeb0b-77d8-4de5-8739-adca95edd4a2___JR_B.Spot 8946.jpg,pepper_bacterial_spot,2,val,plantvillage,pepper_bacterial_spot:104
val/pepper_bacterial_spot/8860c32a-65de-4346-9ccb-c9d78588805b___JR_B.Spot 3194.jpg,pepper_bacterial_spot,2,val,plantvillage,pepper_bacterial_spot:110
val/pepper_bacterial_spot/8bf5c35c-1a3a-47cf-97dd-245b5105afb4___NREC_B.Spot 1879.jpg,pepper_bacterial_spot,2,val,plantvillage,pepper_bacterial_spot:111
val/pepper_bacterial_spot/96924079-4bc2-46f0-8eee-1e7e06bf559a___JR_B.Spot 3279.jpg,pepper_bacterial_spot,2,val,plantvillage,pepper_bacterial_spot:121
val/pepper_bacterial_spot/ad921dec-e88f-41d8-9455-0880c69063fc___NREC_B.Spot 9216.jpg,pepper_bacterial_spot,2,val,plantvillage,pepper_bacterial_spot:140
val/pepper_bacterial_spot/c784712e-b6ae-4d22-8c18-5c5a2d2d2f0e___JR_B.Spot 9098.jpg,pepper_bacterial_spot,2,val,plantvillage,pepper_bacterial_spot:159
val/pepper_bacterial_spot/ce9e38ed-d605-4894-b3be-cfe0f9f43910___JR_B.Spot 8958.jpg,pepper_bacterial_spot,2,val,plantvillage,pepper_bacterial_spot:164
val/pepper_bacterial_spot/cf32bc40-2a83-423b-b891-17dc4a37bd86___NREC_B.Spot 1899.jpg,pepper_bacterial_spot,2,val,plantvillage,pepper_bacterial_spot:166
val/pepper_bacterial_spot/d6a6180b-9e2f-41a1-ac2f-7463a50f59b1___JR_B.Spot 3172.jpg,pepper_bacterial_spot,2,val,plantvillage,pepper_bacterial_spot:169
val/pepper_bacterial_spot/de583596-e89f-4a21-be43-a6629318bd6e___NREC_B.Spot 1840.jpg,pepper_bacterial_spot,2,val,plantvillage,pepper_bacterial_spot:173
val/pepper_bacterial_spot/e28b1832-148d-45e5-9934-fc2e73d9db1e___NREC_B.Spot 9214.jpg,pepper_bacterial_spot,2,val,plantvillage,pepper_bacterial_spot:177
val/pepper_bacterial_spot/e5666de8-558c-42cb-b40f-51b81f850aed___NREC_B.Spot 1903.jpg,pepper_bacterial_spot,2,val,plantvillage,pepper_bacterial_spot:180
val/pepper_bacterial_spot/ead27319-4073-490e-80a0-08e916bbc1f2___JR_B.Spot 9084.jpg,pepper_bacterial_spot,2,val,plantvillage,pepper_bacterial_spot:188
val/pepper_bacterial_spot/f176a365-b5f0-4b3f-a4bc-d4d2c705b29e___JR_B.Spot 3263.jpg,pepper_bacterial_spot,2,val,plantvillage,pepper_bacterial_spot:191
val/pepper_bacterial_spot/fc45e7eb-9b7f-43ae-a769-2b9ab7f85eee___JR_B.Spot 3106.jpg,pepper_bacterial_spot,2,val,plantvillage,pepper_bacterial_spot:197
val/pepper_healthy/0354e474-d930-4098-97f8-0acee01817ea___JR_HL 7623.jpg,pepper_healthy,3,val,plantvillage,pepper_healthy:6
val/pepper_healthy/058832c8-adaa-4353-b792-93c9b0ea1c72___JR_HL 5931.jpg,pepper_healthy,3,val,plantvillage,pepper_healthy:9
val/pepper_healthy/0691ea32-a88a-4487-a92c-1159140ff880___JR_HL 7694.jpg,pepper_healthy,3,val,plantvillage,pepper_healthy:10
val/pepper_healthy/0e2afa6e-568c-4694-babd-dc15057b53b3___JR_HL 8475.jpg,pepper_healthy,3,val,plantvillage,pepper_healthy:15
val/pepper_healthy/0eb476b9-8b21-4b24-adef-7db813abbca3___JR_HL 7926.jpg,pepper_healthy,3,val,plantvillage,pepper_healthy:17
val/pepper_healthy/1aaaa11e-ec45-4d6d-ab7f-1d3ea053d14d___JR_HL 5937.jpg,pepper_healthy,3,val,plantvillage,pepper_healthy:29
val/pepper_healthy/28bb4671-65da-465d-9322-3727e363f13a___JR_HL 7964.jpg,pepper_healthy,3,val,plantvillage,pepper_healthy:42
val/pepper_healthy/2a42396f-f9a9-47cc-9dd7-7149faf1e0e2___JR_HL 8544.jpg,pepper_healthy,3,val,plantvillage,pepper_healthy:45
val/pepper_healthy/2f2aa4d8-cb43-4745-8cac-7560829ba950___JR_HL 8020.jpg,pepper_healthy,3,val,plantvillage,pepper_healthy:54
val/pepper_healthy/322bea7e-a6c3-4c86-99f5-76c2225243cc___JR_HL 5929.jpg,pepper_healthy,3,val,plantvillage,pepper_healthy:55
val/pepper_healthy/39139a8a-d5ff-4f48-8b43-085cf6f34d77___JR_HL 7778.jpg,pepper_healthy,3,val,plantvillage,pepper_healthy:64
val/pepper_healthy/39dc2c23-1b45-427f-8ad1-0ff66ae887b9___JR_HL 7559.jpg,pepper_healthy,3,val,plantvillage,pepper_healthy:65
val/pepper_healthy/4960c513-0f3b-49a0-91f7-e54561f5c1f7___JR_HL 5933.jpg,pepper_healthy,3,val,plantvillage,pepper_healthy:79
val/pepper_healthy/4a2df028-ffb3-4b00-a538-e69473c1101b___JR_HL 7567.jpg,pepper_healthy,3,val,plantvillage,pepper_healthy:83
val/pepper_healthy/4ce9b335-f4f7-4637-8317-16e010700ed6___JR_HL 8727.jpg,pepper_healthy,3,val,plantvillage,pepper_healthy:86
val/pepper_healthy/4eee40c4-029f-49eb-a918-1aeee490ccdf___JR_HL 8401.jpg,pepper_healthy,3,val,plantvillage,pepper_healthy:87
val/pepper_healthy/592b2a4c-326c-4fe3-a658-c4b97bd6c783___JR_HL 8217.jpg,pepper_healthy,3,val,plantvillage,pepper_healthy:92
val/pepper_healthy/639dec07-c685-42bd-8be0-f4c31eefc26a___JR_HL 8420.jpg,pepper_healthy,3,val,plantvillage,pepper_healthy:109
val/pepper_healthy/6866313e-f753-4153-a4a2-2a549a15aa81___JR_HL 8225.jpg,pepper_healthy,3,val,plantvillage,pepper_healthy:114
val/pepper_healthy/68bf32ff-b8b9-4412-a83e-a21ba49fe025___JR_HL 8771.jpg,pepper_healthy,3,val,plantvillage,pepper_healthy:115
val/pepper_healthy/73ccb724-a75e-4057-aaef-3f83bafcf291___JR_HL 5979.jpg,pepper_healthy,3,val,plantvillage,pepper_healthy:123
val/pepper_healthy/7638357e-5dd1-4991-9301-b5a977ac1ded___JR_HL 8295.jpg,pepper_healthy,3,val,plantvillage,pepper_healthy:125
val/pepper_healthy/77f29636-f395-4e5e-857e-e76b263f4887___JR_HL 8622.jpg,pepper_healthy,3,val,plantvillage,pepper_healthy:129
val/pepper_healthy/810c0ae8-3d0e-4445-a1d7-f1b31cbc56b9___JR_HL 8291.jpg,pepper_healthy,3,val,plantvillage,pepper_healthy:145
val/pepper_healthy/84a2db83-35aa-48cb-8d75-d8f9e3a5c0b3___JR_HL 8361.jpg,pepper_healthy,3,val,plantvillage,pepper_healthy:151
val/pepper_healthy/8eedd5d7-c85b-4f55-b7f8-48cfbd80f2f6___JR_HL 7674.jpg,pepper_healthy,3,val,plantvillage,pepper_healthy:160
val/pepper_healthy/9fc9ea86-e97f-4b96-8838-6e614196b2f6___JR_HL 8054.jpg,pepper_healthy,3,val,plantvillage,pepper_healthy:173
val/pepper_healthy/a0519138-7416-45bd-9798-396a7a79302f___JR_HL 8117.jpg,pepper_healthy,3,val,plantvillage,pepper_healthy:175
val/pepper_healthy/a34d9ad8-1024-4628-bead-dcd593d37400___JR_HL 8333.jpg,pepper_healthy,3,val,plantvillage,pepper_healthy:178
val/pepper_healthy/a4c24951-a967-469c-8d14-0d2dc25cfc9d___JR_HL 5821.jpg,pepper_healthy,3,val,plantvillage,pepper_healthy:181
val/pepper_healthy/aa2fb7e9-0695-4868-9f85-bd0e912fee30___JR_HL 8762.jpg,pepper_healthy,3,val,plantvillage,pepper_healthy:191
val/pepper_healthy/ac373890-5535-4a5f-98c4-cb96962e3717___JR_HL 8398.jpg,pepper_healthy,3,val,plantvillage,pepper_healthy:194
val/pepper_healthy/adfb71bc-0635-4828-9036-6cc2027223c6___JR_HL 8588.jpg,pepper_healthy,3,val,plantvillage,pepper_healthy:199
val/pepper_healthy/b0705327-41b1-453b-97b0-a48fa9e50fb1___JR_HL 5874.jpg,pepper_healthy,3,val,plantvillage,pepper_healthy:201
val/pepper_healthy/b12059e3-404f-441a-9875-4af81aa3bd63___JR_HL 8570.jpg,pepper_healthy,3,val,plantvillage,pepper_healthy:203
val/pepper_healthy/c488f861-d42c-4527-846d-1e352fbd72a3___JR_HL 5895.jpg,pepper_healthy,3,val,plantvillage,pepper_healthy:223
val/pepper_healthy/ca67e39d-cf11-4660-b629-6654c815ce70___JR_HL 8782.jpg,pepper_healthy,3,val,plantvillage,pepper_healthy:232
val/pepper_healthy/cc799066-155d-4d7d-9229-93db4e6be216___JR_HL 8421.jpg,pepper_healthy,3,val,plantvillage,pepper_healthy:236
val/pepper_healthy/df451c9c-6b43-4ed7-9f21-9df981439c8e___JR_HL 8253.jpg,pepper_healthy,3,val,plantvillage,pepper_healthy:259
val/pepper_healthy/eaf12b28-cd51-40f3-9298-532c676eb55f___JR_HL 7688.jpg,pepper_healthy,3,val,plantvillage,pepper_healthy:269
val/pepper_healthy/f48132e5-5e78-471e-ab16-e1ff06aa13f3___JR_HL 8446.jpg,pepper_healthy,3,val,plantvillage,pepper_healthy:280
val/pepper_healthy/f7f4af6c-2972-4cad-9d41-972d864f322b___JR_HL 7775.jpg,pepper_healthy,3,val,plantvillage,pepper_healthy:285
val/pepper_healthy/f86dcb0b-6f47-417d-abd9-096cb68a8cb5___JR_HL 7759.jpg,pepper_healthy,3,val,plantvillage,pepper_healthy:286
val/pepper_healthy/fb02614c-dcbd-4e7d-9ec6-ab3c5bf267ad___JR_HL 7626.jpg,pepper_healthy,3,val,plantvillage,pepper_healthy:287
val/potato_early_blight/0c5b14d9-8b1c-4c39-bb23-1835b5760caa___RS_Early.B 7937.jpg,potato_early_blight,4,val,plantvillage,potato_early_blight:10
val/potato_early_blight/12a7bc09-8d7f-4790-8046-6e3f12f71399___RS_Early.B 7973.jpg,potato_early_blight,4,val,plantvillage,potato_early_blight:15
val/potato_early_blight/13e2be1d-56bc-40c6-b5d1-e3bafc1b111e___RS_Early.B 8830.jpg,potato_early_blight,4,val,plantvillage,potato_early_blight:16
val/potato_early_blight/1994cd3e-4000-4c56-bede-d35a1eecc287___RS_Early.B 6867.jpg,potato_early_blight,4,val,plantvillage,potato_early_blight:22
val/potato_early_blight/1b4304a9-88c2-4c09-bfea-830fa162a35a___RS_Early.B 7188.jpg,potato_early_blight,4,val,plantvillage,potato_early_blight:23
val/potato_early_blight/38a72c90-ed53-4432-b625-01c1f962f791___RS_Early.B 7302.jpg,potato_early_blight,4,val,plantvillage,potato_early_blight:41
val/potato_early_blight/4be99b40-e269-4c69-8c90-ac75514650af___RS_Early.B 6830.jpg,potato_early_blight,4,val,plantvillage,potato_early_blight:56
val/potato_early_blight/5c3363d5-5873-40f5-b179-37ab6df0328c___RS_Early.B 8828.jpg,potato_early_blight,4,val,plantvillage,potato_early_blight:66
val/potato_early_blight/62490062-4c67-4caf-bec5-df1342ec2987___RS_Early.B 7946.jpg,potato_early_blight,4,val,plantvillage,potato_early_blight:71
val/potato_early_blight/65b66b8f-2117-4876-85bd-23941349231f___RS_Early.B 7219.jpg,potato_early_blight,4,val,plantvillage,potato_early_blight:73
val/potato_early_blight/7a3630ed-a43c-4957-a604-1de05e8e7f32___RS_Early.B 6795.jpg,potato_early_blight,4,val,plantvillage,potato_early_blight:85
val/potato_early_blight/8784362f-5fc6-4ad9-b11d-d06b272cefb5___RS_Early.B 6907.jpg,potato_early_blight,4,val,plantvillage,potato_early_blight:96
val/potato_early_blight/99821810-926a-4ac4-9bc7-cbae991f7e68___RS_Early.B 7626.jpg,potato_early_blight,4,val,plantvillage,potato_early_blight:111
val/potato_early_blight/a38df468-bb4a-4bb3-9ee9-a2dffae718e9___RS_Early.B 8690.jpg,potato_early_blight,4,val,plantvillage,potato_early_blight:119
val/potato_early_blight/a4168403-2458-4f28-84f7-949050905878___RS_Early.B 8450.jpg,potato_early_blight,4,val,plantvillage,potato_early_blight:120
val/potato_early_blight/b1b3c9c7-a4b9-4048-be45-fa9c5e507c66___RS_Early.B 7466.jpg,potato_early_blight,4,val,plantvillage,potato_early_blight:128
val/potato_early_blight/b2b7758e-f201-4d9c-bc27-d53bb09b2dac___RS_Early.B 7025.jpg,potato_early_blight,4,val,plantvillage,potato_early_blight:131
val/potato_early_blight/b8803558-9e0f-404e-80b3-c78d0bc7f6d0___RS_Early.B 7548.jpg,potato_early_blight,4,val,plantvillage,potato_early_blight:140
val/potato_early_blight/c3356ff5-91b3-4673-b1d2-d47195b162cd___RS_Early.B 8352.jpg,potato_early_blight,4,val,plantvillage,potato_early_blight:148
val/potato_early_blight/c3d68a2f-0c7a-4060-bfc4-8baf01d3f2fe___RS_Early.B 8010.jpg,potato_early_blight,4,val,plantvillage,potato_early_blight:150
val/potato_early_blight/c48693cf-14bb-48ec-96fe-240bd2269866___RS_Early.B 7609.jpg,potato_early_blight,4,val,plantvillage,potato_early_blight:152
val/potato_early_blight/c5dc57d8-9a0d-4046-9eb4-b9db2f720a47___RS_Early.B 7047.jpg,potato_early_blight,4,val,plantvillage,potato_early_blight:154
val/potato_early_blight/c91060f7-f9dd-4930-ad0a-8a4a6bd803d2___RS_Early.B 7869.jpg,potato_early_blight,4,val,plantvillage,potato_early_blight:157
val/potato_early_blight/d063f825-aa36-4cfd-a227-4c3f30760aa2___RS_Early.B 8307.jpg,potato_early_blight,4,val,plantvillage,potato_early_blight:162
val/potato_early_blight/d97f6469-bef9-4276-b918-efb1a1859fb7___RS_Early.B 6958.jpg,potato_early_blight,4,val,plantvillage,potato_early_blight:169
val/potato_early_blight/e0326fde-a613-4ec2-bc3b-e1d2154bdbcd___RS_Early.B 7679.jpg,potato_early_blight,4,val,plantvillage,potato_early_blight:179
val/potato_early_blight/e6693b54-623a-4323-aa79-3e0fc3c07288___RS_Early.B 9198.jpg,potato_early_blight,4,val,plantvillage,potato_early_blight:181
val/potato_early_blight/f5fca019-b28f-4000-9d5e-b0b5fd061304___RS_Early.B 7503.jpg,potato_early_blight,4,val,plantvillage,potato_early_blight:193
val/potato_early_blight/f686133a-e89a-4242-a52d-02f32ffd5275___RS_Early.B 8295.jpg,potato_early_blight,4,val,plantvillage,potato_early_blight:194
val/potato_early_blight/f6d020f8-8578-4c96-afc2-a1e97adb1ea9___RS_Early.B 7521.jpg,potato_early_blight,4,val,plantvillage,potato_early_blight:195
val/potato_healthy/52dd2fdd-6966-450c-a42b-ee14428d4271___RS_HL 1955.jpg,potato_healthy,5,val,plantvillage,potato_healthy:9
val/potato_healthy/54f86311-9d76-421b-b401-0b02f6e738a5___RS_HL 4172.jpg,potato_healthy,5,val,plantvillage,potato_healthy:10
val/potato_healthy/875d6ded-5f01-495c-a945-ad2e17f87f91___RS_HL 1848.jpg,potato_healthy,5,val,plantvillage,potato_healthy:13
val/potato_healthy/8b2ce6b6-f00a-4f25-ac6d-4249dd7dc5f6___RS_HL 1890.jpg,potato_healthy,5,val,plantvillage,potato_healthy:14
val/potato_healthy/b35b9f8b-daca-4d12-a5be-defe68d0acc5___RS_HL 1903.jpg,potato_healthy,5,val,plantvillage,potato_healthy:20
val/potato_late_blight/02282fee-ba3f-460e-91e0-630204ab96c2___RS_LB 5031.jpg,potato_late_blight,6,val,plantvillage,potato_late_blight:2
val/potato_late_blight/0eb24a67-a174-43db-86c7-cca8795942a2___RS_LB 4722.jpg,potato_late_blight,6,val,plantvillage,potato_late_blight:9
val/potato_late_blight/17f8da33-18e6-454b-b9dc-a34c8dd52591___RS_LB 2945.jpg,potato_late_blight,6,val,plantvillage,potato_late_blight:12
val/potato_late_blight/1c6ec55e-182e-4b7c-b416-07029edfc970___RS_LB 3950.jpg,potato_late_blight,6,val,plantvillage,potato_late_blight:18
val/potato_late_blight/296e6201-4b46-4449-9edb-c7659d36cf92___RS_LB 4052.jpg,potato_late_blight,6,val,plantvillage,potato_late_blight:28
val/potato_late_blight/2d8cbe58-280e-4c93-9b06-26f4279eb4d8___RS_LB 2855.jpg,potato_late_blight,6,val,plantvillage,potato_late_blight:35
val/potato_late_blight/31c96e0d-0a6a-42b4-bd7a-0faf2c8e462d___RS_LB 5298.jpg,potato_late_blight,6,val,plantvillage,potato_late_blight:42
val/potato_late_blight/3221ccec-f264-4046-8252-77a8a357562b___RS_LB 4637.jpg,potato_late_blight,6,val,plantvillage,potato_late_blight:44
val/potato_late_blight/461f1af8-a71f-446d-b59c-b7f31dde1c74___RS_LB 2833.jpg,potato_late_blight,6,val,plantvillage,potato_late_blight:56
val/potato_late_blight/49d18379-215d-427e-8662-9cde649d4a33___RS_LB 3163.jpg,potato_late_blight,6,val,plantvillage,potato_late_blight:60
val/potato_late_blight/5b3de8b6-0690-4a35-ab9d-ef6617c548ff___RS_LB 2925.jpg,potato_late_blight,6,val,plantvillage,potato_late_blight:70
val/potato_late_blight/6d22d4ab-de5f-4944-96f9-4ec495a8e4f1___RS_LB 3109.jpg,potato_late_blight,6,val,plantvillage,potato_late_blight:79
val/potato_late_blight/7a4371b2-72c6-414e-b73e-6e4b4adab72f___RS_LB 3289.jpg,potato_late_blight,6,val,plantvillage,potato_late_blight:91
val/potato_late_blight/7bf67e1e-57c8-4f68-bc5a-56b2a69f30ec___RS_LB 2509.jpg,potato_late_blight,6,val,plantvillage,potato_late_blight:92
val/potato_late_blight/7efcdebc-93be-4168-9965-2b2be46823d8___RS_LB 3249.jpg,potato_late_blight,6,val,plantvillage,potato_late_blight:93
val/potato_late_blight/8192a596-e2e9-4451-a33d-a92a26a739ee___RS_LB 2624.jpg,potato_late_blight,6,val,plantvillage,potato_late_blight:95
val/potato_late_blight/8797bc6a-f738-4caf-9569-797fdf28cd24___RS_LB 2903.jpg,potato_late_blight,6,val,plantvillage,potato_late_blight:98
val/potato_late_blight/8ee9f477-92a7-43a0-9377-0535b218a21d___RS_LB 5266.jpg,potato_late_blight,6,val,plantvillage,potato_late_blight:102
val/potato_late_blight/93d91b96-e024-477c-9b76-796e3f1614d4___RS_LB 3297.jpg,potato_late_blight,6,val,plantvillage,potato_late_blight:108
val/potato_late_blight/9ccb00a6-1542-4b0e-bd90-e7f1ff10e7f7___RS_LB 3058.jpg,potato_late_blight,6,val,plantvillage,potato_late_blight:116
val/potato_late_blight/9cd7c33b-e29a-4300-ba19-183fb6c82aca___RS_LB 4124.jpg,potato_late_blight,6,val,plantvillage,potato_late_blight:117
val/potato_late_blight/9d0f96e2-93c7-4202-b1d1-6f878c066be7___RS_LB 3106.jpg,potato_late_blight,6,val,plantvillage,potato_late_blight:118
val/potato_late_blight/bf6ce80d-ca31-4d72-b56a-dbd6e6f2847a___RS_LB 4022.jpg,potato_late_blight,6,val,plantvillage,potato_late_blight:141
val/potato_late_blight/c970a188-e4e6-43cd-aff7-d0ac40d378dc___RS_LB 4834.jpg,potato_late_blight,6,val,plantvillage,potato_late_blight:149
val/potato_late_blight/cd413b65-05b0-4bbd-9896-4951d11e920d___RS_LB 4575.jpg,potato_late_blight,6,val,plantvillage,potato_late_blight:150
val/potato_late_blight/d3cbf715-a2a3-4024-ac5d-c6ae21a77720___RS_LB 2735.jpg,potato_late_blight,6,val,plantvillage,potato_late_blight:154
val/potato_late_blight/dae7db93-d197-4616-a16b-5dcc59058bc2___RS_LB 3178.jpg,potato_late_blight,6,val,plantvillage,potato_late_blight:162
val/potato_late_blight/e36ccebd-29c6-466d-b46f-41fa38f6e9c0___RS_LB 5047.jpg,potato_late_blight,6,val,plantvillage,potato_late_blight:173
val/potato_late_blight/e956d757-4016-4d20-96a6-6844787ddc46___RS_LB 4815.jpg,potato_late_blight,6,val,plantvillage,potato_late_blight:178
val/potato_late_blight/f4e0bb0f-5f98-497c-a090-4e4c47f6707b___RS_LB 5153.jpg,potato_late_blight,6,val,plantvillage,potato_late_blight:187
val/rice_brown_spot/100054.jpg,rice_brown_spot,7,val,paddy_doctor,rice_brown_spot:6
val/rice_brown_spot/100067.jpg,rice_brown_spot,7,val,paddy_doctor,rice_brown_spot:9
val/rice_brown_spot/100393.jpg,rice_brown_spot,7,val,paddy_doctor,rice_brown_spot:38
val/rice_brown_spot/100432.jpg,rice_brown_spot,7,val,paddy_doctor,rice_brown_spot:41
val/rice_brown_spot/100486.jpg,rice_brown_spot,7,val,paddy_doctor,rice_brown_spot:44
val/rice_brown_spot/100581.jpg,rice_brown_spot,7,val,paddy_doctor,rice_brown_spot:56
val/rice_brown_spot/100695.jpg,rice_brown_spot,7,val,paddy_doctor,rice_brown_spot:66
val/rice_brown_spot/100710.jpg,rice_brown_spot,7,val,paddy_doctor,rice_brown_spot:68
val/rice_brown_spot/100780.jpg,rice_brown_spot,7,val,paddy_doctor,rice_brown_spot:73
val/rice_brown_spot/100838.jpg,rice_brown_spot,7,val,paddy_doctor,rice_brown_spot:79
val/rice_brown_spot/100863.jpg,rice_brown_spot,7,val,paddy_doctor,rice_brown_spot:81
val/rice_brown_spot/100916.jpg,rice_brown_spot,7,val,paddy_doctor,rice_brown_spot:92
val/rice_brown_spot/100971.jpg,rice_brown_spot,7,val,paddy_doctor,rice_brown_spot:97
val/rice_brown_spot/100975.jpg,rice_brown_spot,7,val,paddy_doctor,rice_brown_spot:98
val/rice_brown_spot/101014.jpg,rice_brown_spot,7,val,paddy_doctor,rice_brown_spot:101
val/rice_brown_spot/101110.jpg,rice_brown_spot,7,val,paddy_doctor,rice_brown_spot:108
val/rice_brown_spot/101135.jpg,rice_brown_spot,7,val,paddy_doctor,rice_brown_spot:110
val/rice_brown_spot/101153.jpg,rice_brown_spot,7,val,paddy_doctor,rice_brown_spot:112
val/rice_brown_spot/101190.jpg,rice_brown_spot,7,val,paddy_doctor,rice_brown_spot:113
val/rice_brown_spot/101214.jpg,rice_brown_spot,7,val,paddy_doctor,rice_brown_spot:115
val/rice_brown_spot/101224.jpg,rice_brown_spot,7,val,paddy_doctor,rice_brown_spot:116
val/rice_brown_spot/101280.jpg,rice_brown_spot,7,val,paddy_doctor,rice_brown_spot:122
val/rice_brown_spot/101376.jpg,rice_brown_spot,7,val,paddy_doctor,rice_brown_spot:134
val/rice_brown_spot/101636.jpg,rice_brown_spot,7,val,paddy_doctor,rice_brown_spot:156
val/rice_brown_spot/101689.jpg,rice_brown_spot,7,val,paddy_doctor,rice_brown_spot:161
val/rice_brown_spot/101745.jpg,rice_brown_spot,7,val,paddy_doctor,rice_brown_spot:168
val/rice_brown_spot/102389.jpg,rice_brown_spot,7,val,paddy_doctor,rice_brown_spot:210
val/rice_brown_spot/102447.jpg,rice_brown_spot,7,val,paddy_doctor,rice_brown_spot:217
val/rice_brown_spot/102506.jpg,rice_brown_spot,7,val,paddy_doctor,rice_brown_spot:225
val/rice_brown_spot/102559.jpg,rice_brown_spot,7,val,paddy_doctor,rice_brown_spot:230
val/rice_brown_spot/102596.jpg,rice_brown_spot,7,val,paddy_doctor,rice_brown_spot:233
val/rice_brown_spot/102646.jpg,rice_brown_spot,7,val,paddy_doctor,rice_brown_spot:236
val/rice_brown_spot/102695.jpg,rice_brown_spot,7,val,paddy_doctor,rice_brown_spot:240
val/rice_brown_spot/102782.jpg,rice_brown_spot,7,val,paddy_doctor,rice_brown_spot:246
val/rice_brown_spot/102942.jpg,rice_brown_spot,7,val,paddy_doctor,rice_brown_spot:258
val/rice_brown_spot/102964.jpg,rice_brown_spot,7,val,paddy_doctor,rice_brown_spot:262
val/rice_brown_spot/103018.jpg,rice_brown_spot,7,val,paddy_doctor,rice_brown_spot:264
val/rice_brown_spot/103040.jpg,rice_brown_spot,7,val,paddy_doctor,rice_brown_spot:268
val/rice_brown_spot/103050.jpg,rice_brown_spot,7,val,paddy_doctor,rice_brown_spot:270
val/rice_brown_spot/103095.jpg,rice_brown_spot,7,val,paddy_doctor,rice_brown_spot:273
val/rice_brown_spot/103123.jpg,rice_brown_spot,7,val,paddy_doctor,rice_brown_spot:278
val/rice_brown_spot/103193.jpg,rice_brown_spot,7,val,paddy_doctor,rice_brown_spot:285
val/rice_brown_spot/103343.jpg,rice_brown_spot,7,val,paddy_doctor,rice_brown_spot:294
val/rice_brown_spot/103498.jpg,rice_brown_spot,7,val,paddy_doctor,rice_brown_spot:306
val/rice_brown_spot/103596.jpg,rice_brown_spot,7,val,paddy_doctor,rice_brown_spot:316
val/rice_brown_spot/103640.jpg,rice_brown_spot,7,val,paddy_doctor,rice_brown_spot:323
val/rice_brown_spot/103797.jpg,rice_brown_spot,7,val,paddy_doctor,rice_brown_spot:336
val/rice_brown_spot/103840.jpg,rice_brown_spot,7,val,paddy_doctor,rice_brown_spot:341
val/rice_brown_spot/103891.jpg,rice_brown_spot,7,val,paddy_doctor,rice_brown_spot:343
val/rice_brown_spot/104024.jpg,rice_brown_spot,7,val,paddy_doctor,rice_brown_spot:358
val/rice_brown_spot/104054.jpg,rice_brown_spot,7,val,paddy_doctor,rice_brown_spot:360
val/rice_brown_spot/104161.jpg,rice_brown_spot,7,val,paddy_doctor,rice_brown_spot:368
val/rice_brown_spot/104165.jpg,rice_brown_spot,7,val,paddy_doctor,rice_brown_spot:369
val/rice_brown_spot/104558.jpg,rice_brown_spot,7,val,paddy_doctor,rice_brown_spot:389
val/rice_brown_spot/104566.jpg,rice_brown_spot,7,val,paddy_doctor,rice_brown_spot:392
val/rice_brown_spot/104580.jpg,rice_brown_spot,7,val,paddy_doctor,rice_brown_spot:394
val/rice_brown_spot/104667.jpg,rice_brown_spot,7,val,paddy_doctor,rice_brown_spot:405
val/rice_brown_spot/104762.jpg,rice_brown_spot,7,val,paddy_doctor,rice_brown_spot:411
val/rice_brown_spot/104839.jpg,rice_brown_spot,7,val,paddy_doctor,rice_brown_spot:420
val/rice_brown_spot/104888.jpg,rice_brown_spot,7,val,paddy_doctor,rice_brown_spot:424
val/rice_brown_spot/104943.jpg,rice_brown_spot,7,val,paddy_doctor,rice_brown_spot:429
val/rice_brown_spot/105007.jpg,rice_brown_spot,7,val,paddy_doctor,rice_brown_spot:439
val/rice_brown_spot/105243.jpg,rice_brown_spot,7,val,paddy_doctor,rice_brown_spot:454
val/rice_brown_spot/105479.jpg,rice_brown_spot,7,val,paddy_doctor,rice_brown_spot:473
val/rice_brown_spot/105491.jpg,rice_brown_spot,7,val,paddy_doctor,rice_brown_spot:475
val/rice_brown_spot/105583.jpg,rice_brown_spot,7,val,paddy_doctor,rice_brown_spot:479
val/rice_brown_spot/105620.jpg,rice_brown_spot,7,val,paddy_doctor,rice_brown_spot:482
val/rice_brown_spot/105777.jpg,rice_brown_spot,7,val,paddy_doctor,rice_brown_spot:493
val/rice_brown_spot/105812.jpg,rice_brown_spot,7,val,paddy_doctor,rice_brown_spot:497
val/rice_brown_spot/105970.jpg,rice_brown_spot,7,val,paddy_doctor,rice_brown_spot:512
val/rice_brown_spot/106009.jpg,rice_brown_spot,7,val,paddy_doctor,rice_brown_spot:515
val/rice_brown_spot/106045.jpg,rice_brown_spot,7,val,paddy_doctor,rice_brown_spot:517
val/rice_brown_spot/106111.jpg,rice_brown_spot,7,val,paddy_doctor,rice_brown_spot:520
val/rice_brown_spot/106156.jpg,rice_brown_spot,7,val,paddy_doctor,rice_brown_spot:522
val/rice_brown_spot/106158.jpg,rice_brown_spot,7,val,paddy_doctor,rice_brown_spot:524
val/rice_brown_spot/106204.jpg,rice_brown_spot,7,val,paddy_doctor,rice_brown_spot:526
val/rice_brown_spot/106314.jpg,rice_brown_spot,7,val,paddy_doctor,rice_brown_spot:533
val/rice_brown_spot/106396.jpg,rice_brown_spot,7,val,paddy_doctor,rice_brown_spot:539
val/rice_brown_spot/106448.jpg,rice_brown_spot,7,val,paddy_doctor,rice_brown_spot:543
val/rice_brown_spot/106576.jpg,rice_brown_spot,7,val,paddy_doctor,rice_brown_spot:553
val/rice_brown_spot/106617.jpg,rice_brown_spot,7,val,paddy_doctor,rice_brown_spot:558
val/rice_brown_spot/106660.jpg,rice_brown_spot,7,val,paddy_doctor,rice_brown_spot:560
val/rice_brown_spot/106670.jpg,rice_brown_spot,7,val,paddy_doctor,rice_brown_spot:562
val/rice_brown_spot/106741.jpg,rice_brown_spot,7,val,paddy_doctor,rice_brown_spot:567
val/rice_brown_spot/106780.jpg,rice_brown_spot,7,val,paddy_doctor,rice_brown_spot:569
val/rice_brown_spot/106846.jpg,rice_brown_spot,7,val,paddy_doctor,rice_brown_spot:573
val/rice_brown_spot/107202.jpg,rice_brown_spot,7,val,paddy_doctor,rice_brown_spot:598
val/rice_brown_spot/107229.jpg,rice_brown_spot,7,val,paddy_doctor,rice_brown_spot:601
val/rice_brown_spot/107230.jpg,rice_brown_spot,7,val,paddy_doctor,rice_brown_spot:602
val/rice_brown_spot/107250.jpg,rice_brown_spot,7,val,paddy_doctor,rice_brown_spot:604
val/rice_brown_spot/107295.jpg,rice_brown_spot,7,val,paddy_doctor,rice_brown_spot:607
val/rice_brown_spot/107320.jpg,rice_brown_spot,7,val,paddy_doctor,rice_brown_spot:608
val/rice_brown_spot/107457.jpg,rice_brown_spot,7,val,paddy_doctor,rice_brown_spot:612
val/rice_brown_spot/107595.jpg,rice_brown_spot,7,val,paddy_doctor,rice_brown_spot:622
val/rice_brown_spot/107653.jpg,rice_brown_spot,7,val,paddy_doctor,rice_brown_spot:625
val/rice_brown_spot/107668.jpg,rice_brown_spot,7,val,paddy_doctor,rice_brown_spot:628
val/rice_brown_spot/107701.jpg,rice_brown_spot,7,val,paddy_doctor,rice_brown_spot:632
val/rice_brown_spot/107732.jpg,rice_brown_spot,7,val,paddy_doctor,rice_brown_spot:635
val/rice_brown_spot/107805.jpg,rice_brown_spot,7,val,paddy_doctor,rice_brown_spot:642
val/rice_brown_spot/107898.jpg,rice_brown_spot,7,val,paddy_doctor,rice_brown_spot:648
val/rice_brown_spot/108006.jpg,rice_brown_spot,7,val,paddy_doctor,rice_brown_spot:656
val/rice_brown_spot/108053.jpg,rice_brown_spot,7,val,paddy_doctor,rice_brown_spot:657
val/rice_brown_spot/108096.jpg,rice_brown_spot,7,val,paddy_doctor,rice_brown_spot:658
val/rice_brown_spot/108187.jpg,rice_brown_spot,7,val,paddy_doctor,rice_brown_spot:669
val/rice_brown_spot/108201.jpg,rice_brown_spot,7,val,paddy_doctor,rice_brown_spot:670
val/rice_brown_spot/108319.jpg,rice_brown_spot,7,val,paddy_doctor,rice_brown_spot:684
val/rice_brown_spot/108350.jpg,rice_brown_spot,7,val,paddy_doctor,rice_brown_spot:685
val/rice_brown_spot/108430.jpg,rice_brown_spot,7,val,paddy_doctor,rice_brown_spot:690
val/rice_brown_spot/108536.jpg,rice_brown_spot,7,val,paddy_doctor,rice_brown_spot:693
val/rice_brown_spot/108565.jpg,rice_brown_spot,7,val,paddy_doctor,rice_brown_spot:697
val/rice_brown_spot/108583.jpg,rice_brown_spot,7,val,paddy_doctor,rice_brown_spot:699
val/rice_brown_spot/108658.jpg,rice_brown_spot,7,val,paddy_doctor,rice_brown_spot:704
val/rice_brown_spot/108770.jpg,rice_brown_spot,7,val,paddy_doctor,rice_brown_spot:710
val/rice_brown_spot/108932.jpg,rice_brown_spot,7,val,paddy_doctor,rice_brown_spot:723
val/rice_brown_spot/109141.jpg,rice_brown_spot,7,val,paddy_doctor,rice_brown_spot:737
val/rice_brown_spot/109150.jpg,rice_brown_spot,7,val,paddy_doctor,rice_brown_spot:738
val/rice_brown_spot/109161.jpg,rice_brown_spot,7,val,paddy_doctor,rice_brown_spot:739
val/rice_brown_spot/109213.jpg,rice_brown_spot,7,val,paddy_doctor,rice_brown_spot:743
val/rice_brown_spot/109269.jpg,rice_brown_spot,7,val,paddy_doctor,rice_brown_spot:749
val/rice_brown_spot/109369.jpg,rice_brown_spot,7,val,paddy_doctor,rice_brown_spot:754
val/rice_brown_spot/109376.jpg,rice_brown_spot,7,val,paddy_doctor,rice_brown_spot:755
val/rice_brown_spot/109398.jpg,rice_brown_spot,7,val,paddy_doctor,rice_brown_spot:759
val/rice_brown_spot/109461.jpg,rice_brown_spot,7,val,paddy_doctor,rice_brown_spot:764
val/rice_brown_spot/109479.jpg,rice_brown_spot,7,val,paddy_doctor,rice_brown_spot:766
val/rice_brown_spot/109490.jpg,rice_brown_spot,7,val,paddy_doctor,rice_brown_spot:767
val/rice_brown_spot/109515.jpg,rice_brown_spot,7,val,paddy_doctor,rice_brown_spot:769
val/rice_brown_spot/109553.jpg,rice_brown_spot,7,val,paddy_doctor,rice_brown_spot:773
val/rice_brown_spot/109585.jpg,rice_brown_spot,7,val,paddy_doctor,rice_brown_spot:776
val/rice_brown_spot/109601.jpg,rice_brown_spot,7,val,paddy_doctor,rice_brown_spot:777
val/rice_brown_spot/109616.jpg,rice_brown_spot,7,val,paddy_doctor,rice_brown_spot:778
val/rice_brown_spot/109618.jpg,rice_brown_spot,7,val,paddy_doctor,rice_brown_spot:779
val/rice_brown_spot/109636.jpg,rice_brown_spot,7,val,paddy_doctor,rice_brown_spot:780
val/rice_brown_spot/109698.jpg,rice_brown_spot,7,val,paddy_doctor,rice_brown_spot:784
val/rice_brown_spot/109809.jpg,rice_brown_spot,7,val,paddy_doctor,rice_brown_spot:790
val/rice_brown_spot/109835.jpg,rice_brown_spot,7,val,paddy_doctor,rice_brown_spot:794
val/rice_brown_spot/109837.jpg,rice_brown_spot,7,val,paddy_doctor,rice_brown_spot:795
val/rice_brown_spot/109840.jpg,rice_brown_spot,7,val,paddy_doctor,rice_brown_spot:796
val/rice_brown_spot/110002.jpg,rice_brown_spot,7,val,paddy_doctor,rice_brown_spot:808
val/rice_brown_spot/110110.jpg,rice_brown_spot,7,val,paddy_doctor,rice_brown_spot:818
val/rice_brown_spot/110144.jpg,rice_brown_spot,7,val,paddy_doctor,rice_brown_spot:820
val/rice_brown_spot/110163.jpg,rice_brown_spot,7,val,paddy_doctor,rice_brown_spot:822
val/rice_brown_spot/110205.jpg,rice_brown_spot,7,val,paddy_doctor,rice_brown_spot:825
val/rice_brown_spot/110298.jpg,rice_brown_spot,7,val,paddy_doctor,rice_brown_spot:830
val/rice_brown_spot/110340.jpg,rice_brown_spot,7,val,paddy_doctor,rice_brown_spot:833
val/rice_brown_spot/110346.jpg,rice_brown_spot,7,val,paddy_doctor,rice_brown_spot:834
val/rice_healthy/100053.jpg,rice_healthy,8,val,paddy_doctor,rice_healthy:5
val/rice_healthy/100066.jpg,rice_healthy,8,val,paddy_doctor,rice_healthy:7
val/rice_healthy/100176.jpg,rice_healthy,8,val,paddy_doctor,rice_healthy:32
val/rice_healthy/100188.jpg,rice_healthy,8,val,paddy_doctor,rice_healthy:34
val/rice_healthy/100272.jpg,rice_healthy,8,val,paddy_doctor,rice_healthy:47
val/rice_healthy/100274.jpg,rice_healthy,8,val,paddy_doctor,rice_healthy:49
val/rice_healthy/100324.jpg,rice_healthy,8,val,paddy_doctor,rice_healthy:57
val/rice_healthy/100370.jpg,rice_healthy,8,val,paddy_doctor,rice_healthy:64
val/rice_healthy/100448.jpg,rice_healthy,8,val,paddy_doctor,rice_healthy:82
val/rice_healthy/100467.jpg,rice_healthy,8,val,paddy_doctor,rice_healthy:86
val/rice_healthy/100509.jpg,rice_healthy,8,val,paddy_doctor,rice_healthy:95
val/rice_healthy/100575.jpg,rice_healthy,8,val,paddy_doctor,rice_healthy:104
val/rice_healthy/100693.jpg,rice_healthy,8,val,paddy_doctor,rice_healthy:121
val/rice_healthy/100777.jpg,rice_healthy,8,val,paddy_doctor,rice_healthy:135
val/rice_healthy/100783.jpg,rice_healthy,8,val,paddy_doctor,rice_healthy:137
val/rice_healthy/100902.jpg,rice_healthy,8,val,paddy_doctor,rice_healthy:149
val/rice_healthy/101018.jpg,rice_healthy,8,val,paddy_doctor,rice_healthy:166
val/rice_healthy/101048.jpg,rice_healthy,8,val,paddy_doctor,rice_healthy:173
val/rice_healthy/101129.jpg,rice_healthy,8,val,paddy_doctor,rice_healthy:189
val/rice_healthy/101130.jpg,rice_healthy,8,val,paddy_doctor,rice_healthy:190
val/rice_healthy/101166.jpg,rice_healthy,8,val,paddy_doctor,rice_healthy:195
val/rice_healthy/101167.jpg,rice_healthy,8,val,paddy_doctor,rice_healthy:196
val/rice_healthy/101306.jpg,rice_healthy,8,val,paddy_doctor,rice_healthy:216
val/rice_healthy/101314.jpg,rice_healthy,8,val,paddy_doctor,rice_healthy:219
val/rice_healthy/101327.jpg,rice_healthy,8,val,paddy_doctor,rice_healthy:220
val/rice_healthy/101346.jpg,rice_healthy,8,val,paddy_doctor,rice_healthy:223
val/rice_healthy/101350.jpg,rice_healthy,8,val,paddy_doctor,rice_healthy:225
val/rice_healthy/101381.jpg,rice_healthy,8,val,paddy_doctor,rice_healthy:229
val/rice_healthy/101393.jpg,rice_healthy,8,val,paddy_doctor,rice_healthy:230
val/rice_healthy/101396.jpg,rice_healthy,8,val,paddy_doctor,rice_healthy:231
val/rice_healthy/101438.jpg,rice_healthy,8,val,paddy_doctor,rice_healthy:238
val/rice_healthy/101551.jpg,rice_healthy,8,val,paddy_doctor,rice_healthy:249
val/rice_healthy/101557.jpg,rice_healthy,8,val,paddy_doctor,rice_healthy:250
val/rice_healthy/101586.jpg,rice_healthy,8,val,paddy_doctor,rice_healthy:258
val/rice_healthy/101690.jpg,rice_healthy,8,val,paddy_doctor,rice_healthy:279
val/rice_healthy/101766.jpg,rice_healthy,8,val,paddy_doctor,rice_healthy:288
val/rice_healthy/101820.jpg,rice_healthy,8,val,paddy_doctor,rice_healthy:295
val/rice_healthy/101848.jpg,rice_healthy,8,val,paddy_doctor,rice_healthy:302
val/rice_healthy/101954.jpg,rice_healthy,8,val,paddy_doctor,rice_healthy:310
val/rice_healthy/101966.jpg,rice_healthy,8,val,paddy_doctor,rice_healthy:313
val/rice_healthy/101980.jpg,rice_healthy,8,val,paddy_doctor,rice_healthy:317
val/rice_healthy/102020.jpg,rice_healthy,8,val,paddy_doctor,rice_healthy:322
val/rice_healthy/102025.jpg,rice_healthy,8,val,paddy_doctor,rice_healthy:323
val/rice_healthy/102072.jpg,rice_healthy,8,val,paddy_doctor,rice_healthy:326
val/rice_healthy/102129.jpg,rice_healthy,8,val,paddy_doctor,rice_healthy:334
val/rice_healthy/102232.jpg,rice_healthy,8,val,paddy_doctor,rice_healthy:348
val/rice_healthy/102256.jpg,rice_healthy,8,val,paddy_doctor,rice_healthy:354
val/rice_healthy/102300.jpg,rice_healthy,8,val,paddy_doctor,rice_healthy:365
val/rice_healthy/102316.jpg,rice_healthy,8,val,paddy_doctor,rice_healthy:368
val/rice_healthy/102322.jpg,rice_healthy,8,val,paddy_doctor,rice_healthy:369
val/rice_healthy/102359.jpg,rice_healthy,8,val,paddy_doctor,rice_healthy:376
val/rice_healthy/102375.jpg,rice_healthy,8,val,paddy_doctor,rice_healthy:382
val/rice_healthy/102380.jpg,rice_healthy,8,val,paddy_doctor,rice_healthy:385
val/rice_healthy/102434.jpg,rice_healthy,8,val,paddy_doctor,rice_healthy:395
val/rice_healthy/102444.jpg,rice_healthy,8,val,paddy_doctor,rice_healthy:398
val/rice_healthy/102483.jpg,rice_healthy,8,val,paddy_doctor,rice_healthy:401
val/rice_healthy/102554.jpg,rice_healthy,8,val,paddy_doctor,rice_healthy:413
val/rice_healthy/102620.jpg,rice_healthy,8,val,paddy_doctor,rice_healthy:427
val/rice_healthy/102651.jpg,rice_healthy,8,val,paddy_doctor,rice_healthy:433
val/rice_healthy/102691.jpg,rice_healthy,8,val,paddy_doctor,rice_healthy:440
val/rice_healthy/102692.jpg,rice_healthy,8,val,paddy_doctor,rice_healthy:441
val/rice_healthy/102718.jpg,rice_healthy,8,val,paddy_doctor,rice_healthy:448
val/rice_healthy/102733.jpg,rice_healthy,8,val,paddy_doctor,rice_healthy:453
val/rice_healthy/102927.jpg,rice_healthy,8,val,paddy_doctor,rice_healthy:476
val/rice_healthy/102986.jpg,rice_healthy,8,val,paddy_doctor,rice_healthy:485
val/rice_healthy/103009.jpg,rice_healthy,8,val,paddy_doctor,rice_healthy:490
val/rice_healthy/103016.jpg,rice_healthy,8,val,paddy_doctor,rice_healthy:494
val/rice_healthy/103065.jpg,rice_healthy,8,val,paddy_doctor,rice_healthy:502
val/rice_healthy/103083.jpg,rice_healthy,8,val,paddy_doctor,rice_healthy:504
val/rice_healthy/103098.jpg,rice_healthy,8,val,paddy_doctor,rice_healthy:506
val/rice_healthy/103119.jpg,rice_healthy,8,val,paddy_doctor,rice_healthy:511
val/rice_healthy/103171.jpg,rice_healthy,8,val,paddy_doctor,rice_healthy:521
val/rice_healthy/103172.jpg,rice_healthy,8,val,paddy_doctor,rice_healthy:522
val/rice_healthy/103191.jpg,rice_healthy,8,val,paddy_doctor,rice_healthy:525
val/rice_healthy/103249.jpg,rice_healthy,8,val,paddy_doctor,rice_healthy:534
val/rice_healthy/103255.jpg,rice_healthy,8,val,paddy_doctor,rice_healthy:535
val/rice_healthy/103286.jpg,rice_healthy,8,val,paddy_doctor,rice_healthy:540
val/rice_healthy/103292.jpg,rice_healthy,8,val,paddy_doctor,rice_healthy:541
val/rice_healthy/103301.jpg,rice_healthy,8,val,paddy_doctor,rice_healthy:542
val/rice_healthy/103302.jpg,rice_healthy,8,val,paddy_doctor,rice_healthy:543
val/rice_healthy/103328.jpg,rice_healthy,8,val,paddy_doctor,rice_healthy:548
val/rice_healthy/103331.jpg,rice_healthy,8,val,paddy_doctor,rice_healthy:549
val/rice_healthy/103393.jpg,rice_healthy,8,val,paddy_doctor,rice_healthy:559
val/rice_healthy/103424.jpg,rice_healthy,8,val,paddy_doctor,rice_healthy:566
val/rice_healthy/103433.jpg,rice_healthy,8,val,paddy_doctor,rice_healthy:568
val/rice_healthy/103505.jpg,rice_healthy,8,val,paddy_doctor,rice_healthy:572
val/rice_healthy/103526.jpg,rice_healthy,8,val,paddy_doctor,rice_healthy:576
val/rice_healthy/103539.jpg,rice_healthy,8,val,paddy_doctor,rice_healthy:579
val/rice_healthy/103543.jpg,rice_healthy,8,val,paddy_doctor,rice_healthy:580
val/rice_healthy/103571.jpg,rice_healthy,8,val,paddy_doctor,rice_healthy:585
val/rice_healthy/103643.jpg,rice_healthy,8,val,paddy_doctor,rice_healthy:591
val/rice_healthy/103659.jpg,rice_healthy,8,val,paddy_doctor,rice_healthy:592
val/rice_healthy/103676.jpg,rice_healthy,8,val,paddy_doctor,rice_healthy:594
val/rice_healthy/103748.jpg,rice_healthy,8,val,paddy_doctor,rice_healthy:601
val/rice_healthy/103815.jpg,rice_healthy,8,val,paddy_doctor,rice_healthy:611
val/rice_healthy/103848.jpg,rice_healthy,8,val,paddy_doctor,rice_healthy:615
val/rice_healthy/103858.jpg,rice_healthy,8,val,paddy_doctor,rice_healthy:618
val/rice_healthy/103894.jpg,rice_healthy,8,val,paddy_doctor,rice_healthy:628
val/rice_healthy/103987.jpg,rice_healthy,8,val,paddy_doctor,rice_healthy:645
val/rice_healthy/104013.jpg,rice_healthy,8,val,paddy_doctor,rice_healthy:649
val/rice_healthy/104060.jpg,rice_healthy,8,val,paddy_doctor,rice_healthy:657
val/rice_healthy/104083.jpg,rice_healthy,8,val,paddy_doctor,rice_healthy:660
val/rice_healthy/104089.jpg,rice_healthy,8,val,paddy_doctor,rice_healthy:662
val/rice_healthy/104152.jpg,rice_healthy,8,val,paddy_doctor,rice_healthy:670
val/rice_healthy/104166.jpg,rice_healthy,8,val,paddy_doctor,rice_healthy:673
val/rice_healthy/104291.jpg,rice_healthy,8,val,paddy_doctor,rice_healthy:690
val/rice_healthy/104294.jpg,rice_healthy,8,val,paddy_doctor,rice_healthy:691
val/rice_healthy/104303.jpg,rice_healthy,8,val,paddy_doctor,rice_healthy:693
val/rice_healthy/104313.jpg,rice_healthy,8,val,paddy_doctor,rice_healthy:694
val/rice_healthy/104346.jpg,rice_healthy,8,val,paddy_doctor,rice_healthy:700
val/rice_healthy/104395.jpg,rice_healthy,8,val,paddy_doctor,rice_healthy:706
val/rice_healthy/104396.jpg,rice_healthy,8,val,paddy_doctor,rice_healthy:707
val/rice_healthy/104409.jpg,rice_healthy,8,val,paddy_doctor,rice_healthy:709
val/rice_healthy/104462.jpg,rice_healthy,8,val,paddy_doctor,rice_healthy:713
val/rice_healthy/104482.jpg,rice_healthy,8,val,paddy_doctor,rice_healthy:719
val/rice_healthy/104526.jpg,rice_healthy,8,val,paddy_doctor,rice_healthy:724
val/rice_healthy/104542.jpg,rice_healthy,8,val,paddy_doctor,rice_healthy:728
val/rice_healthy/104549.jpg,rice_healthy,8,val,paddy_doctor,rice_healthy:730
val/rice_healthy/104629.jpg,rice_healthy,8,val,paddy_doctor,rice_healthy:740
val/rice_healthy/104685.jpg,rice_healthy,8,val,paddy_doctor,rice_healthy:750
val/rice_healthy/104789.jpg,rice_healthy,8,val,paddy_doctor,rice_healthy:765
val/rice_healthy/104791.jpg,rice_healthy,8,val,paddy_doctor,rice_healthy:766
val/rice_healthy/104820.jpg,rice_healthy,8,val,paddy_doctor,rice_healthy:773
val/rice_healthy/104924.jpg,rice_healthy,8,val,paddy_doctor,rice_healthy:790
val/rice_healthy/104993.jpg,rice_healthy,8,val,paddy_doctor,rice_healthy:804
val/rice_healthy/105081.jpg,rice_healthy,8,val,paddy_doctor,rice_healthy:812
val/rice_healthy/105084.jpg,rice_healthy,8,val,paddy_doctor,rice_healthy:813
val/rice_healthy/105142.jpg,rice_healthy,8,val,paddy_doctor,rice_healthy:823
val/rice_healthy/105144.jpg,rice_healthy,8,val,paddy_doctor,rice_healthy:825
val/rice_healthy/105192.jpg,rice_healthy,8,val,paddy_doctor,rice_healthy:830
val/rice_healthy/105199.jpg,rice_healthy,8,val,paddy_doctor,rice_healthy:831
val/rice_healthy/105203.jpg,rice_healthy,8,val,paddy_doctor,rice_healthy:832
val/rice_healthy/105242.jpg,rice_healthy,8,val,paddy_doctor,rice_healthy:836
val/rice_healthy/105308.jpg,rice_healthy,8,val,paddy_doctor,rice_healthy:846
val/rice_healthy/105343.jpg,rice_healthy,8,val,paddy_doctor,rice_healthy:855
val/rice_healthy/105350.jpg,rice_healthy,8,val,paddy_doctor,rice_healthy:856
val/rice_healthy/105383.jpg,rice_healthy,8,val,paddy_doctor,rice_healthy:859
val/rice_healthy/105445.jpg,rice_healthy,8,val,paddy_doctor,rice_healthy:867
val/rice_healthy/105484.jpg,rice_healthy,8,val,paddy_doctor,rice_healthy:874
val/rice_healthy/105587.jpg,rice_healthy,8,val,paddy_doctor,rice_healthy:892
val/rice_healthy/105660.jpg,rice_healthy,8,val,paddy_doctor,rice_healthy:903
val/rice_healthy/105703.jpg,rice_healthy,8,val,paddy_doctor,rice_healthy:910
val/rice_healthy/105706.jpg,rice_healthy,8,val,paddy_doctor,rice_healthy:912
val/rice_healthy/105726.jpg,rice_healthy,8,val,paddy_doctor,rice_healthy:914
val/rice_healthy/105825.jpg,rice_healthy,8,val,paddy_doctor,rice_healthy:930
val/rice_healthy/105842.jpg,rice_healthy,8,val,paddy_doctor,rice_healthy:935
val/rice_healthy/105861.jpg,rice_healthy,8,val,paddy_doctor,rice_healthy:937
val/rice_healthy/105869.jpg,rice_healthy,8,val,paddy_doctor,rice_healthy:939
val/rice_healthy/105917.jpg,rice_healthy,8,val,paddy_doctor,rice_healthy:946
val/rice_healthy/105937.jpg,rice_healthy,8,val,paddy_doctor,rice_healthy:948
val/rice_healthy/106014.jpg,rice_healthy,8,val,paddy_doctor,rice_healthy:958
val/rice_healthy/106025.jpg,rice_healthy,8,val,paddy_doctor,rice_healthy:961
val/rice_healthy/106046.jpg,rice_healthy,8,val,paddy_doctor,rice_healthy:964
val/rice_healthy/106049.jpg,rice_healthy,8,val,paddy_doctor,rice_healthy:965
val/rice_healthy/106163.jpg,rice_healthy,8,val,paddy_doctor,rice_healthy:979
val/rice_healthy/106175.jpg,rice_healthy,8,val,paddy_doctor,rice_healthy:980
val/rice_healthy/106185.jpg,rice_healthy,8,val,paddy_doctor,rice_healthy:983
val/rice_healthy/106213.jpg,rice_healthy,8,val,paddy_doctor,rice_healthy:989
val/rice_healthy/106220.jpg,rice_healthy,8,val,paddy_doctor,rice_healthy:991
val/rice_healthy/106299.jpg,rice_healthy,8,val,paddy_doctor,rice_healthy:1004
val/rice_healthy/106315.jpg,rice_healthy,8,val,paddy_doctor,rice_healthy:1007
val/rice_healthy/106332.jpg,rice_healthy,8,val,paddy_doctor,rice_healthy:1011
val/rice_healthy/106390.jpg,rice_healthy,8,val,paddy_doctor,rice_healthy:1021
val/rice_healthy/106422.jpg,rice_healthy,8,val,paddy_doctor,rice_healthy:1029
val/rice_healthy/106447.jpg,rice_healthy,8,val,paddy_doctor,rice_healthy:1032
val/rice_healthy/106467.jpg,rice_healthy,8,val,paddy_doctor,rice_healthy:1035
val/rice_healthy/106512.jpg,rice_healthy,8,val,paddy_doctor,rice_healthy:1042
val/rice_healthy/106572.jpg,rice_healthy,8,val,paddy_doctor,rice_healthy:1051
val/rice_healthy/106602.jpg,rice_healthy,8,val,paddy_doctor,rice_healthy:1055
val/rice_healthy/106625.jpg,rice_healthy,8,val,paddy_doctor,rice_healthy:1058
val/rice_healthy/106626.jpg,rice_healthy,8,val,paddy_doctor,rice_healthy:1059
val/rice_healthy/106663.jpg,rice_healthy,8,val,paddy_doctor,rice_healthy:1067
val/rice_healthy/106703.jpg,rice_healthy,8,val,paddy_doctor,rice_healthy:1074
val/rice_healthy/106717.jpg,rice_healthy,8,val,paddy_doctor,rice_healthy:1077
val/rice_healthy/106737.jpg,rice_healthy,8,val,paddy_doctor,rice_healthy:1080
val/rice_healthy/106755.jpg,rice_healthy,8,val,paddy_doctor,rice_healthy:1083
val/rice_healthy/106782.jpg,rice_healthy,8,val,paddy_doctor,rice_healthy:1086
val/rice_healthy/106792.jpg,rice_healthy,8,val,paddy_doctor,rice_healthy:1087
val/rice_healthy/106798.jpg,rice_healthy,8,val,paddy_doctor,rice_healthy:1089
val/rice_healthy/106801.jpg,rice_healthy,8,val,paddy_doctor,rice_healthy:1090
val/rice_healthy/106831.jpg,rice_healthy,8,val,paddy_doctor,rice_healthy:1095
val/rice_healthy/106907.jpg,rice_healthy,8,val,paddy_doctor,rice_healthy:1104
val/rice_healthy/106914.jpg,rice_healthy,8,val,paddy_doctor,rice_healthy:1105
val/rice_healthy/106936.jpg,rice_healthy,8,val,paddy_doctor,rice_healthy:1108
val/rice_healthy/106959.jpg,rice_healthy,8,val,paddy_doctor,rice_healthy:1112
val/rice_healthy/106999.jpg,rice_healthy,8,val,paddy_doctor,rice_healthy:1118
val/rice_healthy/107043.jpg,rice_healthy,8,val,paddy_doctor,rice_healthy:1127
val/rice_healthy/107060.jpg,rice_healthy,8,val,paddy_doctor,rice_healthy:1135
val/rice_healthy/107139.jpg,rice_healthy,8,val,paddy_doctor,rice_healthy:1145
val/rice_healthy/107163.jpg,rice_healthy,8,val,paddy_doctor,rice_healthy:1147
val/rice_healthy/107182.jpg,rice_healthy,8,val,paddy_doctor,rice_healthy:1148
val/rice_healthy/107192.jpg,rice_healthy,8,val,paddy_doctor,rice_healthy:1150
val/rice_healthy/107213.jpg,rice_healthy,8,val,paddy_doctor,rice_healthy:1151
val/rice_healthy/107233.jpg,rice_healthy,8,val,paddy_doctor,rice_healthy:1152
val/rice_healthy/107243.jpg,rice_healthy,8,val,paddy_doctor,rice_healthy:1154
val/rice_healthy/107267.jpg,rice_healthy,8,val,paddy_doctor,rice_healthy:1157
val/rice_healthy/107345.jpg,rice_healthy,8,val,paddy_doctor,rice_healthy:1168
val/rice_healthy/107441.jpg,rice_healthy,8,val,paddy_doctor,rice_healthy:1182
val/rice_healthy/107507.jpg,rice_healthy,8,val,paddy_doctor,rice_healthy:1195
val/rice_healthy/107562.jpg,rice_healthy,8,val,paddy_doctor,rice_healthy:1203
val/rice_healthy/107593.jpg,rice_healthy,8,val,paddy_doctor,rice_healthy:1210
val/rice_healthy/107609.jpg,rice_healthy,8,val,paddy_doctor,rice_healthy:1215
val/rice_healthy/107813.jpg,rice_healthy,8,val,paddy_doctor,rice_healthy:1242
val/rice_healthy/107878.jpg,rice_healthy,8,val,paddy_doctor,rice_healthy:1249
val/rice_healthy/107909.jpg,rice_healthy,8,val,paddy_doctor,rice_healthy:1251
val/rice_healthy/107933.jpg,rice_healthy,8,val,paddy_doctor,rice_healthy:1255
val/rice_healthy/108188.jpg,rice_healthy,8,val,paddy_doctor,rice_healthy:1283
val/rice_healthy/108218.jpg,rice_healthy,8,val,paddy_doctor,rice_healthy:1288
val/rice_healthy/108264.jpg,rice_healthy,8,val,paddy_doctor,rice_healthy:1296
val/rice_healthy/108361.jpg,rice_healthy,8,val,paddy_doctor,rice_healthy:1309
val/rice_healthy/108459.jpg,rice_healthy,8,val,paddy_doctor,rice_healthy:1328
val/rice_healthy/108479.jpg,rice_healthy,8,val,paddy_doctor,rice_healthy:1332
val/rice_healthy/108485.jpg,rice_healthy,8,val,paddy_doctor,rice_healthy:1334
val/rice_healthy/108503.jpg,rice_healthy,8,val,paddy_doctor,rice_healthy:1337
val/rice_healthy/108525.jpg,rice_healthy,8,val,paddy_doctor,rice_healthy:1339
val/rice_healthy/108593.jpg,rice_healthy,8,val,paddy_doctor,rice_healthy:1351
val/rice_healthy/108607.jpg,rice_healthy,8,val,paddy_doctor,rice_healthy:1354
val/rice_healthy/108642.jpg,rice_healthy,8,val,paddy_doctor,rice_healthy:1365
val/rice_healthy/108655.jpg,rice_healthy,8,val,paddy_doctor,rice_healthy:1368
val/rice_healthy/108701.jpg,rice_healthy,8,val,paddy_doctor,rice_healthy:1378
val/rice_healthy/108705.jpg,rice_healthy,8,val,paddy_doctor,rice_healthy:1379
val/rice_healthy/108738.jpg,rice_healthy,8,val,paddy_doctor,rice_healthy:1387
val/rice_healthy/108837.jpg,rice_healthy,8,val,paddy_doctor,rice_healthy:1396
val/rice_healthy/108851.jpg,rice_healthy,8,val,paddy_doctor,rice_healthy:1401
val/rice_healthy/108881.jpg,rice_healthy,8,val,paddy_doctor,rice_healthy:1405
val/rice_healthy/108935.jpg,rice_healthy,8,val,paddy_doctor,rice_healthy:1415
val/rice_healthy/108938.jpg,rice_healthy,8,val,paddy_doctor,rice_healthy:1417
val/rice_healthy/108958.jpg,rice_healthy,8,val,paddy_doctor,rice_healthy:1420
val/rice_healthy/108999.jpg,rice_healthy,8,val,paddy_doctor,rice_healthy:1423
val/rice_healthy/109024.jpg,rice_healthy,8,val,paddy_doctor,rice_healthy:1428
val/rice_healthy/109051.jpg,rice_healthy,8,val,paddy_doctor,rice_healthy:1430
val/rice_healthy/109060.jpg,rice_healthy,8,val,paddy_doctor,rice_healthy:1432
val/rice_healthy/109066.jpg,rice_healthy,8,val,paddy_doctor,rice_healthy:1435
val/rice_healthy/109155.jpg,rice_healthy,8,val,paddy_doctor,rice_healthy:1445
val/rice_healthy/109158.jpg,rice_healthy,8,val,paddy_doctor,rice_healthy:1447
val/rice_healthy/109266.jpg,rice_healthy,8,val,paddy_doctor,rice_healthy:1459
val/rice_healthy/109296.jpg,rice_healthy,8,val,paddy_doctor,rice_healthy:1461
val/rice_healthy/109316.jpg,rice_healthy,8,val,paddy_doctor,rice_healthy:1463
val/rice_healthy/109319.jpg,rice_healthy,8,val,paddy_doctor,rice_healthy:1465
val/rice_healthy/109344.jpg,rice_healthy,8,val,paddy_doctor,rice_healthy:1471
val/rice_healthy/109363.jpg,rice_healthy,8,val,paddy_doctor,rice_healthy:1477
val/rice_healthy/109364.jpg,rice_healthy,8,val,paddy_doctor,rice_healthy:1478
val/rice_healthy/109426.jpg,rice_healthy,8,val,paddy_doctor,rice_healthy:1486
val/rice_healthy/109451.jpg,rice_healthy,8,val,paddy_doctor,rice_healthy:1491
val/rice_healthy/109463.jpg,rice_healthy,8,val,paddy_doctor,rice_healthy:1492
val/rice_healthy/109473.jpg,rice_healthy,8,val,paddy_doctor,rice_healthy:1494
val/rice_healthy/109570.jpg,rice_healthy,8,val,paddy_doctor,rice_healthy:1504
val/rice_healthy/109613.jpg,rice_healthy,8,val,paddy_doctor,rice_healthy:1509
val/rice_healthy/109614.jpg,rice_healthy,8,val,paddy_doctor,rice_healthy:1510
val/rice_healthy/109733.jpg,rice_healthy,8,val,paddy_doctor,rice_healthy:1528
val/rice_healthy/109866.jpg,rice_healthy,8,val,paddy_doctor,rice_healthy:1545
val/rice_healthy/109877.jpg,rice_healthy,8,val,paddy_doctor,rice_healthy:1546
val/rice_healthy/109944.jpg,rice_healthy,8,val,paddy_doctor,rice_healthy:1555
val/rice_healthy/109952.jpg,rice_healthy,8,val,paddy_doctor,rice_healthy:1557
val/rice_healthy/109953.jpg,rice_healthy,8,val,paddy_doctor,rice_healthy:1558
val/rice_healthy/109967.jpg,rice_healthy,8,val,paddy_doctor,rice_healthy:1559
val/rice_healthy/109974.jpg,rice_healthy,8,val,paddy_doctor,rice_healthy:1561
val/rice_healthy/109993.jpg,rice_healthy,8,val,paddy_doctor,rice_healthy:1564
val/rice_healthy/109997.jpg,rice_healthy,8,val,paddy_doctor,rice_healthy:1565
val/rice_healthy/110011.jpg,rice_healthy,8,val,paddy_doctor,rice_healthy:1568
val/rice_healthy/110126.jpg,rice_healthy,8,val,paddy_doctor,rice_healthy:1580
val/rice_healthy/110154.jpg,rice_healthy,8,val,paddy_doctor,rice_healthy:1585
val/rice_healthy/110288.jpg,rice_healthy,8,val,paddy_doctor,rice_healthy:1605
val/rice_healthy/110300.jpg,rice_healthy,8,val,paddy_doctor,rice_healthy:1607
val/rice_healthy/110318.jpg,rice_healthy,8,val,paddy_doctor,rice_healthy:1609
val/tomato_early_blight/0982d864-182e-4d36-959a-dcc67d85d9e6___RS_Erly.B 9481.jpg,tomato_early_blight,9,val,plantvillage,tomato_early_blight:7
val/tomato_early_blight/0f7a2408-9c26-4ff9-bee5-2bfcd91a11f7___RS_Erly.B 9440.jpg,tomato_early_blight,9,val,plantvillage,tomato_early_blight:15
val/tomato_early_blight/10a46a0b-debe-49f9-8562-c7c81855160e___RS_Erly.B 6339.jpg,tomato_early_blight,9,val,plantvillage,tomato_early_blight:16
val/tomato_early_blight/1c9e0f1a-7314-449c-9482-9059684ac82d___RS_Erly.B 7840.jpg,tomato_early_blight,9,val,plantvillage,tomato_early_blight:21
val/tomato_early_blight/1de17623-e625-4a3a-91e8-64973e6d09fd___RS_Erly.B 9577.jpg,tomato_early_blight,9,val,plantvillage,tomato_early_blight:23
val/tomato_early_blight/1e671658-3463-4a38-8b6a-e2867aeeda10___RS_Erly.B 6359.jpg,tomato_early_blight,9,val,plantvillage,tomato_early_blight:24
val/tomato_early_blight/250f6c43-1800-4c21-9d73-cc51fe144bbc___RS_Erly.B 6356.jpg,tomato_early_blight,9,val,plantvillage,tomato_early_blight:32
val/tomato_early_blight/2ab7f21e-4a55-4895-acdb-5f161167a0f1___RS_Erly.B 8318.jpg,tomato_early_blight,9,val,plantvillage,tomato_early_blight:35
val/tomato_early_blight/411f8908-2bb4-45dc-b1d1-314cc951f0a9___RS_Erly.B 9526.jpg,tomato_early_blight,9,val,plantvillage,tomato_early_blight:50
val/tomato_early_blight/47c05777-ef2f-4baf-8f1a-61ab067a4627___RS_Erly.B 7350.jpg,tomato_early_blight,9,val,plantvillage,tomato_early_blight:53
val/tomato_early_blight/51f589f7-d843-4d5d-8c5a-385951f58865___RS_Erly.B 9424.jpg,tomato_early_blight,9,val,plantvillage,tomato_early_blight:63
val/tomato_early_blight/59fbd532-f75e-4c09-be68-3707d1323868___RS_Erly.B 7863.jpg,tomato_early_blight,9,val,plantvillage,tomato_early_blight:70
val/tomato_early_blight/61047d59-d93a-4133-92ab-4f2481fa6bed___RS_Erly.B 9533.jpg,tomato_early_blight,9,val,plantvillage,tomato_early_blight:76
val/tomato_early_blight/618b7af9-69ff-4a97-a738-984fec04f25b___RS_Erly.B 7527.jpg,tomato_early_blight,9,val,plantvillage,tomato_early_blight:77
val/tomato_early_blight/680b86dc-14e0-4668-95c8-776193015146___RS_Erly.B 7854.jpg,tomato_early_blight,9,val,plantvillage,tomato_early_blight:83
val/tomato_early_blight/72e0c27a-891e-4864-a473-c44d578ad2ed___RS_Erly.B 7622.jpg,tomato_early_blight,9,val,plantvillage,tomato_early_blight:90
val/tomato_early_blight/829d0a5e-326c-4ae6-a3c6-c65297cb5d2f___RS_Erly.B 8338.jpg,tomato_early_blight,9,val,plantvillage,tomato_early_blight:97
val/tomato_early_blight/a2da7455-c116-4d02-b506-89183f817d78___RS_Erly.B 9371.jpg,tomato_early_blight,9,val,plantvillage,tomato_early_blight:118
val/tomato_early_blight/b8b9300b-f085-49ce-a052-5c003e493f7e___RS_Erly.B 7507.jpg,tomato_early_blight,9,val,plantvillage,tomato_early_blight:131
val/tomato_early_blight/c87a666a-07bb-44cc-952a-33d69f075e14___RS_Erly.B 7631.jpg,tomato_early_blight,9,val,plantvillage,tomato_early_blight:141
val/tomato_early_blight/c882c715-ae30-410e-9585-bd7061cf44a4___RS_Erly.B 7734.jpg,tomato_early_blight,9,val,plantvillage,tomato_early_blight:142
val/tomato_early_blight/ccd788af-4fd4-46a5-96af-c6ad44314d45___RS_Erly.B 8436.jpg,tomato_early_blight,9,val,plantvillage,tomato_early_blight:145
val/tomato_early_blight/d418610e-e676-4722-b84a-6de973499fa9___RS_Erly.B 9425.jpg,tomato_early_blight,9,val,plantvillage,tomato_early_blight:154
val/tomato_early_blight/d8bfc53d-7b22-48a7-a884-c808927dc149___RS_Erly.B 6349.jpg,tomato_early_blight,9,val,plantvillage,tomato_early_blight:161
val/tomato_early_blight/d96c3244-39ec-4188-9870-a6e32aad81d6___RS_Erly.B 7540.jpg,tomato_early_blight,9,val,plantvillage,tomato_early_blight:162
val/tomato_early_blight/dfd261ab-30ad-456c-93b3-874a4ebaeaaf___RS_Erly.B 8451.jpg,tomato_early_blight,9,val,plantvillage,tomato_early_blight:166
val/tomato_early_blight/e87f8d6a-9728-4d12-b6b3-e07c77db939b___RS_Erly.B 9576.jpg,tomato_early_blight,9,val,plantvillage,tomato_early_blight:176
val/tomato_early_blight/f834c581-d183-4a7a-98a5-77e8e2cbfa69___RS_Erly.B 7722.jpg,tomato_early_blight,9,val,plantvillage,tomato_early_blight:187
val/tomato_early_blight/f93578b3-4b98-4b13-95c3-495c656963f4___RS_Erly.B 8340.jpg,tomato_early_blight,9,val,plantvillage,tomato_early_blight:190
val/tomato_early_blight/fe79c70c-0977-43f3-ad1b-3a1b4bceeceb___RS_Erly.B 7506.jpg,tomato_early_blight,9,val,plantvillage,tomato_early_blight:196
val/tomato_healthy/01f98912-9627-4ce0-8f0f-e451b7acbb6c___RS_HL 0509.jpg,tomato_healthy,10,val,plantvillage,tomato_healthy:0
val/tomato_healthy/05598cc1-60b9-4436-a233-973c42eff2d6___GH_HL Leaf 503.1.jpg,tomato_healthy,10,val,plantvillage,tomato_healthy:5
val/tomato_healthy/063d05a7-1a53-4631-818d-44b34126974e___GH_HL Leaf 453.jpg,tomato_healthy,10,val,plantvillage,tomato_healthy:6
val/tomato_healthy/07c3c887-da7d-4c81-b6ae-fabd1fb0ba5a___RS_HL 9681.jpg,tomato_healthy,10,val,plantvillage,tomato_healthy:10
val/tomato_healthy/0a205a11-1e64-49f7-93c2-ad59312b4f83___RS_HL 0334.jpg,tomato_healthy,10,val,plantvillage,tomato_healthy:12
val/tomato_healthy/0f9a114d-1df8-442c-90e7-d14d2f6efb23___RS_HL 9964.jpg,tomato_healthy,10,val,plantvillage,tomato_healthy:19
val/tomato_healthy/13688c77-f2ad-4f7c-972c-99d70652fac6___RS_HL 0458.jpg,tomato_healthy,10,val,plantvillage,tomato_healthy:24
val/tomato_healthy/1d31b822-7933-4801-a18c-657b8af377d6___RS_HL 0636.jpg,tomato_healthy,10,val,plantvillage,tomato_healthy:37
val/tomato_healthy/20d3ba25-f161-4ede-a42a-7a3020ebda3d___RS_HL 0124.jpg,tomato_healthy,10,val,plantvillage,tomato_healthy:40
val/tomato_healthy/25080b1c-6c0f-4b11-bb31-b5cfb2429395___GH_HL Leaf 238.jpg,tomato_healthy,10,val,plantvillage,tomato_healthy:45
val/tomato_healthy/293dddf9-f5e5-42de-ab68-f1cad0f69a43___GH_HL Leaf 232.jpg,tomato_healthy,10,val,plantvillage,tomato_healthy:53
val/tomato_healthy/38670ac4-67ad-4b00-a37b-3fb82d58aa86___RS_HL 9762.jpg,tomato_healthy,10,val,plantvillage,tomato_healthy:67
val/tomato_healthy/4184da3b-ccbd-4880-9aa7-dbb868a7f571___GH_HL Leaf 355.jpg,tomato_healthy,10,val,plantvillage,tomato_healthy:76
val/tomato_healthy/488feb1c-4b9f-44e7-8aa6-4103a9601f5f___GH_HL Leaf 434.jpg,tomato_healthy,10,val,plantvillage,tomato_healthy:84
val/tomato_healthy/48cd0ef9-4e84-4f83-ad6b-e8ddc3eb6b3b___GH_HL Leaf 317.1.jpg,tomato_healthy,10,val,plantvillage,tomato_healthy:87
val/tomato_healthy/50e94883-d7f1-4165-8c48-2f999ed1eef6___GH_HL Leaf 478.1.jpg,tomato_healthy,10,val,plantvillage,tomato_healthy:96
val/tomato_healthy/59785876-4697-4cbe-881d-26133ccd21ec___RS_HL 9746.jpg,tomato_healthy,10,val,plantvillage,tomato_healthy:101
val/tomato_healthy/5b626f17-8c30-4b6e-bd66-8da2b7476326___RS_HL 9851.jpg,tomato_healthy,10,val,plantvillage,tomato_healthy:104
val/tomato_healthy/5fdf7f4f-4847-4492-bda8-01995d192e75___GH_HL Leaf 405.jpg,tomato_healthy,10,val,plantvillage,tomato_healthy:109
val/tomato_healthy/622044a4-97d7-46a1-a702-2f586bb04a78___GH_HL Leaf 334.jpg,tomato_healthy,10,val,plantvillage,tomato_healthy:110
val/tomato_healthy/6516ac80-5103-4d40-8200-af7dbdc239e7___GH_HL Leaf 202.1.jpg,tomato_healthy,10,val,plantvillage,tomato_healthy:115
val/tomato_healthy/6900666d-da67-433d-a8bd-5a131c7ea4a9___GH_HL Leaf 467.jpg,tomato_healthy,10,val,plantvillage,tomato_healthy:122
val/tomato_healthy/6a800f5d-f218-4c0b-b78b-7cedcc70a3aa___GH_HL Leaf 337.1.jpg,tomato_healthy,10,val,plantvillage,tomato_healthy:123
val/tomato_healthy/6ce07d35-afb2-4290-9239-ef1dcb92acd8___GH_HL Leaf 492.1.jpg,tomato_healthy,10,val,plantvillage,tomato_healthy:127
val/tomato_healthy/6e970455-6b05-4c23-82e0-ce913197ff8e___RS_HL 9684.jpg,tomato_healthy,10,val,plantvillage,tomato_healthy:131
val/tomato_healthy/80ad21d3-4571-49bd-a96e-2f75e9a9b673___RS_HL 9729.jpg,tomato_healthy,10,val,plantvillage,tomato_healthy:150
val/tomato_healthy/81453f31-6152-44e0-bfaf-fcd1336fc064___GH_HL Leaf 479.jpg,tomato_healthy,10,val,plantvillage,tomato_healthy:152
val/tomato_healthy/8328f7fb-5929-4920-921a-ae9a24db66c2___RS_HL 0597.jpg,tomato_healthy,10,val,plantvillage,tomato_healthy:155
val/tomato_healthy/87a77f4d-38bd-42dc-bdd3-5f2a1fa95ca7___GH_HL Leaf 469.3.jpg,tomato_healthy,10,val,plantvillage,tomato_healthy:162
val/tomato_healthy/8887e457-f477-426d-bcf7-a6e7d43d42c1___GH_HL Leaf 296.jpg,tomato_healthy,10,val,plantvillage,tomato_healthy:164
val/tomato_healthy/8ad09f74-a565-413a-bcf5-21cf58a4db3a___RS_HL 0173.jpg,tomato_healthy,10,val,plantvillage,tomato_healthy:169
val/tomato_healthy/930689fd-9e44-497a-9724-7e7080de02fe___RS_HL 9754.jpg,tomato_healthy,10,val,plantvillage,tomato_healthy:177
val/tomato_healthy/95a43787-4b69-4ad8-854f-7d8cbd1e6cac___RS_HL 9642.jpg,tomato_healthy,10,val,plantvillage,tomato_healthy:182
val/tomato_healthy/96bf0aea-6bf2-4ad8-8fa9-bbbc30be4967___RS_HL 0200.jpg,tomato_healthy,10,val,plantvillage,tomato_healthy:184
val/tomato_healthy/9b2a3f9a-f450-471d-928c-270126c8602a___RS_HL 9758.jpg,tomato_healthy,10,val,plantvillage,tomato_healthy:192
val/tomato_healthy/9df3c983-0c0c-4e9b-a0c8-f3e1fd3ec908___RS_HL 0634.jpg,tomato_healthy,10,val,plantvillage,tomato_healthy:196
val/tomato_healthy/b1f50b66-747a-4394-ae03-1d5c201c1bb8___RS_HL 9664.jpg,tomato_healthy,10,val,plantvillage,tomato_healthy:213
val/tomato_healthy/b2497a4d-6951-46d3-810b-7072e908eea9___RS_HL 9907.jpg,tomato_healthy,10,val,plantvillage,tomato_healthy:214
val/tomato_healthy/b7e3a280-a031-475d-95b2-a1d2f0f49e02___GH_HL Leaf 279.jpg,tomato_healthy,10,val,plantvillage,tomato_healthy:225
val/tomato_healthy/ba4daa67-29a8-4d0b-a21e-a27406bb840d___RS_HL 9714.jpg,tomato_healthy,10,val,plantvillage,tomato_healthy:229
val/tomato_healthy/c7a532ff-1b42-4a36-8207-646f8d71d994___RS_HL 0202.jpg,tomato_healthy,10,val,plantvillage,tomato_healthy:243
val/tomato_healthy/cf021ef4-2bde-4984-8604-c813cb195fe4___RS_HL 0490.jpg,tomato_healthy,10,val,plantvillage,tomato_healthy:252
val/tomato_healthy/d030352a-d87f-4ee2-a619-bc68d9896004___GH_HL Leaf 197.jpg,tomato_healthy,10,val,plantvillage,tomato_healthy:253
val/tomato_healthy/d0d0643e-c7f1-4cf3-8399-cfd8a73d1af3___RS_HL 9650.jpg,tomato_healthy,10,val,plantvillage,tomato_healthy:255
val/tomato_healthy/e70e9a4c-481d-4c9c-8130-aff356057803___RS_HL 9661.jpg,tomato_healthy,10,val,plantvillage,tomato_healthy:290
val/tomato_healthy/fae1be6a-cac5-481b-96ab-4a4abae39af5___RS_HL 0227.jpg,tomato_healthy,10,val,plantvillage,tomato_healthy:311
val/tomato_healthy/fd31ab37-d2af-40c8-9292-e143807ec0f2___RS_HL 0507.jpg,tomato_healthy,10,val,plantvillage,tomato_healthy:315
val/tomato_healthy/fe0e2d7f-3aee-4c36-8fe1-661b4eacc994___GH_HL Leaf 507.1.jpg,tomato_healthy,10,val,plantvillage,tomato_healthy:316
val/tomato_late_blight/021a9808-21f7-464a-8df2-2eda5ed98eda___RS_Late.B 5356.jpg,tomato_late_blight,11,val,plantvillage,tomato_late_blight:1
val/tomato_late_blight/0a3f65fc-ef1c-4aed-b235-46bae4e5c0e7___GHLB2 Leaf 9065.jpg,tomato_late_blight,11,val,plantvillage,tomato_late_blight:18
val/tomato_late_blight/0cc44f97-c421-4824-92a9-c9a18b005d1d___GHLB2 Leaf 8540.jpg,tomato_late_blight,11,val,plantvillage,tomato_late_blight:25
val/tomato_late_blight/123c4b62-8641-4d88-b8cd-1c2e24a6c3a5___GHLB_PS Leaf 26.2 Day 13.jpg,tomato_late_blight,11,val,plantvillage,tomato_late_blight:30
val/tomato_late_blight/189f8e47-0892-4c82-b0b9-7a51b6c83a04___RS_Late.B 7193.jpg,tomato_late_blight,11,val,plantvillage,tomato_late_blight:40
val/tomato_late_blight/1aa4ebf9-7329-4108-94f6-8b6e9592d690___GHLB2 Leaf 98.1.jpg,tomato_late_blight,11,val,plantvillage,tomato_late_blight:43
val/tomato_late_blight/1b36d656-ee17-43a1-8f47-0d163c69f754___RS_Late.B 5605.jpg,tomato_late_blight,11,val,plantvillage,tomato_late_blight:45
val/tomato_late_blight/1d83eef4-92a0-42a2-9ea7-1ec2e683dbc0___GHLB2 Leaf 8809.jpg,tomato_late_blight,11,val,plantvillage,tomato_late_blight:49
val/tomato_late_blight/1e0c01b6-5d75-47ea-b455-c9508882424a___RS_Late.B 6886.jpg,tomato_late_blight,11,val,plantvillage,tomato_late_blight:51
val/tomato_late_blight/1f2dc4ae-5264-443a-a103-67fafb37bc70___GHLB_PS Leaf 26.1 Day 16.jpg,tomato_late_blight,11,val,plantvillage,tomato_late_blight:52
val/tomato_late_blight/2018ff03-69eb-437f-96e2-f51801042c32___RS_Late.B 6157.jpg,tomato_late_blight,11,val,plantvillage,tomato_late_blight:53
val/tomato_late_blight/21a4f74f-08cb-44b8-9e40-3ff5a9c8a9da___GHLB Leaf 8.2 Day 7.jpg,tomato_late_blight,11,val,plantvillage,tomato_late_blight:55
val/tomato_late_blight/3d9cca85-96cf-4186-b863-933bbbbc8075___GHLB2 Leaf 117.4.jpg,tomato_late_blight,11,val,plantvillage,tomato_late_blight:85
val/tomato_late_blight/3de67462-9ae4-455d-8d0d-a625c92c7120___RS_Late.B 5148.jpg,tomato_late_blight,11,val,plantvillage,tomato_late_blight:87
val/tomato_late_blight/3e01dcb7-e660-4403-861a-59a44d572565___GHLB Leaf 2 Day 7.jpg,tomato_late_blight,11,val,plantvillage,tomato_late_blight:88
val/tomato_late_blight/449c9233-a3bb-4743-874b-f5d092d652b9___GHLB2 Leaf 8975.jpg,tomato_late_blight,11,val,plantvillage,tomato_late_blight:96
val/tomato_late_blight/49d0531e-3d55-47b6-a4ed-2d87bd23bbcf___RS_Late.B 5457.jpg,tomato_late_blight,11,val,plantvillage,tomato_late_blight:109
val/tomato_late_blight/4f4ae955-8ed2-4eae-b013-bc26ae5e91b0___GHLB2 Leaf 91.jpg,tomato_late_blight,11,val,plantvillage,tomato_late_blight:114
val/tomato_late_blight/4f52cae6-d6f1-4557-987a-eb9318dc574f___RS_Late.B 6439.jpg,tomato_late_blight,11,val,plantvillage,tomato_late_blight:115
val/tomato_late_blight/50dd04a3-18a8-4a34-bbba-5e6f851742f5___RS_Late.B 6141.jpg,tomato_late_blight,11,val,plantvillage,tomato_late_blight:117
val/tomato_late_blight/534d2c9b-34ad-4786-b2dd-fd73c8e4d005___GHLB2 Leaf 8852.jpg,tomato_late_blight,11,val,plantvillage,tomato_late_blight:123
val/tomato_late_blight/57b4f2ba-3537-4505-8d7c-e5a3ae7511d9___RS_Late.B 5122.jpg,tomato_late_blight,11,val,plantvillage,tomato_late_blight:132
val/tomato_late_blight/5e590575-5588-422f-96a7-5e8c920fc7e2___GHLB2 Leaf 8671.jpg,tomato_late_blight,11,val,plantvillage,tomato_late_blight:137
val/tomato_late_blight/62474b8c-4625-4d73-ab6a-5e1d328a9cd4___GHLB2 Leaf 9038.jpg,tomato_late_blight,11,val,plantvillage,tomato_late_blight:145
val/tomato_late_blight/69c6df3c-ce76-4bac-a4be-d3efee364c10___GHLB2 Leaf 8929.jpg,tomato_late_blight,11,val,plantvillage,tomato_late_blight:156
val/tomato_late_blight/6edd59f3-d87c-4583-a931-0f32a2748a79___RS_Late.B 4922.jpg,tomato_late_blight,11,val,plantvillage,tomato_late_blight:163
val/tomato_late_blight/72b670f0-6553-41bd-a619-e4bead34917e___GHLB2 Leaf 109.jpg,tomato_late_blight,11,val,plantvillage,tomato_late_blight:169
val/tomato_late_blight/7525f169-671f-4ec6-95f2-5bb54b6fd14d___GHLB Leaf 2.4 Day 13.jpg,tomato_late_blight,11,val,plantvillage,tomato_late_blight:172
val/tomato_late_blight/7c8a16a8-97a1-4461-9f72-b36e6676fd99___RS_Late.B 4863.jpg,tomato_late_blight,11,val,plantvillage,tomato_late_blight:179
val/tomato_late_blight/7e5386fc-de1d-4507-acb6-e0d0da3a35da___RS_Late.B 4900.jpg,tomato_late_blight,11,val,plantvillage,tomato_late_blight:183
val/tomato_late_blight/8130621c-8ff8-4fd9-bd54-765491adc31f___GHLB2 Leaf 8822.jpg,tomato_late_blight,11,val,plantvillage,tomato_late_blight:191
val/tomato_late_blight/8b3de207-e6ff-4ac5-8480-f6230bd6b385___RS_Late.B 6506.jpg,tomato_late_blight,11,val,plantvillage,tomato_late_blight:199
val/tomato_late_blight/95ced5b1-cefb-4f18-ba79-d7e2cc32c3a3___RS_Late.B 4901.jpg,tomato_late_blight,11,val,plantvillage,tomato_late_blight:214
val/tomato_late_blight/9768e99b-26dd-4295-bac6-a374dc1360be___RS_Late.B 6569.jpg,tomato_late_blight,11,val,plantvillage,tomato_late_blight:216
val/tomato_late_blight/97cb14c0-e0e6-4acb-b387-583e12cdc859___RS_Late.B 4860.jpg,tomato_late_blight,11,val,plantvillage,tomato_late_blight:218
val/tomato_late_blight/98f98ff0-04fc-4c8d-ae01-baf0e9a25572___GHLB Leaf 8.1 Day 6.jpg,tomato_late_blight,11,val,plantvillage,tomato_late_blight:220
val/tomato_late_blight/a4c94aed-b771-4e61-bbd6-dab1e94a3a47___GHLB2 Leaf 8928.jpg,tomato_late_blight,11,val,plantvillage,tomato_late_blight:233
val/tomato_late_blight/a4e72582-b214-412a-a3ae-5a75da76973f___RS_Late.B 6884.jpg,tomato_late_blight,11,val,plantvillage,tomato_late_blight:235
val/tomato_late_blight/a5d04e98-7eb0-487a-a000-34455226557f___RS_Late.B 6800.jpg,tomato_late_blight,11,val,plantvillage,tomato_late_blight:238
val/tomato_late_blight/a5fe1111-38b0-4206-9ac7-3eec701beb79___GHLB2 Leaf 8868.jpg,tomato_late_blight,11,val,plantvillage,tomato_late_blight:240
val/tomato_late_blight/a63289bd-bdf3-4092-a460-2fa5138379be___RS_Late.B 7049.jpg,tomato_late_blight,11,val,plantvillage,tomato_late_blight:242
val/tomato_late_blight/ad21ff2c-af70-45c3-9971-c52283394742___GHLB2 Leaf 8596.jpg,tomato_late_blight,11,val,plantvillage,tomato_late_blight:254
val/tomato_late_blight/b47f267d-7a17-4e4e-935e-4e6c0d7fd4f9___RS_Late.B 6146.jpg,tomato_late_blight,11,val,plantvillage,tomato_late_blight:262
val/tomato_late_blight/ba98d073-d05a-4dfd-ae35-3f1fda2c3110___RS_Late.B 4843.jpg,tomato_late_blight,11,val,plantvillage,tomato_late_blight:276
val/tomato_late_blight/bc99db20-93a1-4a18-b268-339be33c0c63___GHLB2 Leaf 9024.jpg,tomato_late_blight,11,val,plantvillage,tomato_late_blight:278
val/tomato_late_blight/c49f101c-9495-4a82-aabe-5f3adb220ef0___RS_Late.B 6597.jpg,tomato_late_blight,11,val,plantvillage,tomato_late_blight:288
val/tomato_late_blight/c5b2af5b-c27f-4ed3-83e5-e2bfe096f024___RS_Late.B 6918.jpg,tomato_late_blight,11,val,plantvillage,tomato_late_blight:293
val/tomato_late_blight/cd042eac-79ff-4b4c-a561-b24bc69f9215___RS_Late.B 6486.jpg,tomato_late_blight,11,val,plantvillage,tomato_late_blight:304
val/tomato_late_blight/ce70ced2-e8db-4eaf-9d4c-ae482126085f___RS_Late.B 6043.jpg,tomato_late_blight,11,val,plantvillage,tomato_late_blight:309
val/tomato_late_blight/d373ae28-23fa-48ac-9745-7b9f405698d5___RS_Late.B 5391.jpg,tomato_late_blight,11,val,plantvillage,tomato_late_blight:319
val/tomato_late_blight/dfec08ce-f3c8-4b55-a3c0-2d8f88d4aae5___RS_Late.B 6324.jpg,tomato_late_blight,11,val,plantvillage,tomato_late_blight:338
val/tomato_late_blight/e14dc5d0-5671-43e0-9d32-a8331c9455a4___RS_Late.B 6123.jpg,tomato_late_blight,11,val,plantvillage,tomato_late_blight:340
val/tomato_late_blight/ed6a8fb9-9fa8-4d3d-a727-676ec58d147a___RS_Late.B 7036.jpg,tomato_late_blight,11,val,plantvillage,tomato_late_blight:353
val/tomato_late_blight/ee90e57e-7289-4dcd-af6f-a585d97628b7___RS_Late.B 7040.jpg,tomato_late_blight,11,val,plantvillage,tomato_late_blight:357
val/tomato_late_blight/f4ab4184-4d1b-4b06-83bd-6324281c8588___GHLB2 Leaf 8751.jpg,tomato_late_blight,11,val,plantvillage,tomato_late_blight:364
val/tomato_late_blight/fb584346-7e1d-46d6-ae0b-365b6ccad7ce___GHLB2 Leaf 8981.jpg,tomato_late_blight,11,val,plantvillage,tomato_late_blight:373
val/tomato_late_blight/fe20bf11-9be6-480c-8c99-b7b391ac9653___GHLB_PS Leaf 44.2 Day 18.jpg,tomato_late_blight,11,val,plantvillage,tomato_late_blight:379
